Date,Description,Amount,Schedule C Category
01-04-21,Deposit,3846.25,Business Income
01-04-21,IB INTERNET TRANSFER FROM ACCOUNT *8069,175,Account Transfers
01-04-21,ATM Withdrawal 1226 S. BROADWAY SULPHUR SPRI NT #4349,-203,Owners Draw
01-04-21,ATM Withdrawal US HWY 271 SOUTH GRANT O #4349,-1004.25,Owners Draw
01-04-21,ATM Withdrawal US HWY 271 SOUTH GRANT O #4349,-1004.25,Owners Draw
01-04-21,ATM Withdrawal 919 GILMER ST SULPHUR SPRI NT #0759,-200,Owners Draw
01-04-21,Debit Card SUPER HANDY SULPHUR SPRI NT #4349,-15.74,Business Supplies
01-04-21,Debit Card JOES FAST LANE SULPHUR SPRI NT #4349,-32.03,Vehicle Expenses:Fuel
01-04-21,Debit Card JOES FAST LANE SULPHUR SPRI NT #4349,-15.8,Vehicle Expenses:Fuel
01-04-21,Debit Card JOES FAST LANE SULPHUR SPRI NT #4349,-13.66,Vehicle Expenses:Fuel
01-04-21,Debit Card TACO BELL 009540 SULPHUR SPRI NT #4349,-45.96,Meals
01-04-21,Debit Card MCDONALD'S F6509 SULPHUR SPGS T #0759,-5.82,Meals
01-04-21,Debit Card SQ *JJMEATMARKET Sulphur Spri nT #4349,-107.66,Meals
01-04-21,Debit Card DAIRY QUEEN #146 SULPHUR SPRI NT #4349,-11.25,Meals
01-04-21,Debit Card NAPA SULPHUR SPR SULPHUR SPRI NT #4349,-83.88,COGS:Materials & Supplies
01-04-21,Debit Card NAPA SULPHUR SPR SULPHUR SPRI NT #4349,-45.01,COGS:Materials & Supplies
01-04-21,Debit Card CHILI'S SULPHUR SULPHUR SPRI NT #4349,-51.02,Meals
01-04-21,Debit Card NAPA SULPHUR SPR SULPHUR SPRI NT #4349,-25.34,COGS:Materials & Supplies
01-04-21,Debit Card MCDONALD'S F6509 SULPHUR SPGS T #0759,-25.27,Meals
01-04-21,Debit Card MCDONALD'S F6509 SULPHUR SPGS T #0759,-5.82,Meals
01-04-21,Debit Card MCDONALD'S F6509 SULPHUR SPGS T #0759,-5.82,Meals
01-04-21,Debit Card ERIC JONES SNAP 903-717-0020 T #4349,-300,Owners Draw
01-04-21,Debit Card EXXONMOBIL 47 SULPHUR SPRI NT #4349,-34.54,Vehicle Expenses:Fuel
01-04-21,Debit Card MCDONALD'S F6509 SULPHUR SPGS T #4349,-5.82,Meals
01-04-21,Debit Card AMAZON.COM*TB5B7 SEATTLE W #4349,-41.09,Business Supplies
01-04-21,Debit Card MCDONALD'S F6509 SULPHUR SPGS T #0759,-5.82,Meals
01-04-21,Debit Card WM SUPERCENTER # SULPHUR SPRI NT #4349,-15.41,Business Supplies
01-04-21,Debit Card MCDONALD'S F6509 SULPHUR SPGS T #4349,-15.33,Meals
01-04-21,Debit Card PANDA EXPRESS #2 SULPHUR SPRI NT #0759,-11.93,Meals
01-04-21,Debit Card MCDONALD'S F6509 SULPHUR SPGS T #0759,-5.82,Meals
01-04-21,Debit RCR MAC TOOLS - GILM 309-922-9237 T #4349,-200,COGS:Materials & Supplies
01-04-21,Cash Roundup Transfer,-10.16,Miscellaneous Expenses
01-04-21,Check 3303,-500,Paid Checks
01-04-21,Check 3304,-900,Paid Checks
01-05-21,ACH Square Inc 210105 P2,493.71,Business Income
01-05-21,Debit Card SUPER HANDY 7 SULPHUR SPRI NT #4349,-14.62,Business Supplies
01-05-21,Debit Card TIERRA DEL SOL SULPHUR SPRI NT #4349,-33.23,Meals
01-05-21,Debit Card GT TOOLS - MATCO PARIS T #4349,-50,COGS:Materials & Supplies
01-05-21,Debit Card MCDONALD'S F6509 SULPHUR SPGS T #0759,-5.82,Meals
01-05-21,Debit Card MCDONALD'S F6509 SULPHUR SPGS T #0759,-8.41,Meals
01-05-21,Withdrawal,-600,Owners Draw
01-05-21,Cash Roundup Transfer,-1.92,Miscellaneous Expenses
01-05-21,Check 3301,-1050,Paid Checks
01-05-21,Check 3302,-750,Paid Checks
01-06-21,ACH Square Inc 210106 P2,459.72,Business Income
01-06-21,Debit Card BROOKSHIR 809 GI SULPHUR SPRI NT #4349,-33.99,Business Supplies
01-06-21,Debit Card SUPER HANDY SULPHUR SPRI NT #4349,-22.17,Business Supplies
01-06-21,Debit Card JOE BOBS #2 SULPHUR SPRI NT #4349,-34.91,Vehicle Expenses:Fuel
01-06-21,Debit Card JOES FAST LANE SULPHUR SPRI NT #4349,-15.43,Vehicle Expenses:Fuel
01-06-21,Debit Card CHICK-FIL-A #041 SULPHUR SPRI NT #4349,-26.07,Meals
01-06-21,Debit Card NAPA SULPHUR SPR SULPHUR SPRI NT #4349,-28.03,COGS:Materials & Supplies
01-06-21,Debit Card NAPA SULPHUR SPR SULPHUR SPRI NT #4349,-14.14,COGS:Materials & Supplies
01-06-21,Debit Card NAPA SULPHUR SPR SULPHUR SPRI NT #4349,-46.54,COGS:Materials & Supplies
01-06-21,Debit Card WHATABURGER 773 SULPHUR SPRI NT #0759,-13.03,Meals
01-06-21,Debit Card MCDONALD'S F6509 SULPHUR SPGS T #0759,-5.82,Meals
01-06-21,ACH AM INCOME LIFE INS.PREM 800-433-3405,-69.42,Owners Draw
01-06-21,ACH AM INCOME LIFE INS.PREM 800-433-3405,-22.98,Owners Draw
01-06-21,Cash Roundup Transfer,-5.87,Miscellaneous Expenses
01-06-21,Check 3306,-250,Paid Checks
01-07-21,Deposit,1867.46,Business Income
01-07-21,ACH Square Inc 210107 P2,1194.07,Business Income
01-07-21,Debit Card SHELL SERVICE S SULPHUR SPRI NT #4349,-14.68,Vehicle Expenses:Fuel
01-07-21,Debit Card INSTACART SAN FRANCISC OC #4349,-205.03,Owners Draw
01-07-21,Debit Card MCDONALD'S F6509 SULPHUR SPGS T #0759,-5.82,Meals
01-07-21,Cash Roundup Transfer,-1.47,Miscellaneous Expenses
01-07-21,Check 2932,-325,Paid Checks
01-08-21,Deposit,5270,Business Income
01-08-21,Deposit,300,Business Income
01-08-21,Transfer Deposit Loan proceeds,3000,Business Income
01-08-21,ACH Square Inc 210108 P2,224.75,Business Income
01-08-21,Debit Card JOES FAST LANE SULPHUR SPRI NT #4349,-15.43,Vehicle Expenses:Fuel
01-08-21,Debit Card JOES FAST LANE SULPHUR SPRI NT #4349,-8.16,Vehicle Expenses:Fuel
01-08-21,Debit Card SUPER HANDY 7 SULPHUR SPRI NT #4349,-6.79,Business Supplies
01-08-21,Debit Card PRICE INTERNATIO 903-5979363 T #4349,-34.05,COGS:Materials & Supplies
01-08-21,Debit Card NAPA SULPHUR SPR SULPHUR SPRI NT #4349,-75,COGS:Materials & Supplies
01-08-21,Debit Card NAPA SULPHUR SPR SULPHUR SPRI NT #4349,-187.78,COGS:Materials & Supplies
01-08-21,Debit Card WHATABURGER 773 SULPHUR SPRI NT #0759,-3.05,Meals
01-08-21,Debit Card Prime Video*SV96 888-802-3080 W #4349,-14.06,Owners Draw
01-08-21,Debit Card Guaranty Pay Gua Mount Pleasa nT #4349,-100,Owners Draw
01-08-21,Debit Card MCDONALD'S F6509 SULPHUR SPGS T #0759,-5.82,Meals
01-08-21,Debit RCR AT&T*BILL PAYMEN 8003310500 T #4349,-1340.81,Utilities:Phone
01-08-21,Cash Roundup Transfer,-5.05,Miscellaneous Expenses
01-11-21,ACH Square Inc 210111 P2,715.53,Business Income
01-11-21,Debit RCR Rev AT&T*BILL PAYMEN 8003310500 T #4349,1340.81,Uncategorized
01-11-21,ATM Withdrawal 919 GILMER ST SULPHUR SPRI NT #4349,-320,Owners Draw
01-11-21,Debit Card JOES FAST LANE SULPHUR SPRI NT #4349,-10.42,Vehicle Expenses:Fuel
01-11-21,Debit Card Wal-Mart Super C SULPHUR SPRI NT #4349,-173.2,Business Supplies
01-11-21,Debit Card BROOKSHIR 809 GI SULPHUR SPRI NT #4349,-3.29,Business Supplies
01-11-21,Debit Card WAL-MART #0417 SULPHUR SPRI NT #4349,-502.01,Business Supplies
01-11-21,Debit Card SUPER HANDY SULPHUR SPRI NT #0759,-7.85,Business Supplies
01-11-21,Debit Card SUPER HANDY 7 SULPHUR SPRI NT #4349,-8.16,Business Supplies
01-11-21,Debit Card E-Z MART 4282 SULPHUR SPRI NT #4349,-15.66,Vehicle Expenses:Fuel
01-11-21,Debit Card BODACIOUS BBQ SULPHUR SPRI NT #4349,-9.85,Meals
01-11-21,Debit Card CHICK-FIL-A #041 SULPHUR SPRI NT #4349,-57.68,Meals
01-11-21,Debit Card COLLEGE PAY AMARILLO T #4349,-25,Owners Draw
01-11-21,Debit Card COLLEGE PAY AMARILLO T #4349,-513.75,Owners Draw
01-11-21,Debit Card COLLEGE PAY AMARILLO T #4349,-12.59,Owners Draw
01-11-21,Debit Card MCDONALD'S F6509 SULPHUR SPGS T #4349,-15.2,Meals
01-11-21,Debit Card NAPA SULPHUR SPR SULPHUR SPRI NT #4349,-45.23,COGS:Materials & Supplies
01-11-21,Debit Card ERIC JONES SNAP 903-717-0020 T #4349,-200,Owners Draw
01-11-21,Debit Card Prime Video*N45D 888-802-3080 W #4349,-15.14,Owners Draw
01-11-21,Debit Card Subway 38111 Sulphur Spri nT #4349,-3.66,Meals
01-11-21,Debit Card Subway 38111 Sulphur Spri nT #4349,-2.15,Meals
01-11-21,Debit Card Subway 38111 Sulphur Spri nT #4349,-3.66,Meals
01-11-21,Debit Card MCDONALD'S F6509 SULPHUR SPGS T #4349,-9.71,Meals
01-11-21,Debit Card MCDONALD'S F6509 SULPHUR SPGS T #4349,-5.82,Meals
01-11-21,Debit Card MCDONALD'S F6509 SULPHUR SPGS T #4349,-5.82,Meals
01-11-21,Debit RCR HLU*HULU 1339504 HULU.COM/BIL LC #4349,-2.2,Owners Draw
01-11-21,IB INTERNET TRANSFER TO ACCOUNT *0851,-350,Account Transfers
01-11-21,IB INTERNET TRANSFER TO ACCOUNT *9922,-450,Account Transfers
01-11-21,Withdrawal,-700,Owners Draw
01-11-21,ACH CAPITAL ONE MOBILE PMT,-150,Owners Draw
01-11-21,Cash Roundup Transfer,-10.95,Miscellaneous Expenses
01-11-21,Check 2933,-20,Paid Checks
01-11-21,Check 3177,-3300,Paid Checks
01-11-21,Check 3178,-500,Paid Checks
01-11-21,Check 3179,-900,Paid Checks
01-11-21,Check 3307,-40,Paid Checks
01-12-21,ACH Square Inc 210112 P2,606.57,Business Income
01-12-21,Debit Card E-Z MART #4035 SULPHUR SPRI T #0759,-7.57,Vehicle Expenses:Fuel
01-12-21,Debit Card JOES FAST LANE SULPHUR SPRI NT #4349,-20.6,Vehicle Expenses:Fuel
01-12-21,Debit Card LIBERTY POWER HO 866-7693799 F #4349,-98.65,Utilities:Electricity
01-12-21,Debit Card FIX & FEED SULPH SULPHUR SPRI NT #4349,-20.26,Business Supplies
01-12-21,Debit Card GT TOOLS - MATCO PARIS T #4349,-124.03,COGS:Materials & Supplies
01-12-21,Debit Card GT TOOLS - MATCO PARIS T #4349,-50,COGS:Materials & Supplies
01-12-21,Debit Card MCDONALD'S F6509 SULPHUR SPGS T #4349,-22.88,Meals
01-12-21,Debit Card MCDONALD'S F6509 SULPHUR SPGS T #0759,-5.82,Meals
01-12-21,Debit Card MCDONALD'S F6509 SULPHUR SPGS T #0759,-8.41,Meals
01-12-21,Debit RCR NETFLIX.COM NETFLIX.COM C #4349,-19.2,Owners Draw
01-12-21,Debit RCR Amazon Prime*1H3 Amzn.com/bil lW #4349,-14.06,Owners Draw
01-12-21,ACH LTG TEXARKANA T PURCHASE TELECHK 800-697-926 CK 3176,-374.93,Repairs & Maintenance:Equipment
01-12-21,ACH ENGIE RESOURCES 9033486408,-246.4,Utilities:Gas
01-12-21,Cash Roundup Transfer,-5.52,Miscellaneous Expenses
01-13-21,Debit Card Rev PRICE INTERNATIO 903-5979363 T #4349,412.5,Uncategorized
01-13-21,ATM Withdrawal 919 GILMER ST SULPHUR SPRI NT #0759,-40,Owners Draw
01-13-21,Debit Card SUPER HANDY 7 SULPHUR SPRI NT #4349,-34.12,Business Supplies
01-13-21,Debit Card SUPER HANDY 7 SULPHUR SPRI NT #4349,-5.41,Business Supplies
01-13-21,Debit Card BODACIOUS BBQ SULPHUR SPRI NT #4349,-17.81,Meals
01-13-21,Debit Card PAYPAL *NURSEHUB 4029357733 C #4349,-23.25,Contract Labor
01-13-21,Debit Card NAPA SULPHUR SPR SULPHUR SPRI NT #4349,-167.81,COGS:Materials & Supplies
01-13-21,Debit Card WHATABURGER 773 SULPHUR SPRI NT #4349,-8.88,Meals
01-13-21,Debit Card AMERICAN HEART S 8882428883 T #0759,-31,Owners Draw
01-13-21,Debit Card CHEGG ORDER 8558681054 C #0759,-441.63,Owners Draw
01-13-21,Debit Card MCDONALD'S F6509 SULPHUR SPGS T #0759,-5.82,Meals
01-13-21,Debit RCR APPLE.COM/BILL 866-712-7753 C #4349,-35.65,Owners Draw
01-13-21,Debit RCR APPLE.COM/BILL 866-712-7753 C #4349,-10.81,Owners Draw
01-13-21,ACH ATMOS ENERGY SGL UTIL PYMT,-263.96,Utilities:Gas
01-13-21,Cash Roundup Transfer,-3.81,Miscellaneous Expenses
01-13-21,Check 3180,-1050,Paid Checks
01-13-21,Check 3181,-750,Paid Checks
01-13-21,Check 3182,-250,Paid Checks
01-14-21,Deposit,500,Business Income
01-14-21,ACH Square Inc 210114 P2,458.53,Business Income
01-14-21,ATM Withdrawal 919 GILMER ST SULPHUR SPRI NT #0759,-200,Owners Draw
01-14-21,Debit Card SUPER HANDY SULPHUR SPRI NT #4349,-13.3,Business Supplies
01-14-21,Debit Card SUPER HANDY SULPHUR SPRI NT #4349,-2.15,Business Supplies
01-14-21,Debit Card ATWOOD SULPHUR S SULPHUR SPRI NT #4349,-119.05,COGS:Materials & Supplies
01-14-21,Debit Card PARIS JUNIOR COL PARIS T #0759,-5,Owners Draw
01-14-21,Debit Card TIERRA DEL SOL SULPHUR SPRI NT #4349,-45.25,Meals
01-14-21,Debit Card LTG TEXARKANA TR NASH T #4349,-49.99,Repairs & Maintenance:Equipment
01-14-21,Debit Card FIX & FEED SULPH SULPHUR SPRI NT #4349,-30.3,Business Supplies
01-14-21,Debit Card NAPA SULPHUR SPR SULPHUR SPRI NT #4349,-10.29,COGS:Materials & Supplies
01-14-21,Debit Card NAPA SULPHUR SPR SULPHUR SPRI NT #4349,-30.23,COGS:Materials & Supplies
01-14-21,Debit Card NAPA SULPHUR SPR SULPHUR SPRI NT #4349,-209.85,COGS:Materials & Supplies
01-14-21,Debit Card SQ *TEXAS TEN ST Saltillo T #4349,-100,Meals
01-14-21,Debit Card EXXONMOBIL 45 SULPHUR SPRI NT #4349,-8.16,Vehicle Expenses:Fuel
01-14-21,Debit Card MCDONALD'S F6509 SULPHUR SPGS T #0759,-5.82,Meals
01-14-21,Debit Card MCDONALD'S F6509 SULPHUR SPGS T #0759,-13.06,Meals
01-14-21,Cash Roundup Transfer,-7.55,Miscellaneous Expenses
01-15-21,Deposit,5438.75,Business Income
01-15-21,ACH Square Inc 210115 P2,172.85,Business Income
01-15-21,Debit Card BROOKSHIR 809 GI SULPHUR SPRI NT #4349,-44.58,Business Supplies
01-15-21,Debit Card JOES FAST LANE SULPHUR SPRI NT #4349,-17.58,Vehicle Expenses:Fuel
01-15-21,Debit Card SUPER HANDY 7 SULPHUR SPRI NT #4349,-3.77,Business Supplies
01-15-21,Debit Card CHICK-FIL-A #041 SULPHUR SPRI NT #4349,-8.87,Meals
01-15-21,Debit Card WHATABURGER 773 SULPHUR SPRI NT #0759,-10.03,Meals
01-15-21,Debit Card BURGER KING #406 SULPHUR SPRI NT #0759,-6.81,Meals
01-15-21,Debit Card NAPA SULPHUR SPR SULPHUR SPRI NT #4349,-24.2,COGS:Materials & Supplies
01-15-21,Debit Card NAPA SULPHUR SPR SULPHUR SPRI NT #4349,-15.74,COGS:Materials & Supplies
01-15-21,Debit Card NAPA SULPHUR SPR SULPHUR SPRI NT #4349,-24.14,COGS:Materials & Supplies
01-15-21,Debit Card NAPA SULPHUR SPR SULPHUR SPRI NT #4349,-34.68,COGS:Materials & Supplies
01-15-21,Debit Card MCDONALD'S F6509 SULPHUR SPGS T #4349,-2.91,Meals
01-15-21,Debit Card MCDONALD'S F6509 SULPHUR SPGS T #4349,-5.82,Meals
01-15-21,Cash Roundup Transfer,-4.87,Miscellaneous Expenses
01-19-21,Deposit,400,Business Income
01-19-21,Deposit,1304.23,Business Income
01-19-21,ACH Square Inc 210118 P2,176.74,Business Income
01-19-21,ACH Square Inc 210119 P2,518.66,Business Income
01-19-21,Debit Card Rev NAPA SULPHUR SPR SULPHUR SPRI NT #4349,1.94,COGS:Materials & Supplies
01-19-21,Debit Card JOES FAST LANE SULPHUR SPRI NT #4349,-8.16,Vehicle Expenses:Fuel
01-19-21,Debit Card SUPER HANDY 7 SULPHUR SPRI NT #4349,-3.33,Business Supplies
01-19-21,Debit Card SUPER HANDY SULPHUR SPRI NT #4349,-16.01,Business Supplies
01-19-21,Debit Card JOES FAST LANE SULPHUR SPRI NT #4349,-12.14,Vehicle Expenses:Fuel
01-19-21,Debit Card SUPER HANDY SULPHUR SPRI NT #4349,-10.32,Business Supplies
01-19-21,Debit Card SUPER HANDY SULPHUR SPRI NT #4349,-7.85,Business Supplies
01-19-21,Debit Card O'REILLY AUTO PA SULPHUR SPRI NT #4349,-12.39,COGS:Materials & Supplies
01-19-21,Debit Card JOES FAST LANE SULPHUR SPRI NT #4349,-16.01,Vehicle Expenses:Fuel
01-19-21,Debit Card WM SUPERCENTER # SULPHUR SPRI NT #0759,-155.16,Business Supplies
01-19-21,Debit Card TACO BELL 009540 SULPHUR SPRI NT #4349,-45.82,Meals
01-19-21,Debit Card THE CMI GROUP PLANO T #0759,-39.96,Business Insurance
01-19-21,Debit Card TACO BELL 009540 SULPHUR SPRI NT #4349,-10.99,Meals
01-19-21,Debit Card MAX MART 3 SULPHUR SPRI NT #4349,-12.66,Business Supplies
01-19-21,Debit Card NAPA SULPHUR SPR SULPHUR SPRI NT #4349,-302.22,COGS:Materials & Supplies
01-19-21,Debit Card NAPA SULPHUR SPR SULPHUR SPRI NT #4349,-19.14,COGS:Materials & Supplies
01-19-21,Debit Card GT TOOLS - MATCO PARIS T #4349,-46.59,COGS:Materials & Supplies
01-19-21,Debit Card NAPA SULPHUR SPR SULPHUR SPRI NT #4349,-72.67,COGS:Materials & Supplies
01-19-21,Debit Card NAPA SULPHUR SPR SULPHUR SPRI NT #4349,-6.96,COGS:Materials & Supplies
01-19-21,Debit Card WHATABURGER 773 SULPHUR SPRI NT #4349,-38.75,Meals
01-19-21,Debit Card NAPA SULPHUR SPR SULPHUR SPRI NT #4349,-19.12,COGS:Materials & Supplies
01-19-21,Debit Card NAPA SULPHUR SPR SULPHUR SPRI NT #4349,-51.95,COGS:Materials & Supplies
01-19-21,Debit Card MCDONALD'S F6509 SULPHUR SPGS T #4349,-5.82,Meals
01-19-21,Debit Card WHATABURGER 773 SULPHUR SPRI NT #4349,-8.88,Meals
01-19-21,Debit Card Prime Video*8L2O 888-802-3080 W #4349,-9.73,Owners Draw
01-19-21,Debit Card Guaranty Pay Gua Mount Pleasa nT #4349,-30,Owners Draw
01-19-21,Debit Card CHICK-FIL-A #041 SULPHUR SPRI NT #4349,-25.46,Meals
01-19-21,Debit Card ERIC JONES SNAP 903-717-0020 T #4349,-200,Owners Draw
01-19-21,Debit Card PAYPAL *WHATABUR 4029357733 T #4349,-30.17,Meals
01-19-21,Debit Card NAPA SULPHUR SPR SULPHUR SPRI NT #4349,-12.5,COGS:Materials & Supplies
01-19-21,Debit Card EXXONMOBIL 45 SULPHUR SPRI NT #4349,-7.85,Vehicle Expenses:Fuel
01-19-21,Debit Card MCDONALD'S F6509 SULPHUR SPGS T #0759,-13.39,Meals
01-19-21,Debit Card MCDONALD'S F6509 SULPHUR SPGS T #4349,-23.97,Meals
01-19-21,Debit Card MCDONALD'S F6509 SULPHUR SPGS T #4349,-35.46,Meals
01-19-21,Debit Card MCDONALD'S F6509 SULPHUR SPGS T #4349,-5.82,Meals
01-19-21,Debit RCR Subway 12013 9038857990 T #4349,-25.9,Meals
01-19-21,Debit RCR HLU*HULU 1339504 HULU.COM/BIL LC #4349,-80.08,Owners Draw
01-19-21,Debit RCR APPLE.COM/BILL 866-712-7753 C #4349,-17.31,Owners Draw
01-19-21,Debit RCR APPLE.COM/BILL 866-712-7753 C #4349,-2.99,Owners Draw
01-19-21,Withdrawal,-1100,Owners Draw
01-19-21,ACH LTG TEXARKANA T PURCHASE TELECHK 800-697-926 CK 3183,-685.9,Repairs & Maintenance:Equipment
01-19-21,Cash Roundup Transfer,-16.47,Miscellaneous Expenses
01-19-21,Check 3184,-23.9,Paid Checks
01-19-21,Check 3186,-348.28,Paid Checks
01-19-21,Check 3188,-900,Paid Checks
01-19-21,Check 3189,-500,Paid Checks
01-20-21,Deposit,2150,Business Income
01-20-21,Debit Card Rev INSTACART SAN FRANCISC OC #4349,4.25,Uncategorized
01-20-21,Debit Card JOES FAST LANE SULPHUR SPRI NT #4349,-16.01,Vehicle Expenses:Fuel
01-20-21,Debit Card BROOKSHIR 809 GI SULPHUR SPRI NT #4349,-13.58,Business Supplies
01-20-21,Debit Card WAL-MART #0417 SULPHUR SPRI NT #4349,-82.49,Business Supplies
01-20-21,Debit Card NAPA SULPHUR SPR SULPHUR SPRI NT #4349,-118.99,COGS:Materials & Supplies
01-20-21,Debit Card NAPA SULPHUR SPR SULPHUR SPRI NT #4349,-38,COGS:Materials & Supplies
01-20-21,Debit Card NAPA SULPHUR SPR SULPHUR SPRI NT #4349,-54.79,COGS:Materials & Supplies
01-20-21,Debit Card INSTACART SAN FRANCISC OC #4349,-246.33,Owners Draw
01-20-21,Debit Card MCDONALD'S F6509 SULPHUR SPGS T #0759,-5.82,Meals
01-20-21,Debit RCR WWE NETWORK 5122 NEW YORK N #4349,-10.81,Owners Draw
01-20-21,Debit RCR PAYPAL *QUIZLET. 4029357733 C #4349,-47.88,Office Expenses:Software
01-20-21,ACH LTG TEXARKANA T PURCHASE TELECHK 800-697-926 CK 3185,-174.84,Repairs & Maintenance:Equipment
01-20-21,ACH LOANCARE SERV MTG PYMT,-507.69,Owners Draw
01-20-21,Cash Roundup Transfer,-3.3,Miscellaneous Expenses
01-20-21,Check 3187,-250,Paid Checks
01-20-21,Check 3190,-750,Paid Checks
01-21-21,ACH Square Inc 210121 P2,451.92,Business Income
01-21-21,Debit Card SUPER HANDY SULPHUR SPRI NT #4349,-16.01,Business Supplies
01-21-21,Debit Card BROOKSHIR 809 GI SULPHUR SPRI NT #0759,-61.18,Business Supplies
01-21-21,Debit Card SHELL SERVICE S SULPHUR SPRI NT #0759,-12.75,Vehicle Expenses:Fuel
01-21-21,Debit Card SUPER HANDY 7 SULPHUR SPRI NT #4349,-10.51,Business Supplies
01-21-21,Debit Card BODACIOUS BBQ SULPHUR SPRI NT #4349,-34.86,Meals
01-21-21,Debit Card LTG TEXARKANA TR NASH T #4349,-42.42,Repairs & Maintenance:Equipment
01-21-21,Debit Card NAPA SULPHUR SPR SULPHUR SPRI NT #4349,-271.11,COGS:Materials & Supplies
01-21-21,Debit Card NAPA SULPHUR SPR SULPHUR SPRI NT #4349,-118.68,COGS:Materials & Supplies
01-21-21,Debit Card NAPA SULPHUR SPR SULPHUR SPRI NT #4349,-211.15,COGS:Materials & Supplies
01-21-21,Debit Card AT&T*BILL PAYMEN 8003310500 T #4349,-640.81,Utilities:Phone
01-21-21,Debit Card MCDONALD'S F6509 SULPHUR SPGS T #0759,-11.01,Meals
01-21-21,ACH CAPITAL ONE MOBILE PMT,-125,Owners Draw
01-21-21,ACH Synchrony Bank CC PYMT,-100,Owners Draw
01-21-21,ACH WEBFILE TAX PYMT DD,-225.09,Taxes and Licenses
01-21-21,Cash Roundup Transfer,-6.51,Miscellaneous Expenses
01-21-21,Check 3191,-1050,Paid Checks
01-22-21,Deposit,4937.5,Business Income
01-22-21,ACH Square Inc 210122 P2,1599.8,Business Income
01-22-21,Debit Card Rev NAPA SULPHUR SPR SULPHUR SPRI NT #4349,77.14,COGS:Materials & Supplies
01-22-21,Debit Card SUPER HANDY SULPHUR SPRI NT #4349,-16.66,Business Supplies
01-22-21,Debit Card NAPA SULPHUR SPR SULPHUR SPRI NT #4349,-149.47,COGS:Materials & Supplies
01-22-21,Debit Card NAPA SULPHUR SPR SULPHUR SPRI NT #4349,-134.05,COGS:Materials & Supplies
01-22-21,Debit Card NAPA SULPHUR SPR SULPHUR SPRI NT #4349,-26.88,COGS:Materials & Supplies
01-22-21,Debit Card MCDONALD'S F6509 SULPHUR SPGS T #0759,-5.82,Meals
01-22-21,Debit Card MCDONALD'S F6509 SULPHUR SPGS T #4349,-8.83,Meals
01-22-21,Cash Roundup Transfer,-2.29,Miscellaneous Expenses
01-25-21,ACH Square Inc 210125 P2,557.05,Business Income
01-25-21,Debit Card O'REILLY AUTO PA SULPHUR SPRI NT #4349,-125.95,COGS:Materials & Supplies
01-25-21,Debit Card CVS/PHARMACY #07 Sulphur Spri nT #0759,-87.04,Business Supplies
01-25-21,Debit Card SUPER HANDY SULPHUR SPRI NT #4349,-16.01,Business Supplies
01-25-21,Debit Card JOES FAST LANE SULPHUR SPRI NT #4349,-31.1,Vehicle Expenses:Fuel
01-25-21,Debit Card JOES FAST LANE SULPHUR SPRI NT #4349,-26.82,Vehicle Expenses:Fuel
01-25-21,Debit Card SUPER HANDY 7 SULPHUR SPRI NT #4349,-19.44,Business Supplies
01-25-21,Debit Card OPTIMUM OUTCOMES 877-7959819 A #4349,-127.37,Owners Draw
01-25-21,Debit Card COLLEGE PAY AMARILLO T #4349,-102.75,Owners Draw
01-25-21,Debit Card COLLEGE PAY AMARILLO T #4349,-2.52,Owners Draw
01-25-21,Debit Card BURGER KING #406 SULPHUR SPRI NT #0759,-6.81,Meals
01-25-21,Debit Card CHICKEN EXPRESS- GREENVILLE T #0759,-40.77,Meals
01-25-21,Debit Card WINDHAM PROS-FIC 800-969-0059 N #0759,-125,Legal & Professional Services
01-25-21,Debit Card NAPA SULPHUR SPR SULPHUR SPRI NT #4349,-170.87,COGS:Materials & Supplies
01-25-21,Debit Card MCDONALD'S F6509 SULPHUR SPGS T #0759,-5.82,Meals
01-25-21,Debit Card BAHAMA BUCKS ROCKWALL T #0759,-25,Owners Draw
01-25-21,Debit Card ERIC JONES SNAP 903-717-0020 T #4349,-200,Owners Draw
01-25-21,Debit Card QT 983 GREENVILLE T #4349,-6.34,Vehicle Expenses:Fuel
01-25-21,Debit Card MCDONALD'S F6509 SULPHUR SPGS T #0759,-5.82,Meals
01-25-21,Debit Card MCDONALD'S F6509 SULPHUR SPGS T #0759,-6.91,Meals
01-25-21,Debit Card MCDONALD'S F6509 SULPHUR SPGS T #4349,-27.11,Meals
01-25-21,Debit Card MCDONALD'S F6425 GREENVILLE T #0759,-5.39,Meals
01-25-21,Debit Card MCDONALD'S F6509 SULPHUR SPGS T #0759,-5.82,Meals
01-25-21,Debit Card MCDONALD'S F6509 SULPHUR SPGS T #4349,-25.84,Meals
01-25-21,Debit RCR DISNEYPLUS 888-9057888 C #4349,-7.57,Owners Draw
01-25-21,Debit RCR APPLE.COM/BILL 866-712-7753 C #4349,-38.93,Owners Draw
01-25-21,Cash Roundup Transfer,-9,Miscellaneous Expenses
01-25-21,Check 3193,-500,Paid Checks
01-25-21,Check 3195,-900,Paid Checks
01-26-21,Deposit,550.26,Business Income
01-26-21,ACH Square Inc 210126 P2,871.76,Business Income
01-26-21,Debit Card Rev NAPA SULPHUR SPR SULPHUR SPRI NT #4349,237.84,COGS:Materials & Supplies
01-26-21,ATM Withdrawal 1610 POSEY LANE SULPHUR SPRI NT #0759,-500,Owners Draw
01-26-21,ATM Withdrawal 1610 POSEY LANE SULPHUR SPRI NT #4349,-400,Owners Draw
01-26-21,Debit Card TACO BELL 009540 SULPHUR SPRI NT #0759,-30.02,Meals
01-26-21,Debit Card NAPA SULPHUR SPR SULPHUR SPRI NT #4349,-170.2,COGS:Materials & Supplies
01-26-21,Debit Card RUSH TRK CTR TEX 9038385750 T #4349,-237.49,COGS:Materials & Supplies
01-26-21,Debit Card Amazon Kids+*VX8 888-802-3080 W #4349,-7.45,Owners Draw
01-26-21,Debit Card VZWRLSS*MY VZ VE 800-922-0204 F #4349,-159.56,Utilities:Phone
01-26-21,Cash Roundup Transfer,-3.28,Miscellaneous Expenses
01-26-21,Check 3192,-750,Paid Checks
01-27-21,Deposit,1210,Business Income
01-27-21,Deposit,225,Business Income
01-27-21,ACH Square Inc 210127 P2,7404.02,Business Income
01-27-21,Debit Card Rev LTG TEXARKANA TR NASH T #4349,42.42,COGS:Materials & Supplies
01-27-21,Debit Card Rev HOPKINS MINOR EM SULPHUR SPRI NT #0759,35,Owners Draw
01-27-21,Debit Card SUPER HANDY SULPHUR SPRI NT #4349,-17.89,Business Supplies
01-27-21,Debit Card BROOKSHIR 809 GI SULPHUR SPRI NT #4349,-29.94,Business Supplies
01-27-21,Debit Card CHICK-FIL-A #041 SULPHUR SPRI NT #4349,-43.03,Meals
01-27-21,Debit Card PRICE INTERNATIO 903-5979363 T #4349,-890.89,COGS:Materials & Supplies
01-27-21,Debit Card HOPKINS MINOR EM SULPHUR SPRI NT #0759,-210,COGS:Materials & Supplies
01-27-21,Debit Card STATE FARM INSU 8009566310 I #4349,-342.67,Business Insurance
01-27-21,Debit Card AMAZON.COM*9N7M8 SEATTLE W #4349,-36.81,Business Supplies
01-27-21,Debit Card MCDONALD'S F6509 SULPHUR SPGS T #0759,-5.82,Meals
01-27-21,IB INTERNET TRANSFER TO ACCOUNT *6860,-1500,Account Transfers
01-27-21,IB INTERNET TRANSFER TO ACCOUNT *7478,-950,Account Transfers
01-27-21,ACH LTG TEXARKANA T PURCHASE TELECHK 800-697-926 CK 3196,-572.43,Repairs & Maintenance:Equipment
01-27-21,Cash Roundup Transfer,-1.95,Miscellaneous Expenses
01-27-21,Check 3175,-160,Paid Checks
01-27-21,Check 3194,-1050,Paid Checks
01-27-21,3197,-250,Paid Checks
01-28-21,Debit Card JOES FAST LANE SULPHUR SPRI NT #4349,-66.01,Vehicle Expenses:Fuel
01-28-21,Debit Card BROOKSHIR 809 GI SULPHUR SPRI NT #0759,-44.94,Business Supplies
01-28-21,Debit Card JOES FAST LANE SULPHUR SPRI NT #4349,-8.16,Vehicle Expenses:Fuel
01-28-21,Debit Card BODACIOUS BBQ SULPHUR SPRI NT #4349,-14.17,Meals
01-28-21,Debit Card WHATABURGER 773 SULPHUR SPRI NT #0759,-55.9,Meals
01-28-21,Debit Card O'REILLY AUTO PA SULPHUR SPRI NT #4349,-24.89,COGS:Materials & Supplies
01-28-21,Debit Card PAYPAL *PEARSONE 8009477700 N #4349,-85.39,Office Expenses:Software
01-28-21,Debit Card CITY OF SULPHUR SULPHUR SPRI NT #4349,-219.43,Utilities:Water
01-28-21,Debit Card CITY OF SULPHUR SULPHUR SPRI NT #4349,-335.02,Utilities:Water
01-28-21,Debit Card MCDONALD'S F6509 SULPHUR SPGS T #0759,-12.95,Meals
01-28-21,Debit RCR PAYPAL *MCGRAWHI 4029357733 N #4349,-106.08,Office Expenses:Software
01-28-21,Debit RCR APPLE.COM/BILL 866-712-7753 C #4349,-17.31,Owners Draw
01-28-21,Debit RCR Subway 12013 9038857990 T #4349,-27.04,Meals
01-28-21,Debit RCR SUDDENLINK 7707 877-794-2724 N #4349,-400,Utilities:Internet
01-28-21,ACH BB&T LOAN PHONEPYMNT,-505.92,Loan Payments
01-28-21,Cash Roundup Transfer,-7.71,Miscellaneous Expenses
01-28-21,Check 2935,-60,Paid Checks
01-29-21,Deposit,5105,Business Income
01-29-21,ACH Square Inc 210129 P2,120.95,Business Income
01-29-21,Debit Card Rev NAPA SULPHUR SPR SULPHUR SPRI NT #4349,28.79,COGS:Materials & Supplies
01-29-21,Debit Card E-Z MART 4282 SULPHUR SPRI NT #0759,-13.35,Vehicle Expenses:Fuel
01-29-21,Debit Card BROOKSHIR 809 GI SULPHUR SPRI NT #4349,-59.98,Business Supplies
01-29-21,Debit Card SQ *TEXAS TEN ST Saltillo T #4349,-100,Meals
01-29-21,Debit Card PRICE INTERNATIO 903-5979363 T #4349,-1850.81,COGS:Materials & Supplies
01-29-21,Debit Card NAPA SULPHUR SPR SULPHUR SPRI NT #4349,-50.4,COGS:Materials & Supplies
01-29-21,Debit Card NAPA SULPHUR SPR SULPHUR SPRI NT #4349,-241.69,COGS:Materials & Supplies
01-29-21,Debit Card NAPA SULPHUR SPR SULPHUR SPRI NT #4349,-27.93,COGS:Materials & Supplies
01-29-21,Debit Card NAPA SULPHUR SPR SULPHUR SPRI NT #4349,-17.49,COGS:Materials & Supplies
01-29-21,Debit Card NAPA SULPHUR SPR SULPHUR SPRI NT #4349,-12.01,COGS:Materials & Supplies
01-29-21,Debit Card DAIRY QUEEN #146 SULPHUR SPRI NT #4349,-44.87,Meals
01-29-21,Debit Card SQ *TEXAS TEN ST Mount Vernon T #4349,-100,Meals
01-29-21,Debit Card SQ *HEAVENLY FLO Sulphur Spri nT #0759,-178.45,Owners Draw
01-29-21,Debit Card MCDONALD'S F6509 SULPHUR SPGS T #0759,-15,Meals
01-29-21,ACH WEX INC FLEET DEBI,-650,Vehicle Expenses:Fuel
01-29-21,Cash Roundup Transfer,-4.02,Miscellaneous Expenses
01-29-21,Check 3198,-800,Paid Checks
02-01-21,Deposit,4333.71,Business Income
02-01-21,Debit Card SUPER HANDY SULPHUR SPRI NT #4349,-15.74,Business Supplies
02-01-21,Debit Card BROOKSHIR 809 GI SULPHUR SPRI NT #0759,-31.18,Business Supplies
02-01-21,Debit Card HOPKINS C 129 HI SULPHUR SPRI NT #4349,-106.82,Business Supplies
02-01-21,Debit Card DONUT SUPREME SULPHUR SPRI NT #0759,-17.1,Owners Draw
02-01-21,Debit Card MCDONALD'S F6509 SULPHUR SPGS T #4349,-5.82,Meals
02-01-21,Debit Card SQ *TEXAS TEN ST Mount Vernon T #4349,-125,Meals
02-01-21,Debit Card MDSAVE MEDICAL 877-4612491 T #0759,-75,Owners Draw
02-01-21,Debit Card SQ *TEXAS TEN ST Saltillo T #4349,-150,Meals
02-01-21,Debit Card SQ *TEXAS TEN ST Mount Vernon T #4349,-100,Meals
02-01-21,Debit Card MCDONALD'S F6509 SULPHUR SPGS T #4349,-5.82,Meals
02-01-21,Debit Card ERIC JONES SNAP 903-717-0020 T #4349,-200,Owners Draw
02-01-21,Debit Card NAPA SULPHUR SPR SULPHUR SPRI NT #4349,-142.19,COGS:Materials & Supplies
02-01-21,Debit Card MCDONALD'S F6509 SULPHUR SPGS T #0759,-5.82,Meals
02-01-21,Debit Card APPLE.COM/BILL C #4349,-21.64,Owners Draw
02-01-21,Debit Card INSTACART SAN FRANCISC OC #4349,-200.9,Owners Draw
02-01-21,Debit Card CHICKEN EXPRESS- SULPHUR SPRI NT #0759,-58.09,Meals
02-01-21,Debit Card MCDONALD'S F6509 SULPHUR SPGS T #4349,-5.82,Meals
02-01-21,Debit Card AMAZON.COM*M62K5 SEATTLE W #4349,-16.49,Business Supplies
02-01-21,Debit Card MCDONALD'S F6509 SULPHUR SPGS T #0759,-5.82,Meals
02-01-21,Debit Card Guaranty Pay Gua Mount Pleasa nT #4349,-100,Owners Draw
02-01-21,Debit RCR APPLE.COM/BILL 866-712-7753 C #4349,-22.71,Owners Draw
02-01-21,Debit RCR APPLE.COM/BILL 866-712-7753 C #4349,-47.59,Owners Draw
02-01-21,ACH ACUITY INS PREM,-1445.71,Business Insurance
02-01-21,ACH CAPITAL ONE MOBILE PMT,-125,Owners Draw
02-01-21,Cash Roundup Transfer,-6.45,Miscellaneous Expenses
02-01-21,Check 2624,-900,Paid Checks
02-01-21,Check 2934,-48,Paid Checks
02-01-21,Check 3199,-500,Paid Checks
02-02-21,Deposit,315,Business Income
02-02-21,ACH Square Inc 210202 P2,381.19,Business Income
02-02-21,Debit Card Rev NAPA SULPHUR SPR SULPHUR SPRI NT #4349,114.98,COGS:Materials & Supplies
02-02-21,Debit Card SUPER HANDY SULPHUR SPRI NT #4349,-17.89,Business Supplies
02-02-21,Debit Card DOLLAR-GE 518 MA SULPHUR SPRI NT #4349,-29.23,Business Supplies
02-02-21,Debit Card SUPER HANDY SULPHUR SPRI NT #4349,-67.11,Business Supplies
02-02-21,Debit Card SUPER HANDY SULPHUR SPRI NT #4349,-21.68,Business Supplies
02-02-21,Debit Card NAPA SULPHUR SPR SULPHUR SPRI NT #4349,-250.64,COGS:Materials & Supplies
02-02-21,Debit Card RUSH TRK CTR TYL 9035250500 T #4349,-116.8,COGS:Materials & Supplies
02-02-21,Debit Card AMAZON.COM*VO9QL SEATTLE W #4349,-65.68,Business Supplies
02-02-21,Debit Card MCDONALD'S F6509 SULPHUR SPGS T #0759,-5.82,Meals
02-02-21,Debit RCR APPLE.COM/BILL 866-712-7753 C #4349,-28.12,Owners Draw
02-02-21,Withdrawal,-1200,Owners Draw
02-02-21,Cash Roundup Transfer,-4.03,Miscellaneous Expenses
02-03-21,Debit Card SUPER HANDY SULPHUR SPRI NT #4349,-17.47,Business Supplies
02-03-21,Debit Card SUPER HANDY 7 SULPHUR SPRI NT #4349,-8.34,Business Supplies
02-03-21,Debit Card LTG TEXARKANA TR NASH T #4349,-144.88,Repairs & Maintenance:Equipment
02-03-21,Debit Card TACO BELL 009540 SULPHUR SPRI NT #4349,-20.19,Meals
02-03-21,Debit Card HALL VOLVO GMC TYLER T #4349,-203.73,COGS:Materials & Supplies
02-03-21,Debit Card NAPA SULPHUR SPR SULPHUR SPRI NT #4349,-55.86,COGS:Materials & Supplies
02-03-21,Debit Card NAPA SULPHUR SPR SULPHUR SPRI NT #4349,-108.58,COGS:Materials & Supplies
02-03-21,Debit Card CHILI'S SULPHUR SULPHUR SPRI NT #4349,-72.26,Meals
02-03-21,Debit Card MCDONALD'S F6509 SULPHUR SPGS T #4349,-5.82,Meals
02-03-21,Debit Card MCDONALD'S F6509 SULPHUR SPGS T #4349,-5.82,Meals
02-03-21,Debit RCR APPLE.COM/BILL 866-712-7753 C #4349,-45.43,Owners Draw
02-03-21,Cash Roundup Transfer,-4.62,Miscellaneous Expenses
02-03-21,Check 3308,-250,Paid Checks
02-03-21,Check 3309,-1050,Paid Checks
02-04-21,ACH Square Inc 210204 P2,504.22,Business Income
02-04-21,Debit Card JOE BOBS #2 SULPHUR SPRI NT #4349,-15.54,Vehicle Expenses:Fuel
02-04-21,Debit Card NAPA SULPHUR SPR SULPHUR SPRI NT #4349,-67.11,COGS:Materials & Supplies
02-04-21,Debit Card NAPA SULPHUR SPR SULPHUR SPRI NT #4349,-30.9,COGS:Materials & Supplies
02-04-21,Debit Card NAPA SULPHUR SPR SULPHUR SPRI NT #4349,-18.44,COGS:Materials & Supplies
02-04-21,Debit Card NAPA SULPHUR SPR SULPHUR SPRI NT #4349,-4.19,COGS:Materials & Supplies
02-04-21,Debit Card MEDPOST-ROCKWALL ROCKWALL T #0759,-150,Owners Draw
02-04-21,Debit Card MCDONALD'S F6509 SULPHUR SPGS T #0759,-5.82,Meals
02-04-21,Debit RCR APPLE.COM/BILL 866-712-7753 C #4349,-41.1,Owners Draw
02-04-21,Debit RCR APPLE.COM/BILL 866-712-7753 C #4349,-14.06,Owners Draw
02-04-21,Cash Roundup Transfer,-4.84,Miscellaneous Expenses
02-05-21,Deposit,915,Business Income
02-05-21,ACH Square Inc 210205 P2,815.52,Business Income
02-05-21,Debit Card JOES FAST LANE SULPHUR SPRI NT #4349,-32.55,Vehicle Expenses:Fuel
02-05-21,Debit Card BROOKSHIR 809 GI SULPHUR SPRI NT #0759,-30.25,Business Supplies
02-05-21,Debit Card ERIC JONES SNAP PITTSBURG T #4349,-50,Owners Draw
02-05-21,Debit Card QT 983 GREENVILLE T #4349,-11.32,Vehicle Expenses:Fuel
02-05-21,Debit Card LIBERTY POWER HO 866-7693799 F #0759,-117.52,Utilities:Electricity
02-05-21,Debit Card PRICE INTERNATIO 903-5979363 T #4349,-498.36,COGS:Materials & Supplies
02-05-21,Debit Card NAPA SULPHUR SPR SULPHUR SPRI NT #4349,-46.99,COGS:Materials & Supplies
02-05-21,Debit Card MCDONALD'S F6509 SULPHUR SPGS T #4349,-5.82,Meals
02-05-21,Debit Card AMAZON.COM*6G41O SEATTLE W #4349,-7.57,Business Supplies
02-05-21,Debit Card MCDONALD'S F6509 SULPHUR SPGS T #4349,-5.82,Meals
02-05-21,Withdrawal,-380,Owners Draw
02-05-21,Cash Roundup Transfer,-3.8,Miscellaneous Expenses
02-08-21,Deposit,4197.5,Business Income
02-08-21,IB INTERNET TRANSFER FROM ACCOUNT *8069,150,Account Transfers
02-08-21,Debit Card JOES FAST LANE SULPHUR SPRI NT #4349,-17.85,Vehicle Expenses:Fuel
02-08-21,Debit Card SUPER HANDY SULPHUR SPRI NT #4349,-21.56,Business Supplies
02-08-21,Debit Card BROOKSHIR 809 GI SULPHUR SPRI NT #0759,-63.92,Business Supplies
02-08-21,Debit Card JOES FAST LANE SULPHUR SPRI NT #4349,-16.24,Vehicle Expenses:Fuel
02-08-21,Debit Card SUPER HANDY 7 SULPHUR SPRI NT #4349,-8.08,Business Supplies
02-08-21,Debit Card TIERRA DEL SOL SULPHUR SPRI NT #4349,-45.9,Meals
02-08-21,Debit Card BODACIOUS BBQ SULPHUR SPRI NT #4349,-41.35,Meals
02-08-21,Debit Card BURGER KING #406 SULPHUR SPRI NT #4349,-9.41,Meals
02-08-21,Debit Card COLLEGE PAY AMARILLO T #4349,-102.75,Owners Draw
02-08-21,Debit Card COLLEGE PAY AMARILLO T #4349,-2.52,Owners Draw
02-08-21,Debit Card TACO BELL 009540 SULPHUR SPRI NT #4349,-13.78,Meals
02-08-21,Debit Card MAC TOOLS - GILM GILMER T #4349,-100,COGS:Materials & Supplies
02-08-21,Debit Card MUDDY JAKES SULPHUR S T #4349,-23.82,Meals
02-08-21,Debit Card MCDONALD'S F6509 SULPHUR SPGS T #0759,-31.1,Meals
02-08-21,Debit Card NAPA SULPHUR SPR SULPHUR SPRI NT #4349,-5.78,COGS:Materials & Supplies
02-08-21,Debit Card EXXONMOBIL 45 SULPHUR SPRI NT #4349,-13.93,Vehicle Expenses:Fuel
02-08-21,Debit Card ERIC JONES SNAP 903-717-0020 T #4349,-200,Owners Draw
02-08-21,Debit Card SQ *NORTHCUTT DO Sulphur Spri nT #4349,-12.99,Owners Draw
02-08-21,Debit Card INSTACART SAN FRANCISC OC #4349,-340.14,Owners Draw
02-08-21,Debit Card CANHELP SULPHUR SPRI NT #0759,-72.53,Business Supplies
02-08-21,Debit Card BROOKSHIRES 13 SULPHUR SPRI NT #4349,-18.48,Business Supplies
02-08-21,Debit Card MCDONALD'S F6509 SULPHUR SPGS T #4349,-5.82,Meals
02-08-21,Debit Card MCDONALD'S F6509 SULPHUR SPGS T #0759,-6.91,Meals
02-08-21,Debit Card MCDONALD'S F6509 SULPHUR SPGS T #4349,-5.82,Meals
02-08-21,Debit Card MCDONALD'S F6509 SULPHUR SPGS T #4349,-1.41,Meals
02-08-21,Debit RCR APPLE.COM/BILL 866-712-7753 C #4349,-82.24,Owners Draw
02-08-21,Debit RCR APPLE.COM/BILL 866-712-7753 C #4349,-42.19,Owners Draw
02-08-21,Debit RCR APPLE.COM/BILL 866-712-7753 C #4349,-54.11,Owners Draw
02-08-21,Debit RCR APPLE.COM/BILL 866-712-7753 C #4349,-14.06,Owners Draw
02-08-21,Debit RCR APPLE.COM/BILL 866-712-7753 C #4349,-14.06,Owners Draw
02-08-21,Debit RCR APPLE.COM/BILL 866-712-7753 C #4349,-14.06,Owners Draw
02-08-21,Debit RCR APPLE.COM/BILL 866-712-7753 C #4349,-14.06,Owners Draw
02-08-21,Debit RCR APPLE.COM/BILL 866-712-7753 C #4349,-46.53,Owners Draw
02-08-21,Withdrawal,-750,Owners Draw
02-08-21,Withdrawal,-350,Owners Draw
02-08-21,Automatic Loan Pmt LN PyXXXXXX0645 1,-262.22,Loan Payments
02-08-21,ACH AM INCOME LIFE INS.PREM 800-433-3405,-69.42,Owners Draw
02-08-21,ACH AM INCOME LIFE INS.PREM 800-433-3405,-22.98,Owners Draw
02-08-21,Cash Roundup Transfer,-15.6,Miscellaneous Expenses
02-08-21,Check 3311,-900,Paid Checks
02-08-21,Check 3312,-500,Paid Checks
02-09-21,ATM Withdrawal 8501 GREENWOOD ROAD GREENWOOD L #4349,-203.95,Owners Draw
02-09-21,Debit Card JOES FAST LANE SULPHUR SPRI NT #4349,-20.19,Vehicle Expenses:Fuel
02-09-21,Debit Card TA #237 GREENWOO GREENWOOD L #4349,-22.01,Vehicle Expenses:Fuel
02-09-21,Debit Card DAIRY QUEEN - 44 SULPHUR SPRI NT #0759,-22.78,Meals
02-09-21,Debit Card NAPA SULPHUR SPR SULPHUR SPRI NT #4349,-132.44,COGS:Materials & Supplies
02-09-21,Debit Card MCDONALD'S F6509 SULPHUR SPGS T #0759,-5.82,Meals
02-09-21,Debit RCR PP*APPLE.COM/BIL 4029357733 C #4349,-10.81,Office Expenses:Software
02-09-21,Debit RCR PP*APPLE.COM/BIL 4029357733 C #4349,-18.38,Office Expenses:Software
02-09-21,Debit RCR PAYPAL *BEDFORDF 4029357733 N #4349,-60.61,Financial Fees:Payment Processing
02-09-21,ACH DELUXE CHECK CHECK/ACC,-79.75,Paid Checks
02-09-21,Cash Roundup Transfer,-3.96,Miscellaneous Expenses
02-09-21,Check 2936,-40,Paid Checks
02-09-21,Check 3310,-1086.6,Paid Checks
02-10-21,Debit Card Rev PRICE INTERNATIO 903-5979363 T #4349,330,Uncategorized
02-10-21,Debit Card Rev CHEGG ORDER 8558681054 C #0759,441.63,Uncategorized
02-10-21,Debit Card QT 935 INSIDE 20 ROCKWALL T #4349,-20.91,Vehicle Expenses:Fuel
02-10-21,Debit Card BROOKSHIR 809 GI SULPHUR SPRI NT #4349,-45.57,Business Supplies
02-10-21,Debit Card BLACKJACK DISPOS MESQUITE T #4349,-518.52,Repairs & Maintenance:Cleaning
02-10-21,Debit Card MCDONALD'S F6509 SULPHUR SPGS T #0759,-5.82,Meals
02-10-21,Debit RCR PP*APPLE.COM/BIL 4029357733 C #4349,-45.4,Office Expenses:Software
02-10-21,Debit RCR Microsoft*Micros msbill.info W #4349,-106.74,Office Expenses:Software
02-10-21,Cash Roundup Transfer,-2.04,Miscellaneous Expenses
02-10-21,Check 3313,-1100,Paid Checks
02-10-21,Check 3314,-250,Paid Checks
02-11-21,ACH Square Inc 210211 P2,960.21,Business Income
02-11-21,Debit Card JOES FAST LANE SULPHUR SPRI NT #4349,-38.25,Vehicle Expenses:Fuel
02-11-21,Debit Card WHATABURGER 773 SULPHUR SPRI NT #0759,-21.95,Meals
02-11-21,Debit Card PAYPAL *BAINBOUT 4029357733 C #4349,-61.88,Financial Fees:Payment Processing
02-11-21,Debit Card NAPA SULPHUR SPR SULPHUR SPRI NT #4349,-197.48,COGS:Materials & Supplies
02-11-21,Debit Card PAYPAL *DIVADARL 4029357733 C #4349,-20,Financial Fees:Payment Processing
02-11-21,Debit Card MCDONALD'S F6509 SULPHUR SPGS T #4349,-5.82,Meals
02-11-21,ACH CAPITAL ONE MOBILE PMT,-125,Owners Draw
02-11-21,ACH CAPITAL ONE MOBILE PMT,-125,Owners Draw
02-11-21,Cash Roundup Transfer,-1.62,Miscellaneous Expenses
02-12-21,Deposit,200,Business Income
02-12-21,Deposit,350,Business Income
02-12-21,ACH Square Inc 210212 P2,1372.77,Business Income
02-12-21,ATM Withdrawal 919 GILMER ST SULPHUR SPRI NT #4349,-100,Owners Draw
02-12-21,Debit Card NAPA SULPHUR SPR SULPHUR SPRI NT #4349,-76.15,COGS:Materials & Supplies
02-12-21,Debit Card HARBOR FREIGHT T SULPHUR SPRI NT #4349,-175.32,COGS:Materials & Supplies
02-12-21,Debit Card INSTACART SAN FRANCISC OC #4349,-100,Owners Draw
02-12-21,Debit Card INSTACART SAN FRANCISC OC #4349,-15.4,Owners Draw
02-12-21,Debit Card INSTACART SAN FRANCISC OC #4349,-8.1,Owners Draw
02-12-21,Debit Card Guaranty Pay Gua Mount Pleasa nT #4349,-20,Owners Draw
02-12-21,Debit Card MCDONALD'S F6509 SULPHUR SPGS T #4349,-9.6,Meals
02-12-21,Debit RCR PP*APPLE.COM/BIL 4029357733 C #4349,-33.49,Office Expenses:Software
02-12-21,Debit RCR PP*APPLE.COM/BIL 4029357733 C #4349,-19.45,Office Expenses:Software
02-12-21,Debit RCR NETFLIX.COM NETFLIX.COM C #4349,-19.2,Owners Draw
02-12-21,Debit RCR PP*APPLE.COM/BIL 4029357733 C #4349,-7.57,Office Expenses:Software
02-12-21,Debit RCR PP*APPLE.COM/BIL 4029357733 C #4349,-32.44,Office Expenses:Software
02-12-21,Debit RCR Amazon Prime*ZA6 Amzn.com/bil lW #4349,-14.06,Owners Draw
02-12-21,Cash Roundup Transfer,-7.22,Miscellaneous Expenses
02-16-21,Deposit,4755,Business Income
02-16-21,ACH Square Inc 210215 P2,216.1,Business Income
02-16-21,ATM Withdrawal 919 GILMER ST SULPHUR SPRI NT #4349,-100,Owners Draw
02-16-21,Debit Card BROOKSHIR 809 GI SULPHUR SPRI NT #4349,-10.87,Business Supplies
02-16-21,Debit Card JOE BOB'S #5 COMO T #4349,-15.47,Owners Draw
02-16-21,Debit Card JOES FAST LANE SULPHUR SPRI NT #4349,-15.65,Vehicle Expenses:Fuel
02-16-21,Debit Card KYLE'S KWIK STOP LONGVIEW T #4349,-4.34,Vehicle Expenses:Fuel
02-16-21,Debit Card JOES FAST LANE SULPHUR SPRI NT #4349,-26.47,Vehicle Expenses:Fuel
02-16-21,Debit Card WM SUPERCENTER # SULPHUR SPRI NT #4349,-194.03,Business Supplies
02-16-21,Debit Card JOES FAST LANE SULPHUR SPRI NT #4349,-16.24,Vehicle Expenses:Fuel
02-16-21,Debit Card Sulphur S Sulphu Sulphur Spri nT #4349,-6.48,Business Supplies
02-16-21,Debit Card JOES FAST LANE SULPHUR SPRI NT #4349,-15.65,Vehicle Expenses:Fuel
02-16-21,Debit Card CVS/PHARM 07439- Sulphur Spri nT #4349,-3.19,Business Supplies
02-16-21,Debit Card TACO BELL 009540 SULPHUR SPRI NT #4349,-12.38,Meals
02-16-21,Debit Card TIERRA DEL SOL SULPHUR SPRI NT #4349,-65,Meals
02-16-21,Debit Card BURGER KING #406 SULPHUR SPRI NT #4349,-7.89,Meals
02-16-21,Debit Card MAC TOOLS - GILM GILMER T #4349,-100,COGS:Materials & Supplies
02-16-21,Debit Card BURGER KING #406 SULPHUR SPRI NT #4349,-10.92,Meals
02-16-21,Debit Card ERIC JONES SNAP 903-717-0020 T #4349,-200,Owners Draw
02-16-21,Debit Card Wal-Mart Super C SULPHUR SPRI NT #4349,-23.75,Business Supplies
02-16-21,Debit Card MCDONALD'S F6509 SULPHUR SPGS T #4349,-43,Meals
02-16-21,Debit Card AMAZON.COM*5J767 SEATTLE W #4349,-257.07,Business Supplies
02-16-21,Debit RCR PP*APPLE.COM/BIL 4029357733 C #4349,-45.4,Office Expenses:Software
02-16-21,Debit RCR PP*APPLE.COM/BIL 4029357733 C #4349,-51.88,Office Expenses:Software
02-16-21,Debit RCR PP*APPLE.COM/BIL 4029357733 C #4349,-12.97,Office Expenses:Software
02-16-21,Debit RCR PP*APPLE.COM/BIL 4029357733 C #4349,-7.57,Office Expenses:Software
02-16-21,Debit RCR PP*APPLE.COM/BIL 4029357733 C #4349,-10.81,Office Expenses:Software
02-16-21,Debit RCR PP*APPLE.COM/BIL 4029357733 C #4349,-14.05,Office Expenses:Software
02-16-21,IB INTERNET TRANSFER TO ACCOUNT *9922,-450,Account Transfers
02-16-21,Cash Roundup Transfer,-9.92,Miscellaneous Expenses
02-17-21,ACH Square Inc 210217 P2,432.2,Business Income
02-17-21,Debit Card JON'S MINI MART SLPHUR SPRIN GT #4349,-75,Owners Draw
02-17-21,Debit Card JON'S MINI MART SLPHUR SPRIN GT #4349,-21.63,Owners Draw
02-17-21,Debit Card JON'S MINI MART SLPHUR SPRIN GT #4349,-42,Owners Draw
02-17-21,Debit Card JOE BOBS SULPHUR SPRI NT #4349,-34.77,Vehicle Expenses:Fuel
02-17-21,Debit Card NOYO INC SULPHUR SPRI NT #4349,-34.19,Business Supplies
02-17-21,Debit Card Prime Video*MW60 888-802-3080 W #4349,-7.57,Owners Draw
02-17-21,Debit Card NAPA SULPHUR SPR SULPHUR SPRI NT #4349,-24.99,COGS:Materials & Supplies
02-17-21,Debit Card 159 BRAUMS STORE SULPHUR SPRI NT #4349,-35.12,Owners Draw
02-17-21,Debit Card NAPA SULPHUR SPR SULPHUR SPRI NT #4349,-52.69,COGS:Materials & Supplies
02-17-21,Debit Card NAPA SULPHUR SPR SULPHUR SPRI NT #4349,-48.87,COGS:Materials & Supplies
02-17-21,Debit RCR PP*APPLE.COM/BIL 4029357733 C #4349,-46.5,Office Expenses:Software
02-17-21,ACH ATMOS ENERGY SGL UTIL PYMT,-230.31,Utilities:Gas
02-17-21,ACH ENGIE RESOURCES 9033486408,-350,Utilities:Gas
02-17-21,Cash Roundup Transfer,-3.67,Miscellaneous Expenses
02-18-21,Debit Card WM SUPERCENTER # SULPHUR SPRI NT #4349,-84.8,Business Supplies
02-18-21,Debit Card BROOKSHIR 809 GI SULPHUR SPRI NT #4349,-129.82,Business Supplies
02-18-21,Debit Card STAR MART # 5 SULPHUR SPRI NT #4349,-17.94,Vehicle Expenses:Fuel
02-18-21,Debit Card BURGER KING #406 SULPHUR SPRI NT #4349,-19.57,Meals
02-18-21,Debit Card 159 BRAUMS STORE SULPHUR SPRI NT #4349,-9.49,Owners Draw
02-18-21,Debit RCR PP*APPLE.COM/BIL 4029357733 C #4349,-5.4,Office Expenses:Software
02-18-21,Debit RCR HLU*HULU 1339504 HULU.COM/BIL LC #4349,-80.08,Owners Draw
02-18-21,Debit RCR PP*APPLE.COM/BIL 4029357733 C #4349,-2.99,Office Expenses:Software
02-18-21,ACH LOANCARE SERV MTG PYMT,-507.69,Owners Draw
02-18-21,Cash Roundup Transfer,-2.91,Miscellaneous Expenses
02-19-21,Deposit,1610,Business Income
02-19-21,Debit Card REHKOPF FAMILY F SULPHUR SPRI NT #4349,-3.83,Owners Draw
02-19-21,Debit Card JOE BOB #3 SULPHUR SPRI NT #4349,-23.8,Owners Draw
02-19-21,Debit Card PAYPAL *TINYSUPE 4029357733 M #4349,-25,Financial Fees:Payment Processing
02-19-21,Debit Card NAPA SULPHUR SPR SULPHUR SPRI NT #4349,-161.92,COGS:Materials & Supplies
02-19-21,Debit Card NAPA SULPHUR SPR SULPHUR SPRI NT #4349,-42.27,COGS:Materials & Supplies
02-19-21,Debit RCR PP*APPLE.COM/BIL 4029357733 C #4349,-21.64,Office Expenses:Software
02-19-21,Cash Roundup Transfer,-1.54,Miscellaneous Expenses
02-22-21,Deposit,2270.37,Business Income
02-22-21,Deposit,2700,Business Income
02-22-21,ACH Square Inc 210222 P2,887.58,Business Income
02-22-21,ATM Withdrawal 919 GILMER ST SULPHUR SPRI NT #4349,-160,Owners Draw
02-22-21,ATM Withdrawal US HWY 271 SOUTH GRANT O #4349,-1004.25,Owners Draw
02-22-21,ATM Withdrawal US HWY 271 SOUTH GRANT O #4349,-504.25,Owners Draw
02-22-21,Debit Card DOLLAR-GE 1179 S SULPHUR SPRI NT #4349,-19.56,Business Supplies
02-22-21,Debit Card CN TRAVEL PLAZA- GRANT O #4349,-8.56,Vehicle Expenses:Fuel
02-22-21,Debit Card CN TRAVEL PLAZA- GRANT O #4349,-7.86,Vehicle Expenses:Fuel
02-22-21,Debit Card SUPER HANDY 7 SULPHUR SPRI NT #4349,-16.18,Business Supplies
02-22-21,Debit Card JOE BOBS SULPHUR SPRI NT #4349,-5.82,Vehicle Expenses:Fuel
02-22-21,Debit Card CEFCO #1050 MOUNT VERNON T #4349,-31.66,Vehicle Expenses:Fuel
02-22-21,Debit Card CEFCO #1050 MOUNT VERNON T #4349,-2.84,Vehicle Expenses:Fuel
02-22-21,Debit Card LTG TEXARKANA TR NASH T #4349,-530.39,Repairs & Maintenance:Equipment
02-22-21,Debit Card SUPER HANDY SULPHUR SPRI NT #4349,-21.14,Business Supplies
02-22-21,Debit Card SUPER HANDY SULPHUR SPRI NT #4349,-4.96,Business Supplies
02-22-21,Debit Card SUPER HANDY SULPHUR SPRI NT #4349,-21.47,Business Supplies
02-22-21,Debit Card SUPER HANDY 7 SULPHUR SPRI NT #4349,-5.9,Business Supplies
02-22-21,Debit Card BROOKSHIR 809 GI SULPHUR SPRI NT #4349,-29,Business Supplies
02-22-21,Debit Card BURGER KING #406 SULPHUR SPRI NT #4349,-14.8,Meals
02-22-21,Debit Card MCDONALD'S F6509 SULPHUR SPGS T #4349,-17.37,Meals
02-22-21,Debit Card MAC TOOLS - GILM GILMER T #4349,-75.35,COGS:Materials & Supplies
02-22-21,Debit Card COLLEGE PAY AMARILLO T #4349,-2.52,Owners Draw
02-22-21,Debit Card COLLEGE PAY AMARILLO T #4349,-102.75,Owners Draw
02-22-21,Debit Card NAPA SULPHUR SPR SULPHUR SPRI NT #4349,-73.25,COGS:Materials & Supplies
02-22-21,Debit Card Guaranty Pay Gua Mount Pleasa nT #4349,-40,Owners Draw
02-22-21,Debit Card BURGER KING #103 NASH T #4349,-9.95,Meals
02-22-21,Debit Card DOMINO'S 6838 972-722-2073 T #4349,-60,Meals
02-22-21,Debit Card MCDONALD'S F6509 SULPHUR SPGS T #0759,-6.91,Meals
02-22-21,Debit RCR PP*APPLE.COM/BIL 4029357733 C #4349,-17.3,Office Expenses:Software
02-22-21,Debit RCR WWE NETWORK 5122 NEW YORK N #4349,-10.81,Owners Draw
02-22-21,Debit RCR PP*APPLE.COM/BIL 4029357733 C #4349,-7.56,Office Expenses:Software
02-22-21,IB INTERNET TRANSFER TO ACCOUNT *0851,-350,Account Transfers
02-22-21,ACH AMEX EPAYMENT ACH PMT ER AM,-125,Business Insurance
02-22-21,ACH AMEX EPAYMENT ACH PMT ER AM,-125,Business Insurance
02-22-21,ACH Synchrony Bank CC PYMT,-100,Owners Draw
02-22-21,Cash Roundup Transfer,-9.09,Miscellaneous Expenses
02-22-21,Check 3315,-1100,Paid Checks
02-22-21,Check 3316,-3350,Paid Checks
02-23-21,ATM Withdrawal 919 GILMER ST SULPHUR SPRI NT #0759,-60,Owners Draw
02-23-21,ATM Withdrawal 919 GILMER ST SULPHUR SPRI NT #0759,-200,Owners Draw
02-23-21,Debit Card WAL-MART #0417 SULPHUR SPRI NT #0759,-182.77,Business Supplies
02-23-21,Debit Card SUPER HANDY SULPHUR SPRI NT #4349,-18.99,Business Supplies
02-23-21,Debit Card JOES FAST LANE SULPHUR SPRI NT #0759,-14.05,Vehicle Expenses:Fuel
02-23-21,Debit Card OPTIMUM OUTCOMES 877-7959819 A #4349,-127.37,Owners Draw
02-23-21,Debit Card NAPA SULPHUR SPR SULPHUR SPRI NT #4349,-37.77,COGS:Materials & Supplies
02-23-21,Debit Card NAPA SULPHUR SPR SULPHUR SPRI NT #4349,-11.97,COGS:Materials & Supplies
02-23-21,Debit Card NAPA SULPHUR SPR SULPHUR SPRI NT #4349,-16.88,COGS:Materials & Supplies
02-23-21,Debit Card WINDHAM PROS-FIC 800-969-0059 N #0759,-125,Legal & Professional Services
02-23-21,Debit Card JUAN PABLOS MEX SULPHUR SPRI NT #0759,-21.65,Meals
02-23-21,Debit Card MCDONALD'S F6509 SULPHUR SPGS T #0759,-5.82,Meals
02-23-21,Withdrawal,-640,Owners Draw
02-23-21,Cash Roundup Transfer,-2.73,Miscellaneous Expenses
02-23-21,Check 3317,-900,Paid Checks
02-24-21,ACH Square Inc 210224 P2,1156.02,Business Income
02-24-21,ATM Withdrawal 919 GILMER ST SULPHUR SPRI NT #4349,-20,Owners Draw
02-24-21,Debit Card Wal-Mart Super C SULPHUR SPRI NT #4349,-279.67,Business Supplies
02-24-21,Debit Card SUPER HANDY SULPHUR SPRI NT #4349,-18.34,Business Supplies
02-24-21,Debit Card JOE BOBS #2 SULPHUR SPRI NT #4349,-12.85,Vehicle Expenses:Fuel
02-24-21,Debit Card WHATABURGER 773 SULPHUR SPRI NT #4349,-8.88,Meals
02-24-21,Debit Card EXXONMOBIL 99 SULPHUR SPRI NT #4349,-16.17,Vehicle Expenses:Fuel
02-24-21,Debit Card MCDONALD'S F6509 SULPHUR SPGS T #4349,-5.82,Meals
02-24-21,Cash Roundup Transfer,-2.27,Miscellaneous Expenses
02-25-21,ACH Square Inc 210225 P2,964.52,Business Income
02-25-21,Debit Card SUPER HANDY SULPHUR SPRI NT #4349,-16.18,Business Supplies
02-25-21,Debit Card LTG TEXARKANA TR NASH T #4349,-263.7,Repairs & Maintenance:Equipment
02-25-21,Debit Card LOS MOCHIS MEXIC SULPHUR SPRI NT #4349,-96.58,Meals
02-25-21,Debit Card NAPA SULPHUR SPR SULPHUR SPRI NT #4349,-167.88,COGS:Materials & Supplies
02-25-21,Debit RCR DISNEYPLUS 888-9057888 C #4349,-7.57,Owners Draw
02-25-21,Cash Roundup Transfer,-2.09,Miscellaneous Expenses
02-25-21,Check 2937,-350,Paid Checks
02-25-21,Check 2938,-224.52,Paid Checks
02-25-21,Check 3318,-250,Paid Checks
02-25-21,Check 3319,-1100,Paid Checks
02-25-21,Check 3320,-500,Paid Checks
02-26-21,IB INTERNET TRANSFER FROM ACCOUNT *8069,65,Account Transfers
02-26-21,Debit Card JOES FAST LANE SULPHUR SPRI NT #4349,-40.93,Vehicle Expenses:Fuel
02-26-21,Debit Card STAR MART # 5 SULPHUR SPRI NT #4349,-2.15,Vehicle Expenses:Fuel
02-26-21,Debit Card 159 BRAUMS STORE SULPHUR SPRI NT #0759,-20.32,Owners Draw
02-26-21,Debit Card Amazon Kids+*PX0 888-802-3080 W #4349,-7.45,Owners Draw
02-26-21,Debit Card MCDONALD'S F6509 SULPHUR SPGS T #0759,-23.53,Meals
02-26-21,Debit RCR SUDDENLINK 7707 877-794-2724 N #4349,-255,Utilities:Internet
02-26-21,Cash Roundup Transfer,-2.62,Miscellaneous Expenses
02-26-21,Check 2939,-40,Paid Checks
03-01-21,Deposit,13502.5,Business Income
03-01-21,ACH Square Inc 210301 P2,311.25,Business Income
03-01-21,ACH Square Inc 210301 P2,4873.29,Business Income
03-01-21,ATM Withdrawal US HWY 271 SOUTH GRANT O #4349,-1004.25,Owners Draw
03-01-21,ATM Withdrawal US HWY 271 SOUTH GRANT O #4349,-1004.25,Owners Draw
03-01-21,ATM Withdrawal US HWY 271 SOUTH GRANT O #0759,-604.25,Owners Draw
03-01-21,ATM Withdrawal 113 GILMER ST SULPHUR SPRI NT #4349,-60,Owners Draw
03-01-21,Debit Card CHEVRON/GRANDE-W TYLER T #4349,-19.67,Vehicle Expenses:Fuel
03-01-21,Debit Card KWIK CHEK #34 PARIS T #4349,-18.55,Vehicle Expenses:Fuel
03-01-21,Debit Card STAR MART # 5 SULPHUR SPRI NT #4349,-10.67,Vehicle Expenses:Fuel
03-01-21,Debit Card STAR MART # 5 SULPHUR SPRI NT #4349,-9.71,Vehicle Expenses:Fuel
03-01-21,Debit Card SUPER HANDY SULPHUR SPRI NT #4349,-27.28,Business Supplies
03-01-21,Debit Card CVS/PHARMACY #07 Sulphur Spri nT #0759,-52.21,Business Supplies
03-01-21,Debit Card CVS/PHARM 07439- Sulphur Spri nT #0759,-6.58,Business Supplies
03-01-21,Debit Card REHKOPF FAMILY F SULPHUR SPRI NT #4349,-12.08,Owners Draw
03-01-21,Debit Card SUPER HANDY SULPHUR SPRI NT #4349,-18.23,Business Supplies
03-01-21,Debit Card SHELL SERVICE S SULPHUR SPRI NT #0759,-12.1,Vehicle Expenses:Fuel
03-01-21,Debit Card TEXAS DE BRAZIL TYLER T #4349,-215.24,Meals
03-01-21,Debit Card HOPKINS MINOR EM SULPHUR SPRI NT #0759,-100,COGS:Materials & Supplies
03-01-21,Debit Card HOPKINS MINOR EM SULPHUR SPRI NT #4349,-50,COGS:Materials & Supplies
03-01-21,Debit Card NAPA SULPHUR SPR SULPHUR SPRI NT #4349,-25.64,COGS:Materials & Supplies
03-01-21,Debit Card TEXAS T SULPHUR SPRI NT #4349,-7.73,Vehicle Expenses:Fuel
03-01-21,Debit Card NAPA SULPHUR SPR SULPHUR SPRI NT #4349,-30.23,COGS:Materials & Supplies
03-01-21,Debit Card Guaranty Pay Gua Mount Pleasa nT #4349,-50,Owners Draw
03-01-21,Debit Card ERIC JONES SNAP 903-717-0020 T #4349,-200,Owners Draw
03-01-21,Debit Card SQ *THE MAGIC SC Sulphur Spri nT #0759,-5.94,Business Supplies
03-01-21,Debit Card WHATABURGER 512 PARIS T #0759,-14.29,Meals
03-01-21,Debit Card SQ *LUCKY DONUT Sulphur Spri nT #0759,-12.86,Meals
03-01-21,Debit Card MCDONALD'S F6509 SULPHUR SPGS T #0759,-5.82,Meals
03-01-21,Debit RCR AT&T*BILL PAYMEN 8003310500 T #4349,-364.07,Utilities:Phone
03-01-21,Debit RCR VZWRLSS*BILL PAY 800-922-0204 F #4349,-159.7,Utilities:Phone
03-01-21,IB INTERNET TRANSFER TO ACCOUNT *6860,-1500,Account Transfers
03-01-21,IB INTERNET TRANSFER TO ACCOUNT *7478,-950,Account Transfers
03-01-21,ACH CAPITAL ONE MOBILE PMT,-750,Owners Draw
03-01-21,Cash Roundup Transfer,-10.4,Miscellaneous Expenses
03-01-21,Check 3526,-300,Paid Checks
03-01-21,Check 3321,-400,Paid Checks
03-01-21,3525,-870,Paid Checks
03-02-21,Deposit,330,Business Income
03-02-21,Deposit,690,Business Income
03-02-21,ACH Square Inc 210302 P2,668.45,Business Income
03-02-21,Debit Card SUPER HANDY SULPHUR SPRI NT #4349,-4.74,Business Supplies
03-02-21,Debit Card JOES FAST LANE SULPHUR SPRI NT #4349,-16.24,Vehicle Expenses:Fuel
03-02-21,Debit Card SUPER HANDY 7 SULPHUR SPRI NT #4349,-12.54,Business Supplies
03-02-21,Debit Card SUPER HANDY 7 SULPHUR SPRI NT #4349,-31.41,Business Supplies
03-02-21,Debit Card SUPER HANDY 7 SULPHUR SPRI NT #4349,-6.79,Business Supplies
03-02-21,Debit Card TACO BELL 009540 SULPHUR SPRI NT #0759,-22.99,Meals
03-02-21,Debit Card INSTACART SAN FRANCISC OC #4349,-245.02,Owners Draw
03-02-21,Debit Card MCDONALD'S F6509 SULPHUR SPGS T #0759,-5.82,Meals
03-02-21,Debit RCR PP*APPLE.COM/BIL 4029357733 C #4349,-4.32,Office Expenses:Software
03-02-21,Withdrawal,-1060,Owners Draw
03-02-21,Cash Roundup Transfer,-4.13,Miscellaneous Expenses
03-03-21,ACH Square Inc 210303 P2,5425.7,Business Income
03-03-21,Debit Card NAPA SULPHUR SPR SULPHUR SPRI NT #4349,-250,COGS:Materials & Supplies
03-03-21,Debit Card Sulphur S Sulphu Sulphur Spri nT #4349,-111.52,Business Supplies
03-03-21,Debit Card TIERRA DEL SOL SULPHUR SPRI NT #4349,-35.07,Meals
03-03-21,Debit Card NAPA SULPHUR SPR SULPHUR SPRI NT #4349,-116.06,COGS:Materials & Supplies
03-03-21,Debit Card DOMINO'S 6838 972-722-2073 T #0759,-36.75,Meals
03-03-21,Debit Card TST* CORNER GRUB SULPHUR SPRI NT #4349,-34.11,Meals
03-03-21,Debit Card CITY OF SULPHUR SULPHUR SPRI NT #4349,-223,Utilities:Water
03-03-21,Debit Card MCDONALD'S F6509 SULPHUR SPGS T #0759,-5.82,Meals
03-03-21,Debit RCR PAYPAL *LAUNCHED 4029357733 C #4349,-82.67,Financial Fees:Payment Processing
03-03-21,ACH ACUITY INS PREM,-1445.72,Business Insurance
03-03-21,ACH BB&T LOAN PHONEPYMNT,-500,Loan Payments
03-03-21,ACH WEX INC FLEET DEBI,-1357.89,Vehicle Expenses:Fuel
03-03-21,Cash Roundup Transfer,-4,Miscellaneous Expenses
03-03-21,Check 3528,-1100,Paid Checks
03-03-21,Check 3529,-250,Paid Checks
03-04-21,ACH Square Inc 210304 P2,139.65,Business Income
03-04-21,Debit Card Rev eBay O*22-06296- San Jose C #4349,1732,Other Business Income
03-04-21,ATM Withdrawal 919 GILMER ST SULPHUR SPRI NT #0759,-100,Owners Draw
03-04-21,Debit Card DOLLAR-GE 1179 S SULPHUR SPRI NT #0759,-37.4,Business Supplies
03-04-21,Debit Card JOE BOB #3 SULPHUR SPRI NT #4349,-12.31,Owners Draw
03-04-21,Debit Card WHATABURGER 773 SULPHUR SPRI NT #0759,-15.31,Meals
03-04-21,Debit Card DSI NTTA WEB MILWAUKEE W #4349,-100.01,Vehicle Expenses:Registration
03-04-21,Debit Card STATE FARM INSU 8009566310 I #4349,-342.93,Business Insurance
03-04-21,Debit Card MCDONALD'S F6509 SULPHUR SPGS T #0759,-5.82,Meals
03-04-21,ACH LTG TEXARKANA T PURCHASE TELECHK 800-697-926 CK 3527,-3184.4,Repairs & Maintenance:Equipment
03-04-21,Cash Roundup Transfer,-3.22,Miscellaneous Expenses
03-05-21,Deposit,1607.52,Business Income
03-05-21,Deposit,400,Business Income
03-05-21,Debit Card SUPER HANDY SULPHUR SPRI NT #4349,-19.04,Business Supplies
03-05-21,Debit Card NAPA SULPHUR SPR SULPHUR SPRI NT #4349,-21.14,COGS:Materials & Supplies
03-05-21,Debit Card NAPA SULPHUR SPR SULPHUR SPRI NT #4349,-51,COGS:Materials & Supplies
03-05-21,Debit Card NAPA SULPHUR SPR SULPHUR SPRI NT #4349,-52.84,COGS:Materials & Supplies
03-05-21,Debit Card NAPA SULPHUR SPR SULPHUR SPRI NT #4349,-28.59,COGS:Materials & Supplies
03-05-21,Debit Card NAPA SULPHUR SPR SULPHUR SPRI NT #4349,-38.51,COGS:Materials & Supplies
03-05-21,Debit Card NAPA SULPHUR SPR SULPHUR SPRI NT #4349,-251.82,COGS:Materials & Supplies
03-05-21,Debit Card MCDONALD'S F6509 SULPHUR SPGS T #0759,-15.33,Meals
03-05-21,Debit RCR PP*APPLE.COM/BIL 4029357733 C #4349,-10.81,Office Expenses:Software
03-05-21,ACH AM INCOME LIFE INS.PREM 800-433-3405,-7.11,Owners Draw
03-05-21,Cash Roundup Transfer,-3.92,Miscellaneous Expenses
03-05-21,Check 2940,-60,Paid Checks
03-08-21,Deposit,2000,Business Income
03-08-21,Deposit,5561.25,Business Income
03-08-21,ACH Square Inc 210308 P2,784.9,Business Income
03-08-21,Debit Card Rev NAPA SULPHUR SPR SULPHUR SPRI NT #4349,28.59,COGS:Materials & Supplies
03-08-21,ATM Withdrawal US HWY 271 SOUTH GRANT O #4349,-1004.25,Owners Draw
03-08-21,ATM Withdrawal US HWY 271 SOUTH GRANT O #0759,-604.25,Owners Draw
03-08-21,ATM Withdrawal US HWY 271 SOUTH GRANT O #4349,-504.25,Owners Draw
03-08-21,ATM Withdrawal US HWY 271 SOUTH GRANT O #4349,-1004.25,Owners Draw
03-08-21,ATM Withdrawal US HWY 271 SOUTH GRANT O #4349,-504.25,Owners Draw
03-08-21,ATM Withdrawal US HWY 271 SOUTH GRANT O #4349,-504.25,Owners Draw
03-08-21,ATM Withdrawal 500 North Hillcres Sulphur Spri nT #4349,-83,Owners Draw
03-08-21,Debit Card SUPER HANDY SULPHUR SPRI NT #4349,-33.87,Business Supplies
03-08-21,Debit Card CN TRAVEL PLAZA- GRANT O #0759,-38.84,Vehicle Expenses:Fuel
03-08-21,Debit Card SUPER HANDY SULPHUR SPRI NT #4349,-25.53,Business Supplies
03-08-21,Debit Card BROOKSHIR 809 GI SULPHUR SPRI NT #4349,-18.02,Business Supplies
03-08-21,Debit Card DOLLARTRE 810 GI SULPHUR SPRI NT #0759,-34.31,Business Supplies
03-08-21,Debit Card SUPER HANDY 7 SULPHUR SPRI NT #4349,-8.34,Business Supplies
03-08-21,Debit Card LTG TEXARKANA TR NASH T #4349,-252.09,Repairs & Maintenance:Equipment
03-08-21,Debit Card BURGERLAND SULPHUR SPRI NT #4349,-37.51,Meals
03-08-21,Debit Card COLLEGE PAY AMARILLO T #4349,-5.03,Owners Draw
03-08-21,Debit Card COLLEGE PAY AMARILLO T #4349,-205.5,Owners Draw
03-08-21,Debit Card AMAZON.COM*584XB SEATTLE W #4349,-5.4,Business Supplies
03-08-21,Debit Card AMAZON.COM*BJ6I2 SEATTLE W #4349,-60.27,Business Supplies
03-08-21,Debit Card EVI*CHOCTAW CASI GRANT O #4349,-1080,Owners Draw
03-08-21,Debit Card MAC TOOLS - GILM GILMER T #4349,-41.67,COGS:Materials & Supplies
03-08-21,Debit Card SQ *KEY MASTER L Sulphur Spri nT #4349,-175,Owners Draw
03-08-21,Debit Card MCDONALD'S F6509 SULPHUR SPGS T #0759,-5.82,Meals
03-08-21,Debit Card NAPA SULPHUR SPR SULPHUR SPRI NT #4349,-23.59,COGS:Materials & Supplies
03-08-21,Debit Card CHILI'S SULPHUR SULPHUR SPRI NT #4349,-40,Meals
03-08-21,Debit Card NAPA SULPHUR SPR SULPHUR SPRI NT #4349,-37.51,COGS:Materials & Supplies
03-08-21,Debit Card NAPA SULPHUR SPR SULPHUR SPRI NT #4349,-26.5,COGS:Materials & Supplies
03-08-21,Debit Card ERIC JONES SNAP 903-717-0020 T #4349,-50,Owners Draw
03-08-21,Debit Card DAIRY QUEEN #146 SULPHUR SPRI NT #0759,-9.94,Meals
03-08-21,Debit Card ERIC JONES SNAP 903-717-0020 T #4349,-500,Owners Draw
03-08-21,Debit Card EXXONMOBIL 45 SULPHUR SPRI NT #4349,-7.08,Vehicle Expenses:Fuel
03-08-21,Debit Card Prime Video*TK46 888-802-3080 W #4349,-4.32,Owners Draw
03-08-21,Debit Card Subway 12013 Sulphur Spri nT #0759,-36.07,Meals
03-08-21,Debit Card CANHELP SULPHUR SPRI NT #0759,-45.47,Business Supplies
03-08-21,Debit Card MCDONALD'S F6509 SULPHUR SPGS T #4349,-5.82,Meals
03-08-21,Debit Card WHATABURGER 773 SULPHUR SPRI NT #0759,-12.86,Meals
03-08-21,Debit Card O'REILLY AUTO PA SULPHUR SPRI NT #4349,-156.82,COGS:Materials & Supplies
03-08-21,Debit Card MCDONALD'S F6509 SULPHUR SPGS T #0759,-5.82,Meals
03-08-21,Debit RCR PP*APPLE.COM/BIL 4029357733 C #4349,-16.23,Office Expenses:Software
03-08-21,Automatic Loan Pmt LN PyXXXXXX0645 1,-262.22,Loan Payments
03-08-21,ACH AM INCOME LIFE INS.PREM 800-433-3405,-22.98,Owners Draw
03-08-21,ACH AM INCOME LIFE INS.PREM 800-433-3405,-69.42,Owners Draw
03-08-21,Cash Roundup Transfer,-13.77,Miscellaneous Expenses
03-08-21,Check 3532,-449.24,Paid Checks
03-08-21,Check 3536,-900,Paid Checks
03-08-21,Check 3537,-400,Paid Checks
03-08-21,Check 3538,-800,Paid Checks
03-09-21,Deposit,400,Business Income
03-09-21,Debit Card SHELL SERVICE S SULPHUR SPRI NT #4349,-16.13,Vehicle Expenses:Fuel
03-09-21,Debit Card SUPER HANDY 7 SULPHUR SPRI NT #4349,-8.63,Business Supplies
03-09-21,Debit Card O'REILLY AUTO P SULPHUR SPRI NT #4349,-44.72,COGS:Materials & Supplies
03-09-21,Debit Card NAPA SULPHUR SPR SULPHUR SPRI NT #4349,-251.82,COGS:Materials & Supplies
03-09-21,Debit Card NAPA SULPHUR SPR SULPHUR SPRI NT #4349,-30.23,COGS:Materials & Supplies
03-09-21,Debit Card GT TOOLS - MATCO PARIS T #4349,-16.76,COGS:Materials & Supplies
03-09-21,Debit Card NAPA SULPHUR SPR SULPHUR SPRI NT #4349,-71.37,COGS:Materials & Supplies
03-09-21,Debit Card NAPA SULPHUR SPR SULPHUR SPRI NT #4349,-53.35,COGS:Materials & Supplies
03-09-21,Debit Card ERIC JONES SNAP 903-717-0020 T #4349,-500,Owners Draw
03-09-21,Debit Card MCDONALD'S F6509 SULPHUR SPGS T #4349,-7.33,Meals
03-09-21,Debit Card SQ *GRANNY'S DON Sulphur Spri nT #0759,-23.5,Meals
03-09-21,Debit Card MCDONALD'S F6509 SULPHUR SPGS T #0759,-12.62,Meals
03-09-21,Debit Card MCDONALD'S F6509 SULPHUR SPGS T #0759,-17.06,Meals
03-09-21,Cash Roundup Transfer,-6.48,Miscellaneous Expenses
03-09-21,Check 3533,-500,Paid Checks
03-09-21,Check 3534,-900,Paid Checks
03-09-21,Check 3539,-1100,Paid Checks
03-10-21,Transfer Deposit Loan Proceeds,5000,Business Income
03-10-21,Debit Card BODACIOUS BBQ SULPHUR SPRI NT #4349,-21.91,Meals
03-10-21,Debit Card SUPER HANDY SULPHUR SPRI NT #4349,-20.49,Business Supplies
03-10-21,Debit Card SCOTTIES ROCKWALL T #4349,-17,Meals
03-10-21,Debit Card LTG TEXARKANA TR NASH T #4349,-31.53,Repairs & Maintenance:Equipment
03-10-21,Debit Card DAIRY QUEEN #139 COOPER T #4349,-8.01,Meals
03-10-21,Debit Card MCDONALD'S F6509 SULPHUR SPGS T #4349,-5.92,Meals
03-10-21,Debit Card MCDONALD'S F6509 SULPHUR SPGS T #0759,-37.26,Meals
03-10-21,Cash Roundup Transfer,-2.88,Miscellaneous Expenses
03-10-21,Check 3540,-250,Paid Checks
03-11-21,ACH Square Inc 210311 P2,648.27,Business Income
03-11-21,Debit Card CVS/PHARM 07439- Sulphur Spri nT #4349,-18.9,Business Supplies
03-11-21,Debit Card SUPER HANDY SULPHUR SPRI NT #4349,-16.18,Business Supplies
03-11-21,Debit Card SUPER HANDY 7 SULPHUR SPRI NT #4349,-44,Business Supplies
03-11-21,Debit Card KWIK CHEK #27 HONEY GROVE T #4349,-19.14,Vehicle Expenses:Fuel
03-11-21,Debit Card CHICK-FIL-A #041 SULPHUR SPRI NT #4349,-20.37,Meals
03-11-21,Debit Card NAPA SULPHUR SPR SULPHUR SPRI NT #4349,-11.3,COGS:Materials & Supplies
03-11-21,Debit Card JUAN PABLOS MEX SULPHUR SPRI NT #4349,-51.42,Meals
03-11-21,Debit Card MCDONALD'S F6509 SULPHUR SPGS T #0759,-17.71,Meals
03-11-21,Debit Card MCDONALD'S F1064 COMMERCE T #4349,-12.61,Meals
03-11-21,Withdrawal,-2000,Owners Draw
03-11-21,ACH CAPITAL ONE MOBILE PMT,-125,Owners Draw
03-11-21,ACH CAPITAL ONE MOBILE PMT,-125,Owners Draw
03-11-21,Cash Roundup Transfer,-4.37,Miscellaneous Expenses
03-11-21,Check 3530,-3616.01,Paid Checks
03-12-21,Deposit,775,Business Income
03-12-21,Deposit,1950,Business Income
03-12-21,Debit Card Rev NAPA SULPHUR SPR SULPHUR SPRI NT #4349,18,COGS:Materials & Supplies
03-12-21,ATM Withdrawal 919 GILMER ST SULPHUR SPRI NT #4349,-60,Owners Draw
03-12-21,Debit Card JOE BOB #3 SULPHUR SPRI NT #4349,-30.71,Owners Draw
03-12-21,Debit Card BROOKSHIR 809 GI SULPHUR SPRI NT #4349,-15.18,Business Supplies
03-12-21,Debit Card STAR MART # 5 SULPHUR SPRI NT #4349,-11.85,Vehicle Expenses:Fuel
03-12-21,Debit Card NAPA SULPHUR SPR SULPHUR SPRI NT #4349,-120.73,COGS:Materials & Supplies
03-12-21,Debit Card NAPA SULPHUR SPR SULPHUR SPRI NT #4349,-55.14,COGS:Materials & Supplies
03-12-21,Debit Card WHATABURGER 773 SULPHUR SPRI NT #0759,-15.31,Meals
03-12-21,Debit Card NAPA SULPHUR SPR SULPHUR SPRI NT #4349,-8.4,COGS:Materials & Supplies
03-12-21,Debit Card INSTACART SAN FRANCISC OC #4349,-238.63,Owners Draw
03-12-21,Debit Card MCDONALD'S F6509 SULPHUR SPGS T #0759,-5.82,Meals
03-12-21,Debit RCR NETFLIX.COM NETFLIX.COM C #4349,-19.2,Owners Draw
03-12-21,Debit RCR Amazon Prime*X35 Amzn.com/bil lW #4349,-14.06,Owners Draw
03-12-21,Cash Roundup Transfer,-5.97,Miscellaneous Expenses
03-15-21,Deposit,7067.5,Business Income
03-15-21,IB INTERNET TRANSFER FROM ACCOUNT *8069,60,Account Transfers
03-15-21,ATM Withdrawal US HWY 271 SOUTH GRANT O #4349,-1004.25,Owners Draw
03-15-21,ATM Withdrawal US HWY 271 SOUTH GRANT O #4349,-1004.25,Owners Draw
03-15-21,ATM Withdrawal US HWY 271 SOUTH GRANT O #4349,-1004.25,Owners Draw
03-15-21,ATM Withdrawal US HWY 271 SOUTH GRANT O #4349,-1004.25,Owners Draw
03-15-21,Debit Card LA VICTORIA SULPHUR SPRI NT #4349,-74.26,Meals
03-15-21,Debit Card SUPER HANDY SULPHUR SPRI NT #4349,-33.76,Business Supplies
03-15-21,Debit Card BROOKSHIR 809 GI SULPHUR SPRI NT #4349,-40.18,Business Supplies
03-15-21,Debit Card JOES FAST LANE SULPHUR SPRI NT #4349,-16.24,Vehicle Expenses:Fuel
03-15-21,Debit Card E-Z MART 4282 SULPHUR SPRI NT #4349,-18.11,Vehicle Expenses:Fuel
03-15-21,Debit Card SUPER HANDY 7 SULPHUR SPRI NT #4349,-8.34,Business Supplies
03-15-21,Debit Card MCDONALD'S F6509 SULPHUR SPGS T #0759,-3.99,Meals
03-15-21,Debit Card WHATABURGER 512 PARIS T #0759,-16.93,Meals
03-15-21,Debit Card MORENO'S TIRE SH SULPHUR SPRI NT #4349,-260,COGS:Materials & Supplies
03-15-21,Debit Card NAPA SULPHUR SPR SULPHUR SPRI NT #4349,-24.99,COGS:Materials & Supplies
03-15-21,Debit Card NAPA SULPHUR SPR SULPHUR SPRI NT #4349,-24.46,COGS:Materials & Supplies
03-15-21,Debit Card NAPA SULPHUR SPR SULPHUR SPRI NT #4349,-43.32,COGS:Materials & Supplies
03-15-21,Debit Card Guaranty Pay Gua Mount Pleasa nT #4349,-50,Owners Draw
03-15-21,Debit Card SQ *B S TROPICAL Sulphur Spri nT #4349,-41.41,Meals
03-15-21,Debit Card JUAN PABLOS MEX SULPHUR SPRI NT #4349,-29.71,Meals
03-15-21,Debit Card MCDONALD'S F6509 SULPHUR SPGS T #0759,-5.82,Meals
03-15-21,Debit Card MCDONALD'S F6509 SULPHUR SPGS T #0759,-5.82,Meals
03-15-21,Debit RCR PP*APPLE.COM/BIL 4029357733 C #4349,-10.81,Office Expenses:Software
03-15-21,Cash Roundup Transfer,-6.85,Miscellaneous Expenses
03-15-21,Check 3475,-1000,Paid Checks
03-15-21,Check 3543,-900,Paid Checks
03-15-21,Check 3547,-600,Paid Checks
03-16-21,ACH Square Inc 210316 P2,1114.34,Business Income
03-16-21,Debit Card Rev NAPA SULPHUR SPR SULPHUR SPRI NT #4349,8.32,COGS:Materials & Supplies
03-16-21,Debit Card JOES FAST LANE SULPHUR SPRI NT #0759,-7.85,Vehicle Expenses:Fuel
03-16-21,Debit Card JOES FAST LANE SULPHUR SPRI NT #4349,-8.39,Vehicle Expenses:Fuel
03-16-21,Debit Card JOES FAST LANE SULPHUR SPRI NT #4349,-16.24,Vehicle Expenses:Fuel
03-16-21,Debit Card DOLLAR-GE 1179 S SULPHUR SPRI NT #0759,-4.17,Business Supplies
03-16-21,Debit Card PIZZA INN SULPHUR SPRI NT #4349,-41.78,Meals
03-16-21,Debit Card PAYPAL *SLEEW94 4029357733 C #4349,-29,Financial Fees:Payment Processing
03-16-21,Debit Card LIBERTY POWER HO 866-7693799 F #4349,-124.25,Utilities:Electricity
03-16-21,Debit Card NAPA SULPHUR SPR SULPHUR SPRI NT #4349,-72.02,COGS:Materials & Supplies
03-16-21,Debit Card ERIC JONES SNAP 903-717-0020 T #4349,-500,Owners Draw
03-16-21,Debit Card MCDONALD'S F6509 SULPHUR SPGS T #4349,-9.06,Meals
03-16-21,Debit Card MCDONALD'S F6509 SULPHUR SPGS T #0759,-5.82,Meals
03-16-21,Debit Card MCDONALD'S F6509 SULPHUR SPGS T #0759,-15.11,Meals
03-16-21,Cash Roundup Transfer,-6.31,Miscellaneous Expenses
03-16-21,Check 3542,-889.75,Paid Checks
03-17-21,ACH Square Inc 210317 P2,1278.21,Business Income
03-17-21,Debit Card BROOKSHIR 809 GI SULPHUR SPRI NT #0759,-48.71,Business Supplies
03-17-21,Debit Card SUPER HANDY SULPHUR SPRI NT #4349,-16.18,Business Supplies
03-17-21,Debit Card Prime Video*6V7Z 888-802-3080 W #4349,-9.73,Owners Draw
03-17-21,Debit Card PAYPAL *FACEBOOK 4029357733 C #4349,-10.59,Financial Fees:Payment Processing
03-17-21,Debit Card NAPA SULPHUR SPR SULPHUR SPRI NT #4349,-11.3,COGS:Materials & Supplies
03-17-21,Debit Card NAPA SULPHUR SPR SULPHUR SPRI NT #4349,-11.19,COGS:Materials & Supplies
03-17-21,Debit Card NAPA SULPHUR SPR SULPHUR SPRI NT #4349,-98.4,COGS:Materials & Supplies
03-17-21,Debit Card NAPA SULPHUR SPR SULPHUR SPRI NT #4349,-157.45,COGS:Materials & Supplies
03-17-21,Debit Card MCDONALD'S F6509 SULPHUR SPGS T #0759,-5.82,Meals
03-17-21,Debit Card MCDONALD'S F6509 SULPHUR SPGS T #4349,-5.82,Meals
03-17-21,Debit RCR AT&T*BILL PAYMEN 8003310500 T #4349,-427.46,Utilities:Phone
03-17-21,Debit RCR Subway 12013 9038857990 T #4349,-25.42,Meals
03-17-21,Cash Roundup Transfer,-5.93,Miscellaneous Expenses
03-17-21,Check 3476,-250,Paid Checks
03-17-21,Check 3544,-1100,Paid Checks
03-17-21,Check 3546,-3300,Paid Checks
03-17-21,Check 3549,-91.83,Paid Checks
03-18-21,ACH Square Inc 210318 P2,1240.23,Business Income
03-18-21,Debit Card JOE BOBS SULPHUR SPRI NT #4349,-19.47,Vehicle Expenses:Fuel
03-18-21,Debit Card BROOKSHIR 809 GI SULPHUR SPRI NT #0759,-49.93,Business Supplies
03-18-21,Debit Card SUPER HANDY 7 SULPHUR SPRI NT #4349,-12.64,Business Supplies
03-18-21,Debit Card WHATABURGER 773 SULPHUR SPRI NT #0759,-15.39,Meals
03-18-21,Debit Card NAPA SULPHUR SPR SULPHUR SPRI NT #4349,-102.56,COGS:Materials & Supplies
03-18-21,Debit Card NAPA SULPHUR SPR SULPHUR SPRI NT #4349,-15.43,COGS:Materials & Supplies
03-18-21,Debit Card NAPA SULPHUR SPR SULPHUR SPRI NT #4349,-33.5,COGS:Materials & Supplies
03-18-21,Debit Card CVS/PHARMACY #07 Sulphur Spri nT #0759,-18.49,Business Supplies
03-18-21,Debit Card SQ *B S TROPICAL SULPHUR SPGS T #4349,-13.8,Meals
03-18-21,Debit Card MCDONALD'S F6509 SULPHUR SPGS T #0759,-5.82,Meals
03-18-21,Debit Card MCDONALD'S F6509 SULPHUR SPGS T #0759,-5.82,Meals
03-18-21,Debit RCR HLU*HULU 1339504 HULU.COM/BIL LC #4349,-80.08,Owners Draw
03-18-21,Debit RCR PP*APPLE.COM/BIL 4029357733 C #4349,-2.99,Office Expenses:Software
03-18-21,ACH ENGIE RESOURCES ACH,-250,Utilities:Gas
03-18-21,Cash Roundup Transfer,-5.08,Miscellaneous Expenses
03-18-21,Check 3322,-325,Paid Checks
03-18-21,Check 3477,-139.55,Paid Checks
03-18-21,Check 3545,-190,Paid Checks
03-19-21,Deposit,373.46,Business Income
03-19-21,ACH Square Inc 210319 P2,639.05,Business Income
03-19-21,Debit Card SUPER HANDY SULPHUR SPRI NT #4349,-26.38,Business Supplies
03-19-21,Debit Card TACO BELL 009540 SULPHUR SPRI NT #4349,-20.46,Meals
03-19-21,Debit Card NAPA SULPHUR SPR SULPHUR SPRI NT #4349,-26.97,COGS:Materials & Supplies
03-19-21,Debit Card Guaranty Pay Gua Mount Pleasa nT #4349,-80,Owners Draw
03-19-21,Debit Card MCDONALD'S F6509 SULPHUR SPGS T #0759,-5.82,Meals
03-19-21,Debit Card MCDONALD'S F6509 SULPHUR SPGS T #0759,-27.03,Meals
03-19-21,Debit RCR Subway 12013 9038857990 T #4349,-4.86,Meals
03-19-21,IB INTERNET TRANSFER TO ACCOUNT *9922,-450,Account Transfers
03-19-21,Cash Roundup Transfer,-2.48,Miscellaneous Expenses
03-22-21,Deposit,2812.5,Business Income
03-22-21,ACH Square Inc 210322 P2,2907.29,Business Income
03-22-21,ACH Square Inc 210322 P2,521.1,Business Income
03-22-21,Debit Card SHELL SERVICE S ROCKWALL T #4349,-11.12,Vehicle Expenses:Fuel
03-22-21,Debit Card JOES FAST LANE SULPHUR SPRI NT #4349,-16.24,Vehicle Expenses:Fuel
03-22-21,Debit Card SUPER HANDY SULPHUR SPRI NT #4349,-3.23,Business Supplies
03-22-21,Debit Card NORTHEAST 100 MA COMMERCE T #4349,-2,Owners Draw
03-22-21,Debit Card BROOKSHIR 809 GI SULPHUR SPRI NT #4349,-7.9,Business Supplies
03-22-21,Debit Card PRIMEHOUSE DIREC UNION CITY G #4349,-245,Owners Draw
03-22-21,Debit Card JOES FAST LANE SULPHUR SPRI NT #4349,-20.22,Vehicle Expenses:Fuel
03-22-21,Debit Card DOLLAR-GE DG 093 SULPHUR SPRI NT #0759,-22.59,Business Supplies
03-22-21,Debit Card SUPER STOP BEER COMMERCE T #4349,-28.48,Owners Draw
03-22-21,Debit Card SHELL SERVICE S MT.VERNON T #4349,-11.67,Vehicle Expenses:Fuel
03-22-21,Debit Card BROOKSHIR 809 GI SULPHUR SPRI NT #4349,-51.13,Business Supplies
03-22-21,Debit Card NOYO INC SULPHUR SPRI NT #4349,-44.3,Business Supplies
03-22-21,Debit Card NOYO INC SULPHUR SPRI NT #4349,-22.69,Business Supplies
03-22-21,Debit Card SUPER HANDY 7 SULPHUR SPRI NT #4349,-7.36,Business Supplies
03-22-21,Debit Card DONUT SUPREME SULPHUR SPRI NT #0759,-6.45,Owners Draw
03-22-21,Debit Card LTG TEXARKANA TR NASH T #4349,-96.56,Repairs & Maintenance:Equipment
03-22-21,Debit Card COLLEGE PAY AMARILLO T #4349,-5.03,Owners Draw
03-22-21,Debit Card COLLEGE PAY AMARILLO T #4349,-205.5,Owners Draw
03-22-21,Debit Card BURGER KING #406 SULPHUR SPRI NT #0759,-7.57,Meals
03-22-21,Debit Card MCDONALD'S F6509 SULPHUR SPGS T #0759,-5.82,Meals
03-22-21,Debit Card NAPA SULPHUR SPR SULPHUR SPRI NT #4349,-83.94,COGS:Materials & Supplies
03-22-21,Debit Card MCDONALD'S F6509 SULPHUR SPGS T #0759,-21.36,Meals
03-22-21,Debit Card URBAN AIR ADVENT ROCKWALL T #4349,-77.85,Owners Draw
03-22-21,Debit Card ERIC JONES SNAP 903-717-0020 T #4349,-50,Owners Draw
03-22-21,Debit Card PAYPAL *FACEBOOK 4029357733 C #4349,-20.88,Financial Fees:Payment Processing
03-22-21,Debit Card SQ *ADVENTURE PA Rockwall T #4349,-21.65,Owners Draw
03-22-21,Debit Card SQ *B S TROPICAL SULPHUR SPGS T #0759,-14.88,Meals
03-22-21,Debit Card TST* CORNER GRUB SULPHUR SPRI NT #4349,-65.38,Meals
03-22-21,Debit Card PILOT 00 SULPHUR SPRI NT #0759,-14.02,Vehicle Expenses:Fuel
03-22-21,Debit Card MCDONALD'S F6509 SULPHUR SPGS T #0759,-5.82,Meals
03-22-21,Debit Card MCDONALD'S F6509 SULPHUR SPGS T #0759,-5.82,Meals
03-22-21,Debit Card Guaranty Pay Gua Mount Pleasa nT #4349,-20,Owners Draw
03-22-21,Debit Card MCDONALD'S F6509 SULPHUR SPGS T #0759,-5.82,Meals
03-22-21,Debit RCR PAYPAL *SHUTTERF 4029357733 C #4349,-64.67,Financial Fees:Payment Processing
03-22-21,Debit RCR PP*APPLE.COM/BIL 4029357733 C #4349,-5.4,Office Expenses:Software
03-22-21,ACH AMEX EPAYMENT ACH PMT ER AM,-100,Business Insurance
03-22-21,ACH LOANCARE SERV MTG PYMT,-519.48,Owners Draw
03-22-21,ACH Synchrony Bank CC PYMT,-214,Owners Draw
03-22-21,Cash Roundup Transfer,-14.65,Miscellaneous Expenses
03-22-21,Check 3478,-820,Paid Checks
03-22-21,Check 3481,-400,Paid Checks
03-23-21,ACH Square Inc 210323 P2,361.72,Business Income
03-23-21,ATM Withdrawal 919 GILMER ST SULPHUR SPRI NT #4349,-600,Owners Draw
03-23-21,Debit Card SHELL SERVICE S MT.VERNON T #4349,-20.49,Vehicle Expenses:Fuel
03-23-21,Debit Card WAL-MART #0417 SULPHUR SPRI NT #0759,-119,Business Supplies
03-23-21,Debit Card SUPER HANDY SULPHUR SPRI NT #4349,-16.71,Business Supplies
03-23-21,Debit Card SUPER HANDY SULPHUR SPRI NT #4349,-18.07,Business Supplies
03-23-21,Debit Card OPTIMUM OUTCOMES 877-7959819 A #4349,-127.37,Owners Draw
03-23-21,Debit Card WINDHAM PROS-FIC 800-969-0059 N #0759,-125,Legal & Professional Services
03-23-21,Debit Card ERIC JONES SNAP 903-717-0020 T #4349,-500,Owners Draw
03-23-21,Debit Card MCDONALD'S F6509 SULPHUR SPGS T #0759,-5.82,Meals
03-23-21,Debit Card MCDONALD'S F6509 SULPHUR SPGS T #0759,-5.82,Meals
03-23-21,Cash Roundup Transfer,-2.72,Miscellaneous Expenses
03-23-21,Check 3480,-750,Paid Checks
03-24-21,Deposit,1080,Business Income
03-24-21,ACH Square Inc 210324 P2,866.87,Business Income
03-24-21,Debit Card JOE BOBS #2 SULPHUR SPRI NT #4349,-9.41,Vehicle Expenses:Fuel
03-24-21,Debit Card LTG TEXARKANA TR NASH T #4349,-143.9,Repairs & Maintenance:Equipment
03-24-21,Debit Card TACO BELL 009540 SULPHUR SPRI NT #0759,-10.55,Meals
03-24-21,Debit Card WHATABURGER 773 SULPHUR SPRI NT #0759,-15.39,Meals
03-24-21,Debit Card MCDONALD'S F6509 SULPHUR SPGS T #0759,-11.77,Meals
03-24-21,Debit RCR SUDDENLINK 7707 877-794-2724 N #4349,-147.79,Utilities:Internet
03-24-21,Cash Roundup Transfer,-2.19,Miscellaneous Expenses
03-24-21,Check 3479,-1000,Paid Checks
03-24-21,Check 3482,-250,Paid Checks
03-25-21,Deposit,450,Business Income
03-25-21,Deposit,6300,Business Income
03-25-21,Debit Card SUPER HANDY SULPHUR SPRI NT #4349,-20.52,Business Supplies
03-25-21,Debit Card BROOKSHIR 809 GI SULPHUR SPRI NT #4349,-42.8,Business Supplies
03-25-21,Debit Card SUPER HANDY SULPHUR SPRI NT #4349,-24.43,Business Supplies
03-25-21,Debit Card BROOKSHIR 809 GI SULPHUR SPRI NT #4349,-5,Business Supplies
03-25-21,Debit Card BURGERLAND SULPHUR SPRI NT #4349,-14.58,Meals
03-25-21,Debit Card NAPA SULPHUR SPR SULPHUR SPRI NT #4349,-105.26,COGS:Materials & Supplies
03-25-21,Debit Card WHATABURGER 773 SULPHUR SPRI NT #4349,-33.33,Meals
03-25-21,Debit Card PANDA EXPRESS #2 SULPHUR SPRI NT #0759,-9.55,Meals
03-25-21,Debit Card MCDONALD'S F6509 SULPHUR SPGS T #0759,-21.36,Meals
03-25-21,Debit Card INSTACART SAN FRANCISC OC #4349,-171.12,Owners Draw
03-25-21,Debit Card MCDONALD'S F6509 SULPHUR SPGS T #0759,-5.82,Meals
03-25-21,Debit Card MCDONALD'S F6509 SULPHUR SPGS T #4349,-5.82,Meals
03-25-21,IB INTERNET TRANSFER TO ACCOUNT *0851,-375,Account Transfers
03-25-21,IB INTERNET TRANSFER TO ACCOUNT *7478,-950,Account Transfers
03-25-21,Transfer Withdrawal,-40,Owners Draw
03-25-21,ACH LTG TEXARKANA T PURCHASE TELECHK 800-697-926 CK 3483,-1517.9,Repairs & Maintenance:Equipment
03-25-21,Cash Roundup Transfer,-5.41,Miscellaneous Expenses
03-26-21,Deposit,419.8,Business Income
03-26-21,Deposit,6508.75,Business Income
03-26-21,ATM Withdrawal US HWY 271 SOUTH GRANT O #0759,-604.25,Owners Draw
03-26-21,ATM Withdrawal US HWY 271 SOUTH GRANT O #0759,-404.25,Owners Draw
03-26-21,Debit Card JOES FAST LANE SULPHUR SPRI NT #4349,-16.24,Vehicle Expenses:Fuel
03-26-21,Debit Card BROOKSHIR 809 GI SULPHUR SPRI NT #4349,-18.39,Business Supplies
03-26-21,Debit Card SUPER HANDY 7 SULPHUR SPRI NT #4349,-20.38,Business Supplies
03-26-21,Debit Card ERIC JONES SNAP PITTSBURG T #4349,-100,Owners Draw
03-26-21,Debit Card BODACIOUS BBQ SULPHUR SPRI NT #4349,-12.81,Meals
03-26-21,Debit Card NAPA SULPHUR SPR SULPHUR SPRI NT #4349,-163.9,COGS:Materials & Supplies
03-26-21,Debit Card 159 BRAUMS STORE SULPHUR SPRI NT #4349,-27.19,Owners Draw
03-26-21,Debit Card NAPA SULPHUR SPR SULPHUR SPRI NT #4349,-49.96,COGS:Materials & Supplies
03-26-21,Debit Card AMAZON.COM*JO3QI SEATTLE W #4349,-32.29,Business Supplies
03-26-21,Debit Card AMAZON.COM*R348K SEATTLE W #4349,-14.8,Business Supplies
03-26-21,Debit Card MCDONALD'S F6509 SULPHUR SPGS T #0759,-18.79,Meals
03-26-21,Debit Card Amazon Kids+*WH4 888-802-3080 W #4349,-7.45,Owners Draw
03-26-21,Debit Card MCDONALD'S F6509 SULPHUR SPGS T #0759,-5.82,Meals
03-26-21,Debit Card SQ *BELLA STYLE gosq.com T #0759,-18.07,Owners Draw
03-26-21,Debit Card Guaranty Pay Gua Mount Pleasa nT #4349,-40,Owners Draw
03-26-21,Debit RCR DISNEYPLUS 888-9057888 C #4349,-7.57,Owners Draw
03-26-21,Debit RCR VZWRLSS*BILL PAY 800-922-0204 F #4349,-159.7,Utilities:Phone
03-26-21,Cash Roundup Transfer,-6.64,Miscellaneous Expenses
03-29-21,Deposit,8000,Business Income
03-29-21,Deposit,959.2,Business Income
03-29-21,ACH SQUARE INC SQ CAP7540,10500,Business Income
03-29-21,ACH Square Inc 210329 P2,3860.07,Business Income
03-29-21,ATM Withdrawal US HWY 271 SOUTH GRANT O #4349,-1004.25,Owners Draw
03-29-21,ATM Withdrawal US HWY 271 SOUTH GRANT O #4349,-1004.25,Owners Draw
03-29-21,ATM Withdrawal US HWY 271 SOUTH GRANT O #0759,-604.25,Owners Draw
03-29-21,ATM Withdrawal US HWY 271 SOUTH GRANT O #4349,-1004.25,Owners Draw
03-29-21,ATM Withdrawal US HWY 271 SOUTH GRANT O #0759,-504.25,Owners Draw
03-29-21,ATM Withdrawal US HWY 271 SOUTH GRANT O #4349,-1004.25,Owners Draw
03-29-21,ATM Withdrawal US HWY 271 SOUTH GRANT O #4349,-1004.25,Owners Draw
03-29-21,ATM Withdrawal US HWY 271 SOUTH GRANT O #4349,-1004.25,Owners Draw
03-29-21,ATM Withdrawal 919 GILMER ST SULPHUR SPRI NT #0759,-100,Owners Draw
03-29-21,Debit Card SUPER HANDY SULPHUR SPRI NT #4349,-16.18,Business Supplies
03-29-21,Debit Card CN TRAVEL PLAZA- GRANT O #4349,-15.34,Vehicle Expenses:Fuel
03-29-21,Debit Card WAL-MART #0417 SULPHUR SPRI NT #0759,-72.19,Business Supplies
03-29-21,Debit Card SHELL SERVICE S SULPHUR SPRI NT #4349,-6.26,Vehicle Expenses:Fuel
03-29-21,Debit Card DOLLAR-GE DG 017 SULPHUR SPRI NT #4349,-44.25,Business Supplies
03-29-21,Debit Card JOE BOBS SULPHUR SPRI NT #4349,-14.36,Vehicle Expenses:Fuel
03-29-21,Debit Card JOE BOB'S #4 SULPHUR SPRI NT #4349,-37.44,Owners Draw
03-29-21,Debit Card WAL-MART #0417 SULPHUR SPRI NT #4349,-184.63,Business Supplies
03-29-21,Debit Card STRAWBERR 101 BI SULPHUR SPRI NT #0759,-250.06,Owners Draw
03-29-21,Debit Card JOE BOBS SULPHUR SPRI NT #4349,-43.01,Vehicle Expenses:Fuel
03-29-21,Debit Card JOE BOBS SULPHUR SPRI NT #4349,-15.54,Vehicle Expenses:Fuel
03-29-21,Debit Card SUPER HANDY 7 SULPHUR SPRI NT #0759,-8.34,Business Supplies
03-29-21,Debit Card SUPER HANDY SULPHUR SPRI NT #4349,-16.18,Business Supplies
03-29-21,Debit Card AMAZON.COM*K04O2 SEATTLE W #4349,-13.1,Business Supplies
03-29-21,Debit Card MCDONALD'S F6509 SULPHUR SPGS T #0759,-5.82,Meals
03-29-21,Debit Card PAYPAL *LINXIAOC 4029357733 C #4349,-29.12,Financial Fees:Payment Processing
03-29-21,Debit Card TACO BELL 709540 9035891674 T #0759,-17.87,Meals
03-29-21,Debit Card BURGER KING #406 SULPHUR SPRI NT #4349,-10.16,Meals
03-29-21,Debit Card AMAZON.COM*MM2LR SEATTLE W #4349,-12.88,Business Supplies
03-29-21,Debit Card TACO BELL 009540 SULPHUR SPRI NT #4349,-18.19,Meals
03-29-21,Debit Card NAPA SULPHUR SPR SULPHUR SPRI NT #4349,-30.23,COGS:Materials & Supplies
03-29-21,Debit Card STATE FARM INSU 8009566310 I #4349,-342.93,Business Insurance
03-29-21,Debit Card MCDONALD'S F6509 SULPHUR SPGS T #0759,-20.61,Meals
03-29-21,Debit Card PIZZA HUT 027529 8178738220 T #4349,-17.9,Meals
03-29-21,Debit Card WHATABURGER 512 PARIS T #4349,-30.82,Meals
03-29-21,Debit Card PAYPAL *JADYLANE 4029357733 C #4349,-26.03,Financial Fees:Payment Processing
03-29-21,Debit Card BODACIOUS BBQ SULPHUR SPRI NT #4349,-14.17,Meals
03-29-21,Debit Card ERIC JONES SNAP 903-717-0020 T #4349,-50,Owners Draw
03-29-21,Debit Card SQ *YESTERLAND F Canton T #4349,-16,Owners Draw
03-29-21,Debit Card SQ *YESTERLAND F Canton T #4349,-16,Owners Draw
03-29-21,Debit Card YESTERLAND FARM 9035672255 T #0759,-41.42,Owners Draw
03-29-21,Debit Card CITY OF SULPHUR SULPHUR SPRI NT #4349,-234.91,Utilities:Water
03-29-21,Debit Card MCDONALD'S F6509 SULPHUR SPGS T #0759,-21.36,Meals
03-29-21,Debit Card WAL-MART #0417 SULPHUR SPRI NT #0759,-26.93,Business Supplies
03-29-21,Debit Card MCDONALD'S F6509 SULPHUR SPGS T #0759,-6.91,Meals
03-29-21,Debit Card AMAZON.COM*9R3HY SEATTLE W #4349,-314.22,Business Supplies
03-29-21,Debit Card MCDONALD'S F6509 SULPHUR SPGS T #0759,-6.91,Meals
03-29-21,Debit Card MCDONALD'S F6509 SULPHUR SPGS T #0759,-5.82,Meals
03-29-21,Debit RCR APPLE.COM/BILL 866-712-7753 C #4349,-7.57,Owners Draw
03-29-21,Withdrawal,-800,Owners Draw
03-29-21,ACH ATMOS ENERGY SGL UTIL PYMT,-240.79,Utilities:Gas
03-29-21,ACH BB&T LOAN PHONEPYMNT,-525,Loan Payments
03-29-21,Cash Roundup Transfer,-19.34,Miscellaneous Expenses
03-29-21,Check 3486,-946,Paid Checks
03-29-21,Check 3489,-600,Paid Checks
03-29-21,Check 3490,-900,Paid Checks
03-30-21,Debit Card SUPER HANDY 7 SULPHUR SPRI NT #4349,-16.18,Business Supplies
03-30-21,Debit Card WM SUPERCENTER # SULPHUR SPRI NT #0759,-143.49,Business Supplies
03-30-21,Debit Card JOE BOB #3 SULPHUR SPRI NT #4349,-5.72,Owners Draw
03-30-21,Debit Card NAPA SULPHUR SPR SULPHUR SPRI NT #4349,-145.22,COGS:Materials & Supplies
03-30-21,Debit Card NAPA SULPHUR SPR SULPHUR SPRI NT #4349,-175.62,COGS:Materials & Supplies
03-30-21,Debit Card LIFETOUCH PRESCH EDEN PRAIRIE M #4349,-162.3,Owners Draw
03-30-21,Debit Card CHILI'S SULPHUR SULPHUR SPRI NT #4349,-48,Meals
03-30-21,Debit Card ERIC JONES SNAP 903-717-0020 T #4349,-500,Owners Draw
03-30-21,Debit Card MCDONALD'S F6509 SULPHUR SPGS T #0759,-5.82,Meals
03-30-21,Debit Card MCDONALD'S F6509 SULPHUR SPGS T #0759,-5.82,Meals
03-30-21,Debit RCR PP*APPLE.COM/BIL 4029357733 C #4349,-7.57,Office Expenses:Software
03-30-21,ACH AMEX EPAYMENT ACH PMT ER AM,-581.21,Business Insurance
03-30-21,ACH AMEX EPAYMENT ACH PMT ER AM,-2229.02,Business Insurance
03-30-21,ACH CAPITAL ONE MOBILE PMT,-3468.97,Owners Draw
03-30-21,ACH CAPITAL ONE MOBILE PMT,-1560.79,Owners Draw
03-30-21,ACH WEX INC FLEET DEBI,-2080.73,Vehicle Expenses:Fuel
03-30-21,Cash Roundup Transfer,-4.26,Miscellaneous Expenses
03-30-21,Check 3484,-175,Paid Checks
03-30-21,Check 3485,-500,Paid Checks
03-30-21,Check 3487,-1020,Paid Checks
03-31-21,Debit Card BROOKSHIR 809 GI SULPHUR SPRI NT #4349,-18.34,Business Supplies
03-31-21,Debit Card SUPER HANDY SULPHUR SPRI NT #4349,-16.18,Business Supplies
03-31-21,Debit Card SUPER HANDY 7 SULPHUR SPRI NT #4349,-12.2,Business Supplies
03-31-21,Debit Card Wal-Mart Super C SULPHUR SPRI NT #0759,-105.26,Business Supplies
03-31-21,Debit Card NAPA SULPHUR SPR SULPHUR SPRI NT #4349,-2.84,COGS:Materials & Supplies
03-31-21,Debit Card NAPA SULPHUR SPR SULPHUR SPRI NT #4349,-8.58,COGS:Materials & Supplies
03-31-21,Debit Card SONIC DRIVE IN # SULPHUR SPRI NT #0759,-2.49,Meals
03-31-21,Debit Card MCDONALD'S F6509 SULPHUR SPGS T #0759,-5.82,Meals
03-31-21,Debit Card MCDONALD'S F6509 SULPHUR SPGS T #0759,-5.82,Meals
03-31-21,Debit Card AMAZON.COM*OK1OD SEATTLE W #4349,-14.06,Business Supplies
03-31-21,Debit Card MCDONALD'S F6509 SULPHUR SPGS T #0759,-10.68,Meals
03-31-21,Debit RCR PAYPAL *SHUTTERF 4029357733 C #4349,-26.2,Financial Fees:Payment Processing
03-31-21,Withdrawal,-500,Owners Draw
03-31-21,ACH LTG TEXARKANA T PURCHASE TELECHK 800-697-926 CK 3492,-2376.49,Repairs & Maintenance:Equipment
03-31-21,Cash Roundup Transfer,-6.53,Miscellaneous Expenses
03-31-21,Check 3488,-550,Paid Checks
03-31-21,Check 3491,-250,Paid Checks
04-01-21,Debit Card HONEY GROVE GAS HONEY GROVE T #4349,-8.61,Vehicle Expenses:Fuel
04-01-21,Debit Card JOE BOB'S #5 COMO T #4349,-8.58,Owners Draw
04-01-21,Debit Card JOES FAST LANE SULPHUR SPRI NT #4349,-11.38,Vehicle Expenses:Fuel
04-01-21,Debit Card PIZZA INN SULPHUR SPRI NT #4349,-31.11,Meals
04-01-21,Debit Card NAPA SULPHUR SPR SULPHUR SPRI NT #4349,-18.34,COGS:Materials & Supplies
04-01-21,Debit Card INSTACART SAN FRANCISC OC #4349,-245.59,Owners Draw
04-01-21,Debit Card MCDONALD'S F6509 SULPHUR SPGS T #0759,-5.82,Meals
04-01-21,Debit RCR PAYPAL *SHUTTERF 4029357733 C #4349,-39.38,Financial Fees:Payment Processing
04-01-21,Cash Roundup Transfer,-4.19,Miscellaneous Expenses
04-01-21,Check 3323,-48,Paid Checks
04-02-21,Deposit,6367.5,Business Income
04-02-21,Debit Card BROOKSHIR 809 GI SULPHUR SPRI NT #4349,-23.94,Business Supplies
04-02-21,Debit Card SUPER HANDY SULPHUR SPRI NT #4349,-15.91,Business Supplies
04-02-21,Debit Card Sulphur S Sulphu Sulphur Spri nT #4349,-108.7,Business Supplies
04-02-21,Debit Card BODACIOUS BBQ SULPHUR SPRI NT #4349,-37.28,Meals
04-02-21,Debit Card PAYPAL *AMILES2 4029357733 C #4349,-20.88,Financial Fees:Payment Processing
04-02-21,Debit Card NAPA SULPHUR SPR SULPHUR SPRI NT #4349,-18.36,COGS:Materials & Supplies
04-02-21,Debit Card NAPA SULPHUR SPR SULPHUR SPRI NT #4349,-15.14,COGS:Materials & Supplies
04-02-21,Debit Card MCDONALD'S F6509 SULPHUR SPGS T #0759,-18.9,Meals
04-02-21,Debit Card MCDONALD'S F6509 SULPHUR SPGS T #0759,-11.76,Meals
04-02-21,Debit Card MCDONALD'S F6509 SULPHUR SPGS T #0759,-15.33,Meals
04-02-21,Debit RCR PP*APPLE.COM/BIL 4029357733 C #4349,-29.18,Office Expenses:Software
04-02-21,Cash Roundup Transfer,-4.62,Miscellaneous Expenses
04-05-21,Deposit,4400,Business Income
04-05-21,Deposit,7435,Business Income
04-05-21,ACH Square Inc 210405 P2,1126.12,Business Income
04-05-21,ATM Withdrawal US HWY 271 SOUTH GRANT O #4349,-1004.25,Owners Draw
04-05-21,ATM Withdrawal US HWY 271 SOUTH GRANT O #4349,-1004.25,Owners Draw
04-05-21,ATM Withdrawal US HWY 271 SOUTH GRANT O #0759,-604.25,Owners Draw
04-05-21,ATM Withdrawal US HWY 271 SOUTH GRANT O #4349,-1004.25,Owners Draw
04-05-21,ATM Withdrawal US HWY 271 SOUTH GRANT O #0759,-604.25,Owners Draw
04-05-21,ATM Withdrawal US HWY 271 SOUTH GRANT O #4349,-1004.25,Owners Draw
04-05-21,ATM Withdrawal 919 GILMER ST SULPHUR SPRI NT #4349,-100,Owners Draw
04-05-21,Debit Card SUPER HANDY SULPHUR SPRI NT #4349,-22.28,Business Supplies
04-05-21,Debit Card SUPER HANDY SULPHUR SPRI NT #4349,-17.47,Business Supplies
04-05-21,Debit Card SUPER HANDY SULPHUR SPRI NT #4349,-8.34,Business Supplies
04-05-21,Debit Card SUPER HANDY SULPHUR SPRI NT #4349,-31.72,Business Supplies
04-05-21,Debit Card WAL-MART #0417 SULPHUR SPRI NT #4349,-53.59,Business Supplies
04-05-21,Debit Card BROOKSHIR 809 GI SULPHUR SPRI NT #4349,-40.58,Business Supplies
04-05-21,Debit Card CN TRAVEL PLAZA- GRANT O #4349,-15.34,Vehicle Expenses:Fuel
04-05-21,Debit Card JOE BOBS #2 SULPHUR SPRI NT #4349,-19.49,Vehicle Expenses:Fuel
04-05-21,Debit Card JOE BOB #3 SULPHUR SPRI NT #4349,-11.78,Owners Draw
04-05-21,Debit Card TACO BELL 009540 SULPHUR SPRI NT #0759,-11.84,Meals
04-05-21,Debit Card COLLEGE PAY AMARILLO T #4349,-3.36,Owners Draw
04-05-21,Debit Card COLLEGE PAY AMARILLO T #4349,-137,Owners Draw
04-05-21,Debit Card MCDONALD'S F6509 SULPHUR SPGS T #4349,-18.35,Meals
04-05-21,Debit Card Prime Video*ZF3Q 888-802-3080 W #4349,-32.46,Owners Draw
04-05-21,Debit Card NAPA SULPHUR SPR SULPHUR SPRI NT #4349,-69.9,COGS:Materials & Supplies
04-05-21,Debit Card NAPA SULPHUR SPR SULPHUR SPRI NT #4349,-97.19,COGS:Materials & Supplies
04-05-21,Debit Card IHOP 3411.00 SULPHUR SPRI NT #4349,-53.18,Meals
04-05-21,Debit Card ERIC JONES SNAP 903-717-0020 T #4349,-83.26,Owners Draw
04-05-21,Debit Card TIERRA DEL SOL SULPHUR SPRI NT #4349,-40.27,Meals
04-05-21,Debit Card PAYPAL *DAVIRELL 4029357733 C #4349,-15.74,Financial Fees:Payment Processing
04-05-21,Debit Card MCDONALD'S F6509 SULPHUR SPGS T #0759,-5.82,Meals
04-05-21,Debit Card O'REILLY AUTO PA SULPHUR SPRI NT #4349,-47.6,COGS:Materials & Supplies
04-05-21,Debit Card O'REILLY AUTO PA SULPHUR SPRI NT #4349,-98.36,COGS:Materials & Supplies
04-05-21,Debit Card DAIRY QUEEN - 44 SULPHUR SPRI NT #4349,-29.83,Meals
04-05-21,Debit Card DOLLAR GENERAL # SULPHUR SPRI NT #0759,-19.58,Business Supplies
04-05-21,Debit Card MCDONALD'S F6509 SULPHUR SPGS T #4349,-5.82,Meals
04-05-21,Debit Card AMAZON.COM*3K1I2 SEATTLE W #4349,-16.23,Business Supplies
04-05-21,Debit Card MCDONALD'S F6509 SULPHUR SPGS T #4349,-5.82,Meals
04-05-21,Debit Card MCDONALD'S F6509 SULPHUR SPGS T #4349,-5.82,Meals
04-05-21,Debit RCR PP*APPLE.COM/BIL 4029357733 C #4349,-5.4,Office Expenses:Software
04-05-21,Debit RCR PP*APPLE.COM/BIL 4029357733 C #4349,-27.03,Office Expenses:Software
04-05-21,ACH CAPITAL ONE MOBILE PMT,-647.16,Owners Draw
04-05-21,Cash Roundup Transfer,-14.55,Miscellaneous Expenses
04-05-21,Check 2941,-259,Paid Checks
04-05-21,Check 3425,-803,Paid Checks
04-05-21,Check 3426,-900,Paid Checks
04-05-21,Check 3429,-676,Paid Checks
04-06-21,Deposit,700,Business Income
04-06-21,ACH Square Inc 210406 P2,606.12,Business Income
04-06-21,ATM Withdrawal 919 GILMER ST SULPHUR SPRI NT #0759,-200,Owners Draw
04-06-21,Debit Card MARTINDALE FEED SULPHUR SPRI NT #4349,-8.5,COGS:Materials & Supplies
04-06-21,Debit Card WM SUPERCENTER # SULPHUR SPRI NT #0759,-125.98,Business Supplies
04-06-21,Debit Card JOES FAST LANE SULPHUR SPRI NT #0759,-7.85,Vehicle Expenses:Fuel
04-06-21,Debit Card JOE BOBS #2 SULPHUR SPRI NT #4349,-43.1,Vehicle Expenses:Fuel
04-06-21,Debit Card JOE BOBS #2 SULPHUR SPRI NT #4349,-16.67,Vehicle Expenses:Fuel
04-06-21,Debit Card SUPER HANDY SULPHUR SPRI NT #4349,-18.06,Business Supplies
04-06-21,Debit Card Wal-Mart Super C SULPHUR SPRI NT #4349,-77.62,Business Supplies
04-06-21,Debit Card NAPA SULPHUR SPR SULPHUR SPRI NT #4349,-33.59,COGS:Materials & Supplies
04-06-21,Debit Card NAPA SULPHUR SPR SULPHUR SPRI NT #4349,-30.88,COGS:Materials & Supplies
04-06-21,Debit Card NAPA SULPHUR SPR SULPHUR SPRI NT #4349,-6.29,COGS:Materials & Supplies
04-06-21,Debit Card ERIC JONES SNAP 903-717-0020 T #4349,-500,Owners Draw
04-06-21,Debit Card AMAZON.COM*S50IT SEATTLE W #4349,-17.3,Business Supplies
04-06-21,Debit Card MCDONALD'S F6509 SULPHUR SPGS T #0759,-5.82,Meals
04-06-21,Debit Card MCDONALD'S F6509 SULPHUR SPGS T #0759,-5.82,Meals
04-06-21,Debit RCR PP*APPLE.COM/BIL 4029357733 C #4349,-16.22,Office Expenses:Software
04-06-21,Automatic Loan Pmt LN PyXXXXXX0645 1,-262.22,Loan Payments
04-06-21,ACH AM INCOME LIFE INS.PREM 800-433-3405,-76.53,Owners Draw
04-06-21,ACH AM INCOME LIFE INS.PREM 800-433-3405,-22.98,Owners Draw
04-06-21,Cash Roundup Transfer,-6.3,Miscellaneous Expenses
04-06-21,Check 3427,-1000,Paid Checks
04-06-21,Check 3428,-650,Paid Checks
04-07-21,ACH Square Inc 210407 P2,271.22,Business Income
04-07-21,Debit Card BROOKSHIR 809 GI SULPHUR SPRI NT #4349,-18.97,Business Supplies
04-07-21,Debit Card HOPKINS C 3410 CARROLLTON T #4349,-75,Business Supplies
04-07-21,Debit Card SUPER HANDY 7 SULPHUR SPRI NT #4349,-8.34,Business Supplies
04-07-21,Debit Card SUPER HANDY SULPHUR SPRI NT #4349,-20.21,Business Supplies
04-07-21,Debit Card PAYPAL *ETSY 4029357733 C #4349,-27.32,Financial Fees:Payment Processing
04-07-21,Debit Card PAYPAL *ETSY.COM 4029357733 C #4349,-33.02,Financial Fees:Payment Processing
04-07-21,Debit Card MATTRESS HEAVEN SULPHUR SPRI NT #4349,-208,Owners Draw
04-07-21,Debit Card ADT SECURITY*402 WWW.ADT.COM F #4349,-336.56,Business Insurance
04-07-21,Debit Card SCRUBBIES WASH U SULPHUR SPRI NT #0759,-18,Vehicle Expenses:Routine
04-07-21,Debit Card NAPA SULPHUR SPR SULPHUR SPRI NT #4349,-34.56,COGS:Materials & Supplies
04-07-21,Debit Card NAPA SULPHUR SPR SULPHUR SPRI NT #4349,-45.89,COGS:Materials & Supplies
04-07-21,Debit Card NAPA SULPHUR SPR SULPHUR SPRI NT #4349,-81.84,COGS:Materials & Supplies
04-07-21,Debit Card CHICKEN EXPRESS- SULPHUR SPRI NT #0759,-44.19,Meals
04-07-21,Debit Card NAPA SULPHUR SPR SULPHUR SPRI NT #4349,-22.14,COGS:Materials & Supplies
04-07-21,Debit Card AMAZON.COM*N56BD SEATTLE W #4349,-42.14,Business Supplies
04-07-21,Debit Card MCDONALD'S F6509 SULPHUR SPGS T #0759,-5.82,Meals
04-07-21,Debit Card Guaranty Pay Gua Mount Pleasa nT #4349,-100,Owners Draw
04-07-21,Debit Card MCDONALD'S F6509 SULPHUR SPGS T #0759,-3.99,Meals
04-07-21,Debit Card MCDONALD'S F6509 SULPHUR SPGS T #0759,-9.6,Meals
04-07-21,Debit RCR PAYPAL *PMALL CO 4029357733 I #4349,-62.34,Financial Fees:Payment Processing
04-07-21,ACH CAPITAL ONE MOBILE PMT,-3337.2,Owners Draw
04-07-21,Cash Roundup Transfer,-8.07,Miscellaneous Expenses
04-08-21,Deposit,650,Business Income
04-08-21,Deposit,730.68,Business Income
04-08-21,ACH Square Inc 210408 P2,531.69,Business Income
04-08-21,Debit Card BROOKSHIR 809 GI SULPHUR SPRI NT #4349,-9.99,Business Supplies
04-08-21,Debit Card SUPER HANDY SULPHUR SPRI NT #4349,-16.33,Business Supplies
04-08-21,Debit Card JOES FAST LANE SULPHUR SPRI NT #4349,-20.01,Vehicle Expenses:Fuel
04-08-21,Debit Card Sulphur S Sulphu Sulphur Spri nT #4349,-77.85,Business Supplies
04-08-21,Debit Card HOPKINS C 3410 CARROLLTON T #0759,-23,Business Supplies
04-08-21,Debit Card LOWE'S #1810 SULPHUR SPRG ST #4349,-66.96,Repairs & Maintenance:Building
04-08-21,Debit Card ADT SECURITY*403 800-238-2727 F #4349,-274.17,Business Insurance
04-08-21,Debit Card INSTACART SAN FRANCISC OC #4349,-203.7,Owners Draw
04-08-21,Debit Card NAPA SULPHUR SPR SULPHUR SPRI NT #4349,-5.82,COGS:Materials & Supplies
04-08-21,Debit Card NAPA SULPHUR SPR SULPHUR SPRI NT #4349,-22.82,COGS:Materials & Supplies
04-08-21,Debit Card NAPA SULPHUR SPR SULPHUR SPRI NT #4349,-51.37,COGS:Materials & Supplies
04-08-21,Debit Card NAPA SULPHUR SPR SULPHUR SPRI NT #4349,-77.39,COGS:Materials & Supplies
04-08-21,Debit Card MCDONALD'S F6509 SULPHUR SPGS T #0759,-9.5,Meals
04-08-21,Debit Card SQ *PATRICIA REE Sulphur Spri nT #0759,-108,Owners Draw
04-08-21,Debit Card AMAZON.COM*LM4D4 SEATTLE W #4349,-23.7,Business Supplies
04-08-21,Debit Card MCDONALD'S F6509 SULPHUR SPGS T #0759,-5.82,Meals
04-08-21,Debit Card MCDONALD'S F6509 SULPHUR SPGS T #0759,-15.86,Meals
04-08-21,Debit RCR PP*APPLE.COM/BIL 4029357733 C #4349,-10.81,Office Expenses:Software
04-08-21,IB INTERNET TRANSFER TO ACCOUNT *0851,-375,Account Transfers
04-08-21,IB INTERNET TRANSFER TO ACCOUNT *9922,-475,Account Transfers
04-08-21,Cash Roundup Transfer,-5.9,Miscellaneous Expenses
04-08-21,Check 3430,-237.67,Paid Checks
04-09-21,Deposit,6689.43,Business Income
04-09-21,ACH Square Inc 210409 P2,948.93,Business Income
04-09-21,Debit Card LITTLE CAESARS 1 SULPHUR SPRI NT #4349,-8.65,Meals
04-09-21,Debit Card JOE BOBS SULPHUR SPRI NT #4349,-17.87,Vehicle Expenses:Fuel
04-09-21,Debit Card SUPER HANDY SULPHUR SPRI NT #4349,-16.33,Business Supplies
04-09-21,Debit Card HOPKINS CTY SVC CARROLLTON T #4349,-1.88,Business Supplies
04-09-21,Debit Card DONUT SUPREME SULPHUR SPRI NT #0759,-10.55,Owners Draw
04-09-21,Debit Card NAPA SULPHUR SPR SULPHUR SPRI NT #4349,-19.68,COGS:Materials & Supplies
04-09-21,Debit Card NAPA SULPHUR SPR SULPHUR SPRI NT #4349,-45.24,COGS:Materials & Supplies
04-09-21,Debit Card NAPA SULPHUR SPR SULPHUR SPRI NT #4349,-47.92,COGS:Materials & Supplies
04-09-21,Debit Card NAPA SULPHUR SPR SULPHUR SPRI NT #4349,-178.98,COGS:Materials & Supplies
04-09-21,Debit Card NAPA SULPHUR SPR SULPHUR SPRI NT #4349,-38,COGS:Materials & Supplies
04-09-21,Debit Card MCDONALD'S F6509 SULPHUR SPGS T #0759,-10.02,Meals
04-09-21,Debit Card MCDONALD'S F6509 SULPHUR SPGS T #0759,-5.82,Meals
04-09-21,Withdrawal,-330,Owners Draw
04-09-21,ACH CAPITAL ONE MOBILE PMT,-450,Owners Draw
04-09-21,Cash Roundup Transfer,-4.06,Miscellaneous Expenses
04-09-21,Check 3431,-950,Paid Checks
04-12-21,Deposit,7140,Business Income
04-12-21,ACH Square Inc 210412 P2,1090.43,Business Income
04-12-21,ATM Withdrawal US HWY 271 SOUTH GRANT O #4349,-1004.25,Owners Draw
04-12-21,ATM Withdrawal US HWY 271 SOUTH GRANT O #4349,-1004.25,Owners Draw
04-12-21,ATM Withdrawal US HWY 271 SOUTH GRANT O #0759,-604.25,Owners Draw
04-12-21,ATM Withdrawal US HWY 271 SOUTH GRANT O #0759,-504.25,Owners Draw
04-12-21,ATM Withdrawal US HWY 271 SOUTH GRANT O #4349,-1004.25,Owners Draw
04-12-21,Debit Card SUPER HANDY SULPHUR SPRI NT #4349,-16.33,Business Supplies
04-12-21,Debit Card SUPER HANDY SULPHUR SPRI NT #4349,-24.12,Business Supplies
04-12-21,Debit Card SUPER HANDY SULPHUR SPRI NT #4349,-3.86,Business Supplies
04-12-21,Debit Card BROOKSHIR 809 GI SULPHUR SPRI NT #0759,-11.96,Business Supplies
04-12-21,Debit Card SUPER HANDY SULPHUR SPRI NT #4349,-29.52,Business Supplies
04-12-21,Debit Card SUPER HANDY SULPHUR SPRI NT #4349,-16.33,Business Supplies
04-12-21,Debit Card DOLLARTRE 810 GI SULPHUR SPRI NT #0759,-14.07,Business Supplies
04-12-21,Debit Card WAL-MART #0417 SULPHUR SPRI NT #0759,-82,Business Supplies
04-12-21,Debit Card JOE BOB #3 SULPHUR SPRI NT #4349,-5.5,Owners Draw
04-12-21,Debit Card DOLLAR-GE DG 017 SULPHUR SPRI NT #0759,-9.59,Business Supplies
04-12-21,Debit Card NORTHEAST 100 MA COMMERCE T #4349,-125,Owners Draw
04-12-21,Debit Card NORTHEAST 100 MA COMMERCE T #4349,-50,Owners Draw
04-12-21,Debit Card CN TRAVEL PLAZA- GRANT O #4349,-15.49,Vehicle Expenses:Fuel
04-12-21,Debit Card NAPA SULPHUR SPR SULPHUR SPRI NT #4349,-2250,COGS:Materials & Supplies
04-12-21,Debit Card JOES FAST LANE SULPHUR SPRI NT #4349,-48.04,Vehicle Expenses:Fuel
04-12-21,Debit Card JOES FAST LANE SULPHUR SPRI NT #4349,-17.22,Vehicle Expenses:Fuel
04-12-21,Debit Card DOLLAR-GE DG 017 SULPHUR SPRI NT #4349,-12.12,Business Supplies
04-12-21,Debit Card HOPKINS CTY CLER CARROLLTON T #0759,-1,Business Supplies
04-12-21,Debit Card TACO BELL 009540 SULPHUR SPRI NT #0759,-35.25,Meals
04-12-21,Debit Card DONUT SUPREME SULPHUR SPRI NT #4349,-6.3,Owners Draw
04-12-21,Debit Card MCDONALD'S F6509 SULPHUR SPGS T #0759,-5.82,Meals
04-12-21,Debit Card LIBERTY POWER HO 866-7693799 F #4349,-110.93,Utilities:Electricity
04-12-21,Debit Card MCDONALD'S F6509 SULPHUR SPGS T #0759,-24.51,Meals
04-12-21,Debit Card PAYPAL *FACEBOOK 4029357733 C #4349,-16.76,Financial Fees:Payment Processing
04-12-21,Debit Card MCDONALD'S F6509 SULPHUR SPGS T #0759,-5.82,Meals
04-12-21,Debit Card MCDONALD'S F6509 SULPHUR SPGS T #0759,-6.15,Meals
04-12-21,Debit Card WHATABURGER 773 SULPHUR SPRI NT #0759,-9.05,Meals
04-12-21,Debit Card PIZZA INN - SULP SULPHUR SPRI NT #4349,-70,Meals
04-12-21,Debit Card SQ *NORTHCUTT DO Sulphur Spri nT #0759,-12.78,Owners Draw
04-12-21,Debit Card MCDONALD'S F6509 SULPHUR SPGS T #0759,-5.82,Meals
04-12-21,Debit Card MCDONALD'S F6509 SULPHUR SPGS T #4349,-2.91,Meals
04-12-21,Debit Card MCDONALD'S F6509 SULPHUR SPGS T #0759,-10.36,Meals
04-12-21,Debit Card MCDONALD'S F6509 SULPHUR SPGS T #0759,-5.82,Meals
04-12-21,Debit Card MCDONALD'S F6509 SULPHUR SPGS T #0759,-5.82,Meals
04-12-21,Debit RCR Amazon Prime*4Z1 Amzn.com/bil lW #4349,-14.06,Owners Draw
04-12-21,Debit RCR PP*APPLE.COM/BIL 4029357733 C #4349,-10.81,Office Expenses:Software
04-12-21,Debit RCR NETFLIX.COM NETFLIX.COM C #4349,-19.2,Owners Draw
04-12-21,ACH ATMOS ENERGY SGL UTIL PYMT,-115.09,Utilities:Gas
04-12-21,ACH LOANCARE SERV MTG PYMT,-507.69,Owners Draw
04-12-21,Cash Roundup Transfer,-15.68,Miscellaneous Expenses
04-12-21,Check 3432,-3300,Paid Checks
04-12-21,Check 3435,-800,Paid Checks
04-12-21,Check 3493,-800,Paid Checks
04-12-21,Check 3494,-600,Paid Checks
04-13-21,Debit Card SUPER HANDY SULPHUR SPRI NT #4349,-18.49,Business Supplies
04-13-21,Debit Card WHATABURGER 773 SULPHUR SPRI NT #4349,-22.82,Meals
04-13-21,Debit Card JACK IN THE BOX SULFER SPRIN GT #0759,-17.99,Meals
04-13-21,Debit Card PILOT 00 SULPHUR SPRI NT #0759,-13.17,Vehicle Expenses:Fuel
04-13-21,Debit Card CHILI'S SULPHUR SULPHUR SPRI NT #4349,-79.06,Meals
04-13-21,Debit Card ERIC JONES SNAP 903-717-0020 T #4349,-500,Owners Draw
04-13-21,Debit Card AMAZON.COM*556P5 SEATTLE W #4349,-70.83,Business Supplies
04-13-21,Debit Card AMAZON.COM*U80NP SEATTLE W #4349,-39.35,Business Supplies
04-13-21,Debit Card ADTSECURITY MYAD 800-238-2727 F #4349,-168.86,Business Insurance
04-13-21,Debit Card MCDONALD'S F6509 SULPHUR SPGS T #0759,-5.82,Meals
04-13-21,Debit RCR PP*APPLE.COM/BIL 4029357733 C #4349,-10.81,Office Expenses:Software
04-13-21,Debit RCR PP*APPLE.COM/BIL 4029357733 C #4349,-10.81,Office Expenses:Software
04-13-21,ACH CAPITAL ONE MOBILE PMT,-991.01,Owners Draw
04-13-21,Cash Roundup Transfer,-3.99,Miscellaneous Expenses
04-13-21,Check 3434,-125,Paid Checks
04-13-21,Check 3495,-650,Paid Checks
04-14-21,Deposit,1266,Business Income
04-14-21,ACH Square Inc 210414 P2,346.37,Business Income
04-14-21,Debit Card Rev NAPA SULPHUR SPR SULPHUR SPRI NT #4349,9,COGS:Materials & Supplies
04-14-21,Debit Card BROOKSHIR 809 GI SULPHUR SPRI NT #0759,-15,Business Supplies
04-14-21,Debit Card SUPER HANDY SULPHUR SPRI NT #4349,-18.12,Business Supplies
04-14-21,Debit Card BROOKSHIR 809 GI SULPHUR SPRI NT #0759,-47.16,Business Supplies
04-14-21,Debit Card LTG TEXARKANA TR NASH T #4349,-98.19,Repairs & Maintenance:Equipment
04-14-21,Debit Card NAPA SULPHUR SPR SULPHUR SPRI NT #4349,-46.99,COGS:Materials & Supplies
04-14-21,Debit Card NAPA SULPHUR SPR SULPHUR SPRI NT #4349,-167.88,COGS:Materials & Supplies
04-14-21,Debit Card PILOT 00 SULPHUR SPRI NT #0759,-10.37,Vehicle Expenses:Fuel
04-14-21,Debit Card PAYPAL *ECLAIRCO 4029357733 C #4349,-16.98,Financial Fees:Payment Processing
04-14-21,Debit Card MCDONALD'S F6509 SULPHUR SPGS T #0759,-19.97,Meals
04-14-21,Debit Card MCDONALD'S F6509 SULPHUR SPGS T #0759,-5.82,Meals
04-14-21,Debit Card AMAZON.COM*RR7FM SEATTLE W #4349,-14.06,Business Supplies
04-14-21,Cash Roundup Transfer,-4.46,Miscellaneous Expenses
04-14-21,Check 3496,-1000,Paid Checks
04-14-21,Check 3497,-250,Paid Checks
04-14-21,Check 3324,-790,Paid Checks
04-15-21,Debit Card BURGER KING #406 SULPHUR SPRI NT #0759,-8.66,Meals
04-15-21,Debit Card LTG TEXARKANA TR NASH T #4349,-107.85,Repairs & Maintenance:Equipment
04-15-21,Debit Card PAYPAL *SOUTHERN 4029357733 C #4349,-10,Financial Fees:Payment Processing
04-15-21,Debit Card TACO BELL 009540 SULPHUR SPRI NT #0759,-35.85,Meals
04-15-21,Debit Card NAPA SULPHUR SPR SULPHUR SPRI NT #4349,-4.62,COGS:Materials & Supplies
04-15-21,Debit Card NAPA SULPHUR SPR SULPHUR SPRI NT #4349,-7.81,COGS:Materials & Supplies
04-15-21,Debit Card NAPA SULPHUR SPR SULPHUR SPRI NT #4349,-53.35,COGS:Materials & Supplies
04-15-21,Debit Card NAPA SULPHUR SPR SULPHUR SPRI NT #4349,-26.08,COGS:Materials & Supplies
04-15-21,Debit Card NAPA SULPHUR SPR SULPHUR SPRI NT #4349,-4.62,COGS:Materials & Supplies
04-15-21,Debit Card PAYPAL *JADYLANE 4029357733 C #4349,-31.17,Financial Fees:Payment Processing
04-15-21,Debit Card SCHOLASTIC BOOK LAKE MARY F #0759,-70.25,Owners Draw
04-15-21,Debit Card AMAZON.COM*7V6L0 SEATTLE W #4349,-21.64,Business Supplies
04-15-21,Debit RCR PAYPAL *LAUNCHED 4029357733 C #4349,-82.67,Financial Fees:Payment Processing
04-15-21,Debit RCR PP*APPLE.COM/BIL 4029357733 C #4349,-24.87,Office Expenses:Software
04-15-21,Cash Roundup Transfer,-5.56,Miscellaneous Expenses
04-15-21,Check 3433,-367,Paid Checks
04-16-21,Debit Card SUPER HANDY SULPHUR SPRI NT #4349,-18.06,Business Supplies
04-16-21,Debit Card Wal-Mart Super C SULPHUR SPRI NT #0759,-87.83,Business Supplies
04-16-21,Debit Card WAL-MART #0417 SULPHUR SPRI NT #4349,-63.08,Business Supplies
04-16-21,Debit Card BROOKSHIR 809 GI SULPHUR SPRI NT #0759,-19.41,Business Supplies
04-16-21,Debit Card JOES FAST LANE SULPHUR SPRI NT #4349,-18.13,Vehicle Expenses:Fuel
04-16-21,Debit Card JOE BOBS SULPHUR SPRI NT #4349,-15.61,Vehicle Expenses:Fuel
04-16-21,Debit Card NAPA SULPHUR SPR SULPHUR SPRI NT #4349,-18.38,COGS:Materials & Supplies
04-16-21,Debit Card NAPA SULPHUR SPR SULPHUR SPRI NT #4349,-77.5,COGS:Materials & Supplies
04-16-21,Debit Card PAYPAL *JCS DESI 4029357733 C #4349,-16.25,Financial Fees:Payment Processing
04-16-21,Debit Card MCDONALD'S F6509 SULPHUR SPGS T #0759,-5.82,Meals
04-16-21,Debit Card AMAZON.COM*7H8FV SEATTLE W #4349,-21.29,Business Supplies
04-16-21,Debit RCR AT&T*BILL PAYMEN 8003310500 G #4349,-384.35,Utilities:Phone
04-16-21,ACH ENGIE RESOURCES 9033486408,-462.37,Utilities:Gas
04-16-21,Cash Roundup Transfer,-7.29,Miscellaneous Expenses
04-19-21,Deposit,6639,Business Income
04-19-21,Deposit,1718.99,Business Income
04-19-21,ACH Square Inc 210419 P2,1048.05,Business Income
04-19-21,ATM Withdrawal US HWY 271 SOUTH GRANT O #4349,-1004.25,Owners Draw
04-19-21,ATM Withdrawal US HWY 271 SOUTH GRANT O #0759,-504.25,Owners Draw
04-19-21,ATM Withdrawal US HWY 271 SOUTH GRANT O #4349,-1004.25,Owners Draw
04-19-21,Debit Card JACK IN THE BOX SULFER SPRIN GT #0759,-44.03,Meals
04-19-21,Debit Card BROOKSHIR 809 GI SULPHUR SPRI NT #0759,-47.07,Business Supplies
04-19-21,Debit Card BROOKSHIR 809 GI SULPHUR SPRI NT #4349,-39.71,Business Supplies
04-19-21,Debit Card JOES FAST LANE SULPHUR SPRI NT #4349,-43.34,Vehicle Expenses:Fuel
04-19-21,Debit Card JOES FAST LANE SULPHUR SPRI NT #4349,-15.65,Vehicle Expenses:Fuel
04-19-21,Debit Card EVI*CHOCTAW CASI GRANT O #0759,-1037.5,Owners Draw
04-19-21,Debit Card JOES FAST LANE SULPHUR SPRI NT #4349,-7.32,Vehicle Expenses:Fuel
04-19-21,Debit Card SUPER HANDY SULPHUR SPRI NT #4349,-18.49,Business Supplies
04-19-21,Debit Card TACO BELL 009540 SULPHUR SPRI NT #0759,-19.73,Meals
04-19-21,Debit Card COLLEGE PAY AMARILLO T #4349,-137,Owners Draw
04-19-21,Debit Card COLLEGE PAY AMARILLO T #4349,-3.36,Owners Draw
04-19-21,Debit Card MAC TOOLS - GILM 309-922-9237 T #4349,-100,COGS:Materials & Supplies
04-19-21,Debit Card DAIRY QUEEN #146 SULPHUR SPRI NT #0759,-13.61,Meals
04-19-21,Debit Card NAPA SULPHUR SPR SULPHUR SPRI NT #4349,-6.3,COGS:Materials & Supplies
04-19-21,Debit Card NAPA SULPHUR SPR SULPHUR SPRI NT #4349,-2.42,COGS:Materials & Supplies
04-19-21,Debit Card DAIRY QUEEN - 44 SULPHUR SPRI NT #4349,-21.12,Meals
04-19-21,Debit Card ERIC JONES SNAP 903-717-0020 T #4349,-250,Owners Draw
04-19-21,Debit Card WENDY'S 11637 SULPHUR SPRI NT #0759,-30.46,Meals
04-19-21,Debit Card ERIC JONES SNAP 903-717-0020 T #4349,-100,Owners Draw
04-19-21,Debit Card MCDONALD'S F6509 SULPHUR SPGS T #0759,-5.82,Meals
04-19-21,Debit Card PAYPAL *LARAMIES 4029357733 C #4349,-50,Financial Fees:Payment Processing
04-19-21,Debit Card Prime Video*IW1Q 888-802-3080 W #4349,-9.73,Owners Draw
04-19-21,Debit Card Guaranty Pay Gua Mount Pleasa nT #4349,-200,Owners Draw
04-19-21,Debit RCR PP*APPLE.COM/BIL 4029357733 C #4349,-21.63,Office Expenses:Software
04-19-21,Debit RCR PP*APPLE.COM/BIL 4029357733 C #4349,-2.99,Office Expenses:Software
04-19-21,Debit RCR HLU*HULU 1339504 HULU.COM/BIL LC #4349,-80.08,Owners Draw
04-19-21,Debit RCR PP*APPLE.COM/BIL 4029357733 C #4349,-22.69,Office Expenses:Software
04-19-21,Debit RCR Peacock 5EABD Pr New York N #4349,-5.41,Owners Draw
04-19-21,Debit RCR Peacock 412F0 Pr New York N #4349,-5.4,Owners Draw
04-19-21,ACH ROBINHOOD Funds,-100,Owners Draw
04-19-21,ACH ROBINHOOD Funds,-150,Owners Draw
04-19-21,Cash Roundup Transfer,-12.14,Miscellaneous Expenses
04-19-21,Check 3575,-800,Paid Checks
04-19-21,Check 3576,-800,Paid Checks
04-19-21,Check 3577,-600,Paid Checks
04-20-21,Debit Card Rev NAPA SULPHUR SPR SULPHUR SPRI NT #4349,7.33,COGS:Materials & Supplies
04-20-21,Debit Card JOE BOBS SULPHUR SPRI NT #0759,-20.86,Vehicle Expenses:Fuel
04-20-21,Debit Card BROOKSHIR 809 GI SULPHUR SPRI NT #4349,-2.99,Business Supplies
04-20-21,Debit Card BROOKSHIR 809 GI SULPHUR SPRI NT #4349,-20.17,Business Supplies
04-20-21,Debit Card SUPER HANDY SULPHUR SPRI NT #4349,-17.52,Business Supplies
04-20-21,Debit Card NAPA SULPHUR SPR SULPHUR SPRI NT #4349,-20.63,COGS:Materials & Supplies
04-20-21,Debit Card NAPA SULPHUR SPR SULPHUR SPRI NT #4349,-6.02,COGS:Materials & Supplies
04-20-21,Debit Card ERIC JONES SNAP 903-717-0020 T #4349,-500,Owners Draw
04-20-21,Debit Card MCDONALD'S F6509 SULPHUR SPGS T #0759,-5.82,Meals
04-20-21,Cash Roundup Transfer,-2.99,Miscellaneous Expenses
04-20-21,Check 3498,-100,Paid Checks
04-20-21,Check 3499,-750,Paid Checks
04-20-21,Check 3579,-650,Paid Checks
04-21-21,Deposit,433,Business Income
04-21-21,Debit Card DOLLARTRE 810 GI SULPHUR SPRI NT #0759,-23.82,Business Supplies
04-21-21,Debit Card JOE BOBS #2 SULPHUR SPRI NT #4349,-7.9,Vehicle Expenses:Fuel
04-21-21,Debit Card SUPER HANDY SULPHUR SPRI NT #4349,-16.33,Business Supplies
04-21-21,Debit Card NAPA SULPHUR SPR SULPHUR SPRI NT #4349,-209.85,COGS:Materials & Supplies
04-21-21,Debit Card JUAN PABLOS MEX SULPHUR SPRI NT #4349,-15.16,Meals
04-21-21,Debit Card NAPA SULPHUR SPR SULPHUR SPRI NT #4349,-15.98,COGS:Materials & Supplies
04-21-21,Debit Card NAPA SULPHUR SPR SULPHUR SPRI NT #4349,-19.49,COGS:Materials & Supplies
04-21-21,Debit Card NAPA SULPHUR SPR SULPHUR SPRI NT #4349,-114.27,COGS:Materials & Supplies
04-21-21,Debit Card NAPA SULPHUR SPR SULPHUR SPRI NT #4349,-112.38,COGS:Materials & Supplies
04-21-21,Debit Card NAPA SULPHUR SPR SULPHUR SPRI NT #4349,-16.99,COGS:Materials & Supplies
04-21-21,Debit Card MCDONALD'S F6509 SULPHUR SPGS T #0759,-5.82,Meals
04-21-21,Debit Card Subway 12013 Sulphur Spri nT #4349,-37.9,Meals
04-21-21,Debit Card MCDONALD'S F6509 SULPHUR SPGS T #0759,-8.74,Meals
04-21-21,Debit Card MCDONALD'S F6509 SULPHUR SPGS T #0759,-5.82,Meals
04-21-21,Debit RCR PP*APPLE.COM/BIL 4029357733 C #4349,-14.05,Office Expenses:Software
04-21-21,Debit RCR PP*APPLE.COM/BIL 4029357733 C #4349,-5.4,Office Expenses:Software
04-21-21,ACH AMEX EPAYMENT ACH PMT ER AM,-3.41,Business Insurance
04-21-21,ACH Synchrony Bank CC PYMT,-94,Owners Draw
04-21-21,ACH WEBFILE TAX PYMT DD,-422.01,Taxes and Licenses
04-21-21,Cash Roundup Transfer,-6.1,Miscellaneous Expenses
04-21-21,Check 3578,-235,Paid Checks
04-22-21,ACH Square Inc 210422 P2,494.78,Business Income
04-22-21,Debit Card Rev NAPA SULPHUR SPR SULPHUR SPRI NT #4349,138.47,COGS:Materials & Supplies
04-22-21,IB INTERNET TRANSFER FROM ACCOUNT *8069,182,Account Transfers
04-22-21,ATM Withdrawal 919 GILMER ST SULPHUR SPRI NT #0759,-60,Owners Draw
04-22-21,Debit Card O'REILLY AUTO P SULPHUR SPRI NT #4349,-27.03,COGS:Materials & Supplies
04-22-21,Debit Card JOE BOBS #2 SULPHUR SPRI NT #4349,-42.93,Vehicle Expenses:Fuel
04-22-21,Debit Card JOE BOBS #2 SULPHUR SPRI NT #4349,-16.74,Vehicle Expenses:Fuel
04-22-21,Debit Card ATWOOD SULPHUR S SULPHUR SPRI NT #4349,-87.64,COGS:Materials & Supplies
04-22-21,Debit Card PIZZA INN SULPHUR SPRI NT #4349,-40.57,Meals
04-22-21,Debit Card SQ *CARDEN CIRCU Springfield M #4349,-25,Owners Draw
04-22-21,Debit Card NAPA SULPHUR SPR SULPHUR SPRI NT #4349,-228.96,COGS:Materials & Supplies
04-22-21,Debit Card NAPA SULPHUR SPR SULPHUR SPRI NT #4349,-13.24,COGS:Materials & Supplies
04-22-21,Debit Card SQ *CARDEN CIRCU Springfield M #4349,-32,Owners Draw
04-22-21,Debit Card NAPA SULPHUR SPR SULPHUR SPRI NT #4349,-82.34,COGS:Materials & Supplies
04-22-21,Debit Card NAPA SULPHUR SPR SULPHUR SPRI NT #4349,-32.18,COGS:Materials & Supplies
04-22-21,Debit Card NAPA SULPHUR SPR SULPHUR SPRI NT #4349,-148.74,COGS:Materials & Supplies
04-22-21,Debit Card PP*Carden Intern SPRINGFIELD M #4349,-23.48,Advertising and Promotion
04-22-21,Debit Card MCDONALD'S F6509 SULPHUR SPGS T #0759,-5.82,Meals
04-22-21,Debit Card MCDONALD'S F6509 SULPHUR SPGS T #0759,-5.82,Meals
04-22-21,Cash Roundup Transfer,-5.51,Miscellaneous Expenses
04-23-21,Deposit,805,Business Income
04-23-21,Deposit,4495,Business Income
04-23-21,Debit Card SUPER HANDY SULPHUR SPRI NT #4349,-18.71,Business Supplies
04-23-21,Debit Card E-Z MART 4282 SULPHUR SPRI NT #4349,-17.1,Vehicle Expenses:Fuel
04-23-21,Debit Card BURGERLAND SULPHUR SPRI NT #4349,-22.78,Meals
04-23-21,Debit Card CHICK-FIL-A #041 SULPHUR SPRI NT #0759,-21.43,Meals
04-23-21,Debit Card BURGER KING #406 SULPHUR SPRI NT #0759,-11.36,Meals
04-23-21,Debit Card OPTIMUM OUTCOMES 877-7959819 A #4349,-127.37,Owners Draw
04-23-21,Debit Card TACO BELL 009540 SULPHUR SPRI NT #0759,-9.94,Meals
04-23-21,Debit Card NAPA SULPHUR SPR SULPHUR SPRI NT #4349,-81.84,COGS:Materials & Supplies
04-23-21,Debit Card WINDHAM PROS-FIC 800-969-0059 N #0759,-125,Legal & Professional Services
04-23-21,Debit Card SQ *BELLA STYLE gosq.com T #4349,-19.16,Owners Draw
04-23-21,Debit Card MCDONALD'S F6509 SULPHUR SPGS T #0759,-19.11,Meals
04-23-21,Cash Roundup Transfer,-5.2,Miscellaneous Expenses
04-26-21,Deposit,633,Business Income
04-26-21,ACH Square Inc 210426 P2,1337.44,Business Income
04-26-21,Debit Card Rev NAPA SULPHUR SPR SULPHUR SPRI NT #4349,23.8,COGS:Materials & Supplies
04-26-21,Debit Card Rev NAPA SULPHUR SPR SULPHUR SPRI NT #4349,82.34,COGS:Materials & Supplies
04-26-21,Debit Card BROOKSHIR 809 GI SULPHUR SPRI NT #4349,-14.47,Business Supplies
04-26-21,Debit Card O'REILLY AUTO P SULPHUR SPRI NT #4349,-47.54,COGS:Materials & Supplies
04-26-21,Debit Card SHELL SERVICE S TYLER T #4349,-12.16,Vehicle Expenses:Fuel
04-26-21,Debit Card SUPER HANDY SULPHUR SPRI NT #4349,-32.56,Business Supplies
04-26-21,Debit Card BROOKSHIR 809 GI SULPHUR SPRI NT #4349,-9.48,Business Supplies
04-26-21,Debit Card JOE BOBS SULPHUR SPRI NT #4349,-7.9,Vehicle Expenses:Fuel
04-26-21,Debit Card BROOKSHIR 809 GI SULPHUR SPRI NT #0759,-39.28,Business Supplies
04-26-21,Debit Card SUPER HANDY SULPHUR SPRI NT #4349,-16.33,Business Supplies
04-26-21,Debit Card PETSENSE #7005 SULPHUR SPRI NT #0759,-136.02,Owners Draw
04-26-21,Debit Card LTG TEXARKANA TR NASH T #4349,-345.9,Repairs & Maintenance:Equipment
04-26-21,Debit Card BURGER KING #406 SULPHUR SPRI NT #0759,-8.11,Meals
04-26-21,Debit Card MCDONALD'S F6509 SULPHUR SPGS T #0759,-13.61,Meals
04-26-21,Debit Card MAC TOOLS - GILM 309-922-9237 T #4349,-100,COGS:Materials & Supplies
04-26-21,Debit Card MCDONALD'S F6509 SULPHUR SPGS T #0759,-5.82,Meals
04-26-21,Debit Card NAPA SULPHUR SPR SULPHUR SPRI NT #4349,-82.34,COGS:Materials & Supplies
04-26-21,Debit Card NAPA SULPHUR SPR SULPHUR SPRI NT #4349,-143.99,COGS:Materials & Supplies
04-26-21,Debit Card NAPA SULPHUR SPR SULPHUR SPRI NT #4349,-17,COGS:Materials & Supplies
04-26-21,Debit Card NAPA SULPHUR SPR SULPHUR SPRI NT #4349,-23.8,COGS:Materials & Supplies
04-26-21,Debit Card NAPA SULPHUR SPR SULPHUR SPRI NT #4349,-23.8,COGS:Materials & Supplies
04-26-21,Debit Card NAPA SULPHUR SPR SULPHUR SPRI NT #4349,-11.74,COGS:Materials & Supplies
04-26-21,Debit Card ERIC JONES SNAP 903-717-0020 T #4349,-100,Owners Draw
04-26-21,Debit Card MCDONALD'S F6509 SULPHUR SPGS T #4349,-5.82,Meals
04-26-21,Debit Card LOS MOCHIS MEXIC SULPHUR SPRI NT #4349,-91.58,Meals
04-26-21,Debit Card BURGER KING #406 SULPHUR SPRI NT #0759,-16.31,Meals
04-26-21,Debit Card INSTACART SAN FRANCISC OC #4349,-18.45,Owners Draw
04-26-21,Debit Card Amazon Kids+*IE5 888-802-3080 W #4349,-7.45,Owners Draw
04-26-21,Debit Card STATE FARM INSU 8009566310 I #4349,-342.93,Business Insurance
04-26-21,Debit Card INSTACART SAN FRANCISC OC #4349,-285,Owners Draw
04-26-21,Debit Card CTS*FRONTIER ONL 800-921-8101 C #4349,-101.94,Utilities:Internet
04-26-21,Debit Card WHATABURGER 773 SULPHUR SPRI NT #4349,-5.63,Meals
04-26-21,Debit Card MCDONALD'S F6509 SULPHUR SPGS T #0759,-5.82,Meals
04-26-21,Debit Card EXXONMOBIL 97 PARIS T #4349,-41.51,Vehicle Expenses:Fuel
04-26-21,Debit Card MCDONALD'S F6509 SULPHUR SPGS T #4349,-5.82,Meals
04-26-21,Debit RCR DISNEYPLUS 888-9057888 C #4349,-8.65,Owners Draw
04-26-21,Debit RCR VZWRLSS*BILL PAY 800-922-0204 F #4349,-159.7,Utilities:Phone
04-26-21,Cash Roundup Transfer,-12.54,Miscellaneous Expenses
04-26-21,Check 3581,-625,Paid Checks
04-26-21,Check 3582,-600,Paid Checks
04-26-21,Check 3586,-900,Paid Checks
04-27-21,Deposit,600,Business Income
04-27-21,ACH Square Inc 210427 P2,289.1,Business Income
04-27-21,Debit Card SUPER HANDY SULPHUR SPRI NT #4349,-16.33,Business Supplies
04-27-21,Debit Card BROOKSHIR 809 GI SULPHUR SPRI NT #4349,-23.88,Business Supplies
04-27-21,Debit Card BROOKSHIR 809 GI SULPHUR SPRI NT #4349,-2.19,Business Supplies
04-27-21,Debit Card SUPER HANDY 7 SULPHUR SPRI NT #4349,-10.91,Business Supplies
04-27-21,Debit Card BROOKSHIR 809 GI SULPHUR SPRI NT #4349,-7.78,Business Supplies
04-27-21,Debit Card SUPER HANDY SULPHUR SPRI NT #4349,-21.18,Business Supplies
04-27-21,Debit Card DOORDASH*MCDONAL SAN FRANCISC OC #4349,-8.54,Meals
04-27-21,Debit Card NAPA SULPHUR SPR SULPHUR SPRI NT #4349,-79.98,COGS:Materials & Supplies
04-27-21,Debit Card REDNECK TRAILER SULPHUR SPRI NT #4349,-57.79,COGS:Materials & Supplies
04-27-21,Debit Card ERIC JONES SNAP 903-717-0020 T #4349,-100,Owners Draw
04-27-21,Debit Card DOMINO'S 6838 972-722-2073 T #4349,-100,Meals
04-27-21,Debit Card MCDONALD'S F6509 SULPHUR SPGS T #0759,-5.82,Meals
04-27-21,Debit Card Guaranty Pay Gua Mount Pleasa nT #4349,-100,Owners Draw
04-27-21,Debit Card MCDONALD'S F6509 SULPHUR SPGS T #0759,-5.82,Meals
04-27-21,Debit RCR PP*APPLE.COM/BIL 4029357733 C #4349,-8.64,Office Expenses:Software
04-27-21,Cash Roundup Transfer,-4.14,Miscellaneous Expenses
04-27-21,Check 3580,-625,Paid Checks
04-28-21,ACH Square Inc 210428 P2,1580.76,Business Income
04-28-21,Debit Card SUPER HANDY 7 SULPHUR SPRI NT #4349,-8.62,Business Supplies
04-28-21,Debit Card SUPER HANDY SULPHUR SPRI NT #4349,-20.64,Business Supplies
04-28-21,Debit Card PAYPAL *CANVASPE 4029357733 C #4349,-25.93,Financial Fees:Payment Processing
04-28-21,Debit Card NAPA SULPHUR SPR SULPHUR SPRI NT #4349,-40.97,COGS:Materials & Supplies
04-28-21,Debit Card NAPA SULPHUR SPR SULPHUR SPRI NT #4349,-18.69,COGS:Materials & Supplies
04-28-21,Debit Card PLAYSTATION NETW FOSTER CITY C #4349,-64.94,Owners Draw
04-28-21,Debit Card Prime Video*DX8R 888-802-3080 W #4349,-16.23,Owners Draw
04-28-21,Debit Card MCDONALD'S F6509 SULPHUR SPGS T #0759,-5.82,Meals
04-28-21,Debit Card Guaranty Pay Gua Mount Pleasa nT #4349,-60,Owners Draw
04-28-21,Debit Card MCDONALD'S F6509 SULPHUR SPGS T #4349,-22.02,Meals
04-28-21,Debit RCR APPLE.COM/BILL 866-712-7753 C #4349,-7.57,Owners Draw
04-28-21,Cash Roundup Transfer,-3.57,Miscellaneous Expenses
04-28-21,Check 3583,-1000,Paid Checks
04-28-21,Check 3584,-140.25,Paid Checks
04-28-21,Check 3585,-650,Paid Checks
04-28-21,Check 3587,-250,Paid Checks
04-29-21,ATM Withdrawal 919 GILMER ST SULPHUR SPRI NT #0759,-60,Owners Draw
04-29-21,Debit Card JOES FAST LANE SULPHUR SPRI NT #4349,-12.7,Vehicle Expenses:Fuel
04-29-21,Debit Card MCDONALD'S F6509 SULPHUR SPGS T #0759,-5.82,Meals
04-29-21,Cash Roundup Transfer,-0.48,Miscellaneous Expenses
04-30-21,Deposit,1760.08,Business Income
04-30-21,Deposit,375,Business Income
04-30-21,ACH Square Inc 210430 P2,1487.4,Business Income
04-30-21,Debit Card Rev NAPA SULPHUR SPR SULPHUR SPRI NT #4349,106.03,COGS:Materials & Supplies
04-30-21,ATM Withdrawal 919 GILMER ST SULPHUR SPRI NT #0759,-60,Owners Draw
04-30-21,Debit Card SUPER HANDY SULPHUR SPRI NT #4349,-18.06,Business Supplies
04-30-21,Debit Card PETSENSE #7005 SULPHUR SPRI NT #0759,-23.79,Owners Draw
04-30-21,Debit Card JOE BOB'S #5 COMO T #4349,-15.7,Owners Draw
04-30-21,Debit Card BROOKSHIR 809 GI SULPHUR SPRI NT #0759,-36.99,Business Supplies
04-30-21,Debit Card DONUT SUPREME SULPHUR SPRI NT #4349,-7.55,Owners Draw
04-30-21,Debit Card NAPA SULPHUR SPR SULPHUR SPRI NT #4349,-159.68,COGS:Materials & Supplies
04-30-21,Debit Card NAPA SULPHUR SPR SULPHUR SPRI NT #4349,-46.27,COGS:Materials & Supplies
04-30-21,Debit Card NAPA SULPHUR SPR SULPHUR SPRI NT #4349,-51.54,COGS:Materials & Supplies
04-30-21,Debit Card NAPA SULPHUR SPR SULPHUR SPRI NT #4349,-155.03,COGS:Materials & Supplies
04-30-21,Debit Card NAPA SULPHUR SPR SULPHUR SPRI NT #4349,-28.79,COGS:Materials & Supplies
04-30-21,Debit Card WENDY'S 11637 SULPHUR SPRI NT #0759,-32.24,Meals
04-30-21,Debit Card MCDONALD'S F6509 SULPHUR SPGS T #0759,-5.82,Meals
04-30-21,Debit Card MCDONALD'S F6509 SULPHUR SPGS T #0759,-4.33,Meals
04-30-21,Debit Card MCDONALD'S F6509 SULPHUR SPGS T #0759,-5.82,Meals
04-30-21,Debit Card Guaranty Pay Gua Mount Pleasa nT #4349,-100,Owners Draw
04-30-21,Debit RCR PP*APPLE.COM/BIL 4029357733 C #4349,-9.73,Office Expenses:Software
04-30-21,IB INTERNET TRANSFER TO ACCOUNT *7478,-935,Account Transfers
04-30-21,ACH BB&T LOAN PHONEPYMNT,-500,Loan Payments
04-30-21,Cash Roundup Transfer,-6.66,Miscellaneous Expenses
05-03-21,Deposit,5600,Business Income
05-03-21,Deposit,2695.42,Business Income
05-03-21,ACH Square Inc 210503 P2,375.45,Business Income
05-03-21,ATM Withdrawal 919 GILMER ST SULPHUR SPRI NT #4349,-60,Owners Draw
05-03-21,Debit Card WAL-MART #0417 SULPHUR SPRI NT #0759,-209.24,Business Supplies
05-03-21,Debit Card SUPER HANDY 6 SULPHUR SPRI NT #0759,-16.33,Business Supplies
05-03-21,Debit Card SUPER HANDY SULPHUR SPRI NT #4349,-19.67,Business Supplies
05-03-21,Debit Card SUPER HANDY SULPHUR SPRI NT #4349,-18.06,Business Supplies
05-03-21,Debit Card WM SUPERCENTER # SULPHUR SPRI NT #0759,-52.18,Business Supplies
05-03-21,Debit Card JOES FAST LANE SULPHUR SPRI NT #4349,-22.27,Vehicle Expenses:Fuel
05-03-21,Debit Card JOE BOBS #2 SULPHUR SPRI NT #4349,-17.87,Vehicle Expenses:Fuel
05-03-21,Debit Card SUPER HANDY SULPHUR SPRI NT #4349,-9.95,Business Supplies
05-03-21,Debit Card BODACIOUS BBQ SULPHUR SPRI NT #4349,-10.92,Meals
05-03-21,Debit Card MAC TOOLS - GILM 309-922-9237 T #4349,-99.99,COGS:Materials & Supplies
05-03-21,Debit Card COLLEGE PAY AMARILLO T #4349,-3.36,Owners Draw
05-03-21,Debit Card COLLEGE PAY AMARILLO T #4349,-137,Owners Draw
05-03-21,Debit Card Guaranty Pay Gua Mount Pleasa nT #4349,-100,Owners Draw
05-03-21,Debit Card MCDONALD'S F6509 SULPHUR SPGS T #0759,-19.11,Meals
05-03-21,Debit Card NAPA SULPHUR SPR SULPHUR SPRI NT #4349,-17,COGS:Materials & Supplies
05-03-21,Debit Card CHICKEN EXPRESS- SULPHUR SPRI NT #0759,-14.6,Meals
05-03-21,Debit Card NAPA SULPHUR SPR SULPHUR SPRI NT #4349,-950,COGS:Materials & Supplies
05-03-21,Debit Card NAPA SULPHUR SPR SULPHUR SPRI NT #4349,-4.29,COGS:Materials & Supplies
05-03-21,Debit Card PAYPAL *LARAMIES 4029357733 C #4349,-9.5,Financial Fees:Payment Processing
05-03-21,Debit Card ERIC JONES SNAP 903-717-0020 T #4349,-100,Owners Draw
05-03-21,Debit Card PIZZA INN SULPHUR SPRI NT #0759,-34.22,Meals
05-03-21,Debit Card BURGER KING #406 SULPHUR SPRI NT #4349,-7.24,Meals
05-03-21,Debit Card TST* CORNER GRUB SULPHUR SPRI NT #4349,-47.69,Meals
05-03-21,Debit Card DOMINO'S 6838 972-722-2073 T #4349,-36.35,Meals
05-03-21,Debit Card NAPA SULPHUR SPR SULPHUR SPRI NT #4349,-16.04,COGS:Materials & Supplies
05-03-21,Debit Card CITY OF SULPHUR SULPHUR SPRI NT #4349,-252.18,Utilities:Water
05-03-21,Debit Card Prime Video*KG4C 888-802-3080 W #4349,-4.32,Owners Draw
05-03-21,Debit Card MCDONALD'S F6509 SULPHUR SPGS T #0759,-6.91,Meals
05-03-21,Debit Card MCDONALD'S F6509 SULPHUR SPGS T #4349,-5.82,Meals
05-03-21,Debit Card MCDONALD'S F6509 SULPHUR SPGS T #0759,-5.82,Meals
05-03-21,Debit RCR PP*APPLE.COM/BIL 4029357733 C #4349,-24.87,Office Expenses:Software
05-03-21,Debit RCR PP*APPLE.COM/BIL 4029357733 C #4349,-7.57,Office Expenses:Software
05-03-21,Debit RCR APPLE.COM/BILL 866-712-7753 C #4349,-21.64,Owners Draw
05-03-21,Cash Roundup Transfer,-13.99,Miscellaneous Expenses
05-03-21,Check 3550,-27.46,Paid Checks
05-03-21,Check 3552,-800,Paid Checks
05-03-21,Check 3553,-900,Paid Checks
05-03-21,Check 3556,-600,Paid Checks
05-04-21,ACH Square Inc 210504 P2,145.97,Business Income
05-04-21,ATM Withdrawal 1320 MOCKINGBIRD LA SULPHUR SPRI NT #4349,-62.5,Owners Draw
05-04-21,Debit Card NOYO INC SULPHUR SPRI NT #4349,-8.51,Business Supplies
05-04-21,Debit Card WAL-MART #0417 SULPHUR SPRI NT #0759,-100.31,Business Supplies
05-04-21,Debit Card SUPER HANDY SULPHUR SPRI NT #0759,-8,Business Supplies
05-04-21,Debit Card PAYPAL *JADYLANE 4029357733 C #4349,-20.88,Financial Fees:Payment Processing
05-04-21,Debit Card BOARDWAY SUPER B SULPHUR SPRI NT #0759,-28.1,Business Supplies
05-04-21,Debit Card SONIC DRIVE IN # SULPHUR SPRI NT #4349,-29.45,Meals
05-04-21,Debit Card ERIC JONES SNAP 903-717-0020 T #4349,-200,Owners Draw
05-04-21,Debit Card MCDONALD'S F6509 SULPHUR SPGS T #4349,-7.33,Meals
05-04-21,Debit Card DOORDASH*MCDONAL SAN FRANCISC OC #4349,-21.89,Meals
05-04-21,Debit Card MCDONALD'S F6509 SULPHUR SPGS T #0759,-6.91,Meals
05-04-21,Debit Card Guaranty Pay Gua Mount Pleasa nT #4349,-10,Owners Draw
05-04-21,Debit Card MCDONALD'S F6509 SULPHUR SPGS T #0759,-10.68,Meals
05-04-21,ACH ROBINHOOD Funds,-200,Owners Draw
05-04-21,Cash Roundup Transfer,-3.94,Miscellaneous Expenses
05-04-21,Check 3554,-1000,Paid Checks
05-05-21,ACH Square Inc 210505 P2,417.35,Business Income
05-05-21,Debit Card CANHELP SULPHUR SPRI NT #0759,-35.99,Business Supplies
05-05-21,Debit Card REHKOPF FAMILY F SULPHUR SPRI NT #4349,-5.77,Owners Draw
05-05-21,Debit Card Prime Video*2L70 888-802-3080 W #4349,-4.32,Owners Draw
05-05-21,Debit Card NAPA SULPHUR SPR SULPHUR SPRI NT #4349,-7.19,COGS:Materials & Supplies
05-05-21,Debit Card NAPA SULPHUR SPR SULPHUR SPRI NT #4349,-1.59,COGS:Materials & Supplies
05-05-21,Debit Card NAPA SULPHUR SPR SULPHUR SPRI NT #4349,-99.43,COGS:Materials & Supplies
05-05-21,Debit Card NAPA SULPHUR SPR SULPHUR SPRI NT #4349,-18.12,COGS:Materials & Supplies
05-05-21,Debit Card AMAZON.COM*0363H SEATTLE W #4349,-56.22,Business Supplies
05-05-21,Debit Card AMAZON.COM*C41DD SEATTLE W #4349,-18.39,Business Supplies
05-05-21,Debit Card AMAZON.COM*2L4XY SEATTLE W #4349,-120.44,Business Supplies
05-05-21,Debit Card AMAZON.COM*2L82U SEATTLE W #4349,-19.22,Business Supplies
05-05-21,"Debit Card STUBHUB, INC. 8667882482 C #4349",-267.84,Owners Draw
05-05-21,Debit Card Guaranty Pay Gua Mount Pleasa nT #4349,-60,Owners Draw
05-05-21,Debit Card Guaranty Pay Gua Mount Pleasa nT #4349,-60,Owners Draw
05-05-21,ACH ACUITY INS PREM,-1551.18,Business Insurance
05-05-21,ACH CAPITAL ONE MOBILE PMT,-250,Owners Draw
05-05-21,Cash Roundup Transfer,-6.48,Miscellaneous Expenses
05-05-21,Check 3558,-250,Paid Checks
05-05-21,Check 3555,-650,Paid Checks
05-06-21,Debit Card BROOKSHIR 809 GI SULPHUR SPRI NT #4349,-7.6,Business Supplies
05-06-21,Debit Card BODACIOUS BBQ SULPHUR SPRI NT #0759,-21.09,Meals
05-06-21,Debit Card NAPA SULPHUR SPR SULPHUR SPRI NT #4349,-46.88,COGS:Materials & Supplies
05-06-21,Debit Card NAPA SULPHUR SPR SULPHUR SPRI NT #4349,-54.06,COGS:Materials & Supplies
05-06-21,Debit Card MCDONALD'S F6509 SULPHUR SPGS T #0759,-5.82,Meals
05-06-21,Debit Card MCDONALD'S F6509 SULPHUR SPGS T #0759,-15.33,Meals
05-06-21,Automatic Loan Pmt LN PyXXXXXX0645 1,-262.22,Loan Payments
05-06-21,ACH AM INCOME LIFE INS.PREM 800-433-3405,-76.53,Owners Draw
05-06-21,ACH AM INCOME LIFE INS.PREM 800-433-3405,-22.98,Owners Draw
05-06-21,Cash Roundup Transfer,-3.22,Miscellaneous Expenses
05-06-21,Check 3551,-1517.74,Paid Checks
05-07-21,Deposit,6500,Business Income
05-07-21,ACH Square Inc 210507 P2,125.1,Business Income
05-07-21,Debit Card SUPER HANDY SULPHUR SPRI NT #4349,-19.56,Business Supplies
05-07-21,Debit Card SUPER HANDY SULPHUR SPRI NT #4349,-40.07,Business Supplies
05-07-21,Debit Card SUPER HANDY SULPHUR SPRI NT #4349,-11.34,Business Supplies
05-07-21,Debit Card JOE BOB #3 SULPHUR SPRI NT #0759,-36.79,Owners Draw
05-07-21,Debit Card TACO BELL 009540 SULPHUR SPRI NT #0759,-6.35,Meals
05-07-21,Debit Card NAPA SULPHUR SPR SULPHUR SPRI NT #4349,-88.36,COGS:Materials & Supplies
05-07-21,Debit Card NAPA SULPHUR SPR SULPHUR SPRI NT #4349,-134.56,COGS:Materials & Supplies
05-07-21,Debit Card NAPA SULPHUR SPR SULPHUR SPRI NT #4349,-101.32,COGS:Materials & Supplies
05-07-21,Debit Card NAPA SULPHUR SPR SULPHUR SPRI NT #4349,-51.24,COGS:Materials & Supplies
05-07-21,Debit Card NAPA SULPHUR SPR SULPHUR SPRI NT #4349,-167.88,COGS:Materials & Supplies
05-07-21,Debit Card MCDONALD'S F6509 SULPHUR SPGS T #4349,-13.6,Meals
05-07-21,Debit Card MCDONALD'S F6509 SULPHUR SPGS T #0759,-12.51,Meals
05-07-21,Debit Card Guaranty Pay Gua Mount Pleasa nT #4349,-100,Owners Draw
05-07-21,Debit RCR PP*APPLE.COM/BIL 4029357733 C #4349,-10.81,Office Expenses:Software
05-07-21,IB INTERNET TRANSFER TO ACCOUNT *1628,-1425,Account Transfers
05-07-21,Cash Roundup Transfer,-6.61,Miscellaneous Expenses
05-10-21,Deposit,5720,Business Income
05-10-21,Deposit,2000,Business Income
05-10-21,ATM Withdrawal US HWY 271 SOUTH GRANT O #4349,-1004.25,Owners Draw
05-10-21,ATM Withdrawal US HWY 271 SOUTH GRANT O #4349,-1004.25,Owners Draw
05-10-21,ATM Withdrawal US HWY 271 SOUTH GRANT O #0759,-704.25,Owners Draw
05-10-21,ATM Withdrawal US HWY 271 SOUTH GRANT O #4349,-1104.25,Owners Draw
05-10-21,ATM Withdrawal US HWY 271 SOUTH GRANT O #4349,-904.25,Owners Draw
05-10-21,ATM Withdrawal US HWY 271 SOUTH GRANT O #0759,-704.25,Owners Draw
05-10-21,ATM Withdrawal ROUTE 1 42K HIGHWAY DEVOL O #4349,-403.5,Owners Draw
05-10-21,ATM Withdrawal ROUTE 1 42K HIGHWAY DEVOL O #4349,-403.5,Owners Draw
05-10-21,Debit Card BROOKSHIR 809 GI SULPHUR SPRI NT #0759,-97.37,Business Supplies
05-10-21,Debit Card DOLLAR GE DG 133 COMO T #0759,-20.36,Business Supplies
05-10-21,Debit Card SUPER HANDY SULPHUR SPRI NT #4349,-23.64,Business Supplies
05-10-21,Debit Card CN TRAVEL PLAZA- GRANT O #4349,-40.08,Vehicle Expenses:Fuel
05-10-21,Debit Card ATWOOD SULPHUR S SULPHUR SPRI NT #4349,-65.27,COGS:Materials & Supplies
05-10-21,Debit Card ATWOOD SULPHUR S SULPHUR SPRI NT #4349,-28.12,COGS:Materials & Supplies
05-10-21,Debit Card DOLLARTREE SULPHUR SPRI NT #4349,-5.41,Business Supplies
05-10-21,Debit Card SUPER HANDY SULPHUR SPRI NT #4349,-19.51,Business Supplies
05-10-21,Debit Card SUPER HANDY SULPHUR SPRI NT #4349,-8.34,Business Supplies
05-10-21,Debit Card SHELL SERVICE S HENRIETTA T #4349,-12.1,Vehicle Expenses:Fuel
05-10-21,Debit Card JOE BOBS SULPHUR SPRI NT #0759,-7.71,Vehicle Expenses:Fuel
05-10-21,Debit Card THE ARROW NOCONA T #4349,-50,Meals
05-10-21,Debit Card MAC TOOLS - GILM 309-922-9237 T #4349,-100,COGS:Materials & Supplies
05-10-21,Debit Card AMAZON.COM*LP3QE SEATTLE W #4349,-93.27,Business Supplies
05-10-21,Debit Card LIBERTY POWER HO 866-7693799 F #4349,-115.56,Utilities:Electricity
05-10-21,Debit Card Guaranty Pay Gua Mount Pleasa nT #4349,-175,Owners Draw
05-10-21,Debit Card INSTACART SAN FRANCISC OC #4349,-274.29,Owners Draw
05-10-21,Debit Card TACO BELL 009540 SULPHUR SPRI NT #0759,-18.91,Meals
05-10-21,Debit Card ERIC JONES SNAP 903-717-0020 T #4349,-100,Owners Draw
05-10-21,Debit Card SQ *MARY KAY IND SULPHUR SPGS T #0759,-22,Owners Draw
05-10-21,Debit Card Prime Video*2L2K 888-802-3080 W #4349,-32.46,Owners Draw
05-10-21,Debit Card MCDONALD'S F6509 SULPHUR SPGS T #0759,-5.82,Meals
05-10-21,Debit Card EVI*CHOCTAW CASI GRANT O #4349,-1080,Owners Draw
05-10-21,Debit Card SQ *ENCHANTED RA gosq.com O #0759,-53,Owners Draw
05-10-21,Debit Card MCDONALD'S F6509 SULPHUR SPGS T #4349,-13.91,Meals
05-10-21,Debit Card MCDONALD'S F6509 SULPHUR SPGS T #0759,-5.82,Meals
05-10-21,Cash Roundup Transfer,-10.05,Miscellaneous Expenses
05-10-21,Check 3557,-195.36,Paid Checks
05-10-21,Check 3563,-600,Paid Checks
05-11-21,Deposit,6513.4,Business Income
05-11-21,Debit Card JOE BOBS #2 SULPHUR SPRI NT #4349,-24,Vehicle Expenses:Fuel
05-11-21,Debit Card SUPER HANDY SULPHUR SPRI NT #4349,-32.07,Business Supplies
05-11-21,Debit Card SUPER HANDY SULPHUR SPRI NT #4349,-18.33,Business Supplies
05-11-21,Debit Card SONIC DRIVE IN # BELLS T #4349,-16.28,Meals
05-11-21,Debit Card MCDONALD'S F6509 SULPHUR SPGS T #4349,-7.99,Meals
05-11-21,Debit Card AMAZON.COM*2L00G SEATTLE W #4349,-66.63,Business Supplies
05-11-21,Debit Card SQ *GRANNY'S DON Sulphur Spri nT #0759,-6.71,Meals
05-11-21,Debit Card MCDONALD'S F6509 SULPHUR SPGS T #0759,-5.82,Meals
05-11-21,Debit Card MCDONALD'S F6509 SULPHUR SPGS T #0759,-7.55,Meals
05-11-21,Debit RCR NETFLIX COM LOS GATOS C #4349,-19.2,Owners Draw
05-11-21,ACH LTG TEXARKANA T PURCHASE TELECHK 800-697-926 CK 3559,-2616.23,Repairs & Maintenance:Equipment
05-11-21,ACH CAPITAL ONE MOBILE PMT,-250,Owners Draw
05-11-21,Cash Roundup Transfer,-4.42,Miscellaneous Expenses
05-11-21,Check 3560,-1734.77,Paid Checks
05-11-21,Check 3561,-1000,Paid Checks
05-11-21,Check 3562,-650,Paid Checks
05-12-21,ACH Square Inc 210512 P2,454.87,Business Income
05-12-21,ATM Withdrawal 919 GILMER ST SULPHUR SPRI NT #0759,-360,Owners Draw
05-12-21,Debit Card REHKOPF FAMILY F SULPHUR SPRI NT #4349,-4.15,Owners Draw
05-12-21,Debit Card SUPER HANDY SULPHUR SPRI NT #4349,-17.79,Business Supplies
05-12-21,Debit Card JUAN PABLOS MEX SULPHUR SPRI NT #4349,-41.08,Meals
05-12-21,Debit Card NAPA SULPHUR SPR SULPHUR SPRI NT #4349,-47.94,COGS:Materials & Supplies
05-12-21,Debit Card NAPA SULPHUR SPR SULPHUR SPRI NT #4349,-49.54,COGS:Materials & Supplies
05-12-21,Debit Card CVS/PHARMACY #07 SULPHUR SPRI NT #0759,-288.49,Business Supplies
05-12-21,Debit Card ERIC JONES SNAP 903-717-0020 T #4349,-500,Owners Draw
05-12-21,Debit Card MCDONALD'S F6509 SULPHUR SPGS T #0759,-5.82,Meals
05-12-21,Debit Card Guaranty Pay Gua Mount Pleasa nT #4349,-80,Owners Draw
05-12-21,Debit Card MCDONALD'S F6509 SULPHUR SPGS T #0759,-5.82,Meals
05-12-21,Debit RCR Amazon Prime*2L9 Amzn.com/bil lW #4349,-14.06,Owners Draw
05-12-21,Cash Roundup Transfer,-4.31,Miscellaneous Expenses
05-12-21,Check 3564,-250,Paid Checks
05-13-21,Deposit,1900,Business Income
05-13-21,ACH Square Inc 210513 P2,787.78,Business Income
05-13-21,Debit Card Rev NAPA SULPHUR SPR SULPHUR SPRI NT #4349,159.79,COGS:Materials & Supplies
05-13-21,ATM Withdrawal US HWY 271 SOUTH GRANT O #0759,-504.25,Owners Draw
05-13-21,ATM Withdrawal US HWY 271 SOUTH GRANT O #0759,-204.25,Owners Draw
05-13-21,Debit Card SUPER HANDY SULPHUR SPRI NT #4349,-17.68,Business Supplies
05-13-21,Debit Card SUPER HANDY 7 SULPHUR SPRI NT #4349,-16.06,Business Supplies
05-13-21,Debit Card SUPER HANDY 7 SULPHUR SPRI NT #4349,-6.01,Business Supplies
05-13-21,Debit Card NAPA SULPHUR SPR SULPHUR SPRI NT #4349,-16.99,COGS:Materials & Supplies
05-13-21,Debit Card NAPA SULPHUR SPR SULPHUR SPRI NT #4349,-159.79,COGS:Materials & Supplies
05-13-21,Debit Card NAPA SULPHUR SPR SULPHUR SPRI NT #4349,-13.46,COGS:Materials & Supplies
05-13-21,Debit Card NAPA SULPHUR SPR SULPHUR SPRI NT #4349,-338.75,COGS:Materials & Supplies
05-13-21,Debit Card WHATABURGER 773 SULPHUR SPRI NT #0759,-10.23,Meals
05-13-21,Debit Card CHILI'S SULPHUR SULPHUR SPRI NT #4349,-77.33,Meals
05-13-21,Debit Card SQ *HEAVENLY FLO Sulphur Spri nT #0759,-72.47,Owners Draw
05-13-21,Debit RCR PP*APPLE.COM/BIL 4029357733 C #4349,-10.81,Office Expenses:Software
05-13-21,Cash Roundup Transfer,-5.42,Miscellaneous Expenses
05-14-21,Deposit,10698.75,Business Income
05-14-21,ATM Withdrawal 919 GILMER ST SULPHUR SPRI NT #0759,-200,Owners Draw
05-14-21,Debit Card SUPER HANDY SULPHUR SPRI NT #4349,-16.33,Business Supplies
05-14-21,Debit Card NAPA SULPHUR SPR SULPHUR SPRI NT #4349,-21.44,COGS:Materials & Supplies
05-14-21,Debit Card NAPA SULPHUR SPR SULPHUR SPRI NT #4349,-31.13,COGS:Materials & Supplies
05-14-21,Debit Card NAPA SULPHUR SPR SULPHUR SPRI NT #4349,-7.98,COGS:Materials & Supplies
05-14-21,Debit Card DAIRY QUEEN - 44 SULPHUR SPRI NT #4349,-30.91,Meals
05-14-21,Debit Card BIG SMITH BAR-B- SULPHUR SPRI NT #4349,-161,Meals
05-14-21,Debit Card SONIC DRIVE IN # SULPHUR SPRI NT #4349,-34.12,Meals
05-14-21,Debit Card Prime Video*2L8P 888-802-3080 W #4349,-15.14,Owners Draw
05-14-21,Debit Card MCDONALD'S F6509 SULPHUR SPGS T #0759,-5.82,Meals
05-14-21,Debit Card Guaranty Pay Gua Mount Pleasa nT #4349,-100,Owners Draw
05-14-21,IB INTERNET TRANSFER TO ACCOUNT *0851,-350,Account Transfers
05-14-21,IB INTERNET TRANSFER TO ACCOUNT *9922,-450,Account Transfers
05-14-21,ACH Synchrony Bank CC PYMT,-150,Owners Draw
05-14-21,Cash Roundup Transfer,-4.13,Miscellaneous Expenses
05-14-21,Check 3436,-325,Paid Checks
05-17-21,Deposit,250,Business Income
05-17-21,Deposit,1139.49,Business Income
05-17-21,Deposit,2500,Business Income
05-17-21,ACH Square Inc 210517 P2,697.94,Business Income
05-17-21,IB INTERNET TRANSFER FROM ACCOUNT *8069,105,Account Transfers
05-17-21,ATM Withdrawal 1610 POSEY LANE SULPHUR SPRI NT #4349,-100,Owners Draw
05-17-21,ATM Withdrawal US HWY 271 SOUTH GRANT O #4349,-1604.25,Owners Draw
05-17-21,ATM Withdrawal US HWY 271 SOUTH GRANT O #4349,-1204.25,Owners Draw
05-17-21,ATM Withdrawal US HWY 271 SOUTH GRANT O #4349,-804.25,Owners Draw
05-17-21,ATM Withdrawal 919 GILMER ST SULPHUR SPRI NT #0759,-200,Owners Draw
05-17-21,Debit Card SUPER HANDY SULPHUR SPRI NT #4349,-17.52,Business Supplies
05-17-21,Debit Card WAL-MART #0417 SULPHUR SPRI NT #4349,-161.29,Business Supplies
05-17-21,Debit Card SUPER HANDY SULPHUR SPRI NT #4349,-16.33,Business Supplies
05-17-21,Debit Card JOES FAST LANE SULPHUR SPRI NT #4349,-50.62,Vehicle Expenses:Fuel
05-17-21,Debit Card JOES FAST LANE SULPHUR SPRI NT #4349,-16.24,Vehicle Expenses:Fuel
05-17-21,Debit Card SUPER HANDY SULPHUR SPRI NT #4349,-26.07,Business Supplies
05-17-21,Debit Card WHATABURGER 773 SULPHUR SPRI NT #0759,-10.23,Meals
05-17-21,Debit Card MCDONALD'S F6509 SULPHUR SPGS T #0759,-15.86,Meals
05-17-21,Debit Card MAC TOOLS - GILM 309-922-9237 T #4349,-150,COGS:Materials & Supplies
05-17-21,Debit Card PIZZA HUT 027529 SULPHUR SPRI NT #4349,-78.54,Meals
05-17-21,Debit Card PAYPAL *AMILES2 4029357733 C #4349,-5.45,Financial Fees:Payment Processing
05-17-21,Debit Card MCDONALD'S F6509 SULPHUR SPGS T #0759,-11.65,Meals
05-17-21,Debit Card STATE FARM INSU 8009566310 I #4349,-342.93,Business Insurance
05-17-21,Debit Card NAPA SULPHUR SPR SULPHUR SPRI NT #4349,-23.75,COGS:Materials & Supplies
05-17-21,Debit Card NAPA SULPHUR SPR SULPHUR SPRI NT #4349,-99.56,COGS:Materials & Supplies
05-17-21,Debit Card NAPA SULPHUR SPR SULPHUR SPRI NT #4349,-11.45,COGS:Materials & Supplies
05-17-21,Debit Card NAPA SULPHUR SPR SULPHUR SPRI NT #4349,-30.74,COGS:Materials & Supplies
05-17-21,Debit Card JUAN PABLOS MEX SULPHUR SPRI NT #4349,-32.69,Meals
05-17-21,Debit Card MCDONALD'S F6509 SULPHUR SPGS T #0759,-5.82,Meals
05-17-21,Debit Card Guaranty Pay Gua Mount Pleasa nT #4349,-40,Owners Draw
05-17-21,Debit Card ERIC JONES SNAP 903-717-0020 T #4349,-100,Owners Draw
05-17-21,Debit Card MCDONALD'S F6509 SULPHUR SPGS T #0759,-8.63,Meals
05-17-21,Debit Card METRO ECM DIESEL ARLINGTON T #4349,-950,COGS:Materials & Supplies
05-17-21,Debit Card MCDONALD'S F6509 SULPHUR SPGS T #0759,-5.82,Meals
05-17-21,Debit Card Guaranty Pay Gua Mount Pleasa nT #4349,-100,Owners Draw
05-17-21,Debit Card Prime Video*2L5B 888-802-3080 W #4349,-9.73,Owners Draw
05-17-21,Debit Card MCDONALD'S F6509 SULPHUR SPGS T #0759,-22.88,Meals
05-17-21,Debit Card SONIC DRIVE IN # SULPHUR SPRI NT #0759,-19.95,Meals
05-17-21,Debit Card DOLLAR-GENERAL # SULPHUR SPRI NT #4349,-36.66,Business Supplies
05-17-21,Debit Card MCDONALD'S F6509 SULPHUR SPGS T #0759,-5.82,Meals
05-17-21,Debit Card MCDONALD'S F6509 SULPHUR SPGS T #0759,-5.82,Meals
05-17-21,Debit Card MCDONALD'S F6509 SULPHUR SPGS T #0759,-5.82,Meals
05-17-21,Debit Card AMAZON.COM*2R9PB SEATTLE W #4349,-12.98,Business Supplies
05-17-21,Debit RCR PP*APPLE.COM/BIL 4029357733 C #4349,-5.4,Office Expenses:Software
05-17-21,Debit RCR AT&T*BILL PAYMEN 8003310500 T #4349,-384.48,Utilities:Phone
05-17-21,Debit RCR VZWRLSS*BILL PAY 800-922-0204 F #4349,-159.75,Utilities:Phone
05-17-21,ACH ATMOS ENERGY SGL UTIL PYMT,-61.58,Utilities:Gas
05-17-21,ACH LOANCARE SERV MTG PYMT,-524.73,Owners Draw
05-17-21,Cash Roundup Transfer,-11.52,Miscellaneous Expenses
05-17-21,Check 3566,-980,Paid Checks
05-17-21,Check 3568,-542,Paid Checks
05-17-21,Check 3570,-800,Paid Checks
05-18-21,Debit Card Rev NAPA SULPHUR SPR SULPHUR SPRI NT #4349,57.1,COGS:Materials & Supplies
05-18-21,Debit Card JOE BOBS #2 SULPHUR SPRI NT #4349,-24.72,Vehicle Expenses:Fuel
05-18-21,Debit Card SUPER HANDY SULPHUR SPRI NT #4349,-20.21,Business Supplies
05-18-21,Debit Card SULPHUR SPRINGS SULPHUR SPRI NT #4349,-75,Taxes and Licenses
05-18-21,Debit Card PIZZA INN - SULP SULPHUR SPRI NT #4349,-62.1,Meals
05-18-21,Debit Card PAYPAL *GRACEFUL 4029357733 C #4349,-17.86,Financial Fees:Payment Processing
05-18-21,Debit Card EVI*CHOCTAW CASI GRANT O #4349,-1080,Owners Draw
05-18-21,Debit Card NAPA SULPHUR SPR SULPHUR SPRI NT #4349,-342.62,COGS:Materials & Supplies
05-18-21,Debit Card NAPA SULPHUR SPR SULPHUR SPRI NT #4349,-57.1,COGS:Materials & Supplies
05-18-21,Debit Card ERIC JONES SNAP 903-717-0020 T #4349,-500,Owners Draw
05-18-21,Debit Card MCDONALD'S F6509 SULPHUR SPGS T #0759,-8.74,Meals
05-18-21,Debit Card MCDONALD'S F6509 SULPHUR SPGS T #0759,-5.82,Meals
05-18-21,Debit RCR PP*APPLE.COM/BIL 4029357733 C #4349,-10.81,Office Expenses:Software
05-18-21,Debit RCR PP*APPLE.COM/BIL 4029357733 C #4349,-5.4,Office Expenses:Software
05-18-21,Debit RCR HLU*HULU 1339504 HULU.COM/BIL LC #4349,-80.08,Owners Draw
05-18-21,Debit RCR PP*APPLE.COM/BIL 4029357733 C #4349,-2.99,Office Expenses:Software
05-18-21,Debit RCR Peacock DB3B6 Pr New York N #4349,-5.4,Owners Draw
05-18-21,Debit RCR Peacock X6778 Pr New York N #4349,-5.41,Owners Draw
05-18-21,Cash Roundup Transfer,-6.74,Miscellaneous Expenses
05-18-21,Check 3567,-1000,Paid Checks
05-18-21,Check 3569,-700,Paid Checks
05-19-21,Debit Card JOE BOBS #2 SULPHUR SPRI NT #4349,-17.74,Vehicle Expenses:Fuel
05-19-21,Debit Card SUPER HANDY SULPHUR SPRI NT #4349,-29.18,Business Supplies
05-19-21,Debit Card LOWE'S #1810 SULPHUR SPRG ST #4349,-13.27,Repairs & Maintenance:Building
05-19-21,Debit Card WM SUPERCENTER # SULPHUR SPRI NT #0759,-88.53,Business Supplies
05-19-21,Debit Card TACO BELL 009540 SULPHUR SPRI NT #0759,-39.55,Meals
05-19-21,Debit Card NAPA SULPHUR SPR SULPHUR SPRI NT #4349,-167.88,COGS:Materials & Supplies
05-19-21,Debit Card NAPA SULPHUR SPR SULPHUR SPRI NT #4349,-20.47,COGS:Materials & Supplies
05-19-21,Debit Card NAPA SULPHUR SPR SULPHUR SPRI NT #4349,-13.62,COGS:Materials & Supplies
05-19-21,Debit Card 159 BRAUMS STORE SULPHUR SPRI NT #0759,-12.25,Owners Draw
05-19-21,Debit Card MCDONALD'S F6509 SULPHUR SPGS T #4349,-5.82,Meals
05-19-21,Debit Card SQ *NORTHCUTT DO PARIS T #0759,-12.5,Owners Draw
05-19-21,Debit Card MCDONALD'S F6509 SULPHUR SPGS T #4349,-5.82,Meals
05-19-21,Debit Card MCDONALD'S F6509 SULPHUR SPGS T #0759,-13.38,Meals
05-19-21,Debit Card Guaranty Pay Gua Mount Pleasa nT #4349,-60,Owners Draw
05-19-21,Cash Roundup Transfer,-5.99,Miscellaneous Expenses
05-19-21,Check 3571,-250,Paid Checks
05-20-21,Debit Card SUPER HANDY SULPHUR SPRI NT #4349,-22.36,Business Supplies
05-20-21,Debit Card NAPA SULPHUR SPR SULPHUR SPRI NT #4349,-12.5,COGS:Materials & Supplies
05-20-21,Debit Card NAPA SULPHUR SPR SULPHUR SPRI NT #4349,-37.43,COGS:Materials & Supplies
05-20-21,Debit Card NAPA SULPHUR SPR SULPHUR SPRI NT #4349,-179.2,COGS:Materials & Supplies
05-20-21,Debit Card NAPA SULPHUR SPR SULPHUR SPRI NT #4349,-4.58,COGS:Materials & Supplies
05-20-21,Debit Card NAPA SULPHUR SPR SULPHUR SPRI NT #4349,-255.92,COGS:Materials & Supplies
05-20-21,Debit Card NAPA SULPHUR SPR SULPHUR SPRI NT #4349,-6.18,COGS:Materials & Supplies
05-20-21,Debit Card NAPA SULPHUR SPR SULPHUR SPRI NT #4349,-57.12,COGS:Materials & Supplies
05-20-21,Debit Card EXXONMOBIL 45 SULPHUR SPRI NT #4349,-11.95,Vehicle Expenses:Fuel
05-20-21,Debit Card EXXONMOBIL 45 SULPHUR SPRI NT #4349,-8.72,Vehicle Expenses:Fuel
05-20-21,Debit Card MCDONALD'S F6509 SULPHUR SPGS T #0759,-5.82,Meals
05-20-21,Cash Roundup Transfer,-5.22,Miscellaneous Expenses
05-21-21,Deposit,7535,Business Income
05-21-21,ACH Square Inc 210521 P2,1504.74,Business Income
05-21-21,Debit Card SUPER HANDY SULPHUR SPRI NT #4349,-48.37,Business Supplies
05-21-21,Debit Card SUPER HANDY SULPHUR SPRI NT #4349,-16.33,Business Supplies
05-21-21,Debit Card SUPER HANDY SULPHUR SPRI NT #4349,-18.06,Business Supplies
05-21-21,Debit Card BEST WESTERN PLU TYLER T #4349,-100.05,Business Travel:Lodging
05-21-21,Debit Card INSTACART SAN FRANCISC OC #4349,-222.56,Owners Draw
05-21-21,Debit Card ADT SECURITY*402 WWW.ADT.COM F #4349,-61.69,Business Insurance
05-21-21,Debit Card WHATABURGER 773 SULPHUR SPRI NT #0759,-10.23,Meals
05-21-21,Debit Card EXXONMOBIL 45 SULPHUR SPRI NT #4349,-8.34,Vehicle Expenses:Fuel
05-21-21,Debit Card MCDONALD'S F6509 SULPHUR SPGS T #4349,-5.82,Meals
05-21-21,ACH LTG TEXARKANA T PURCHASE TELECHK 800-697-926 CK 3572,-82.13,Repairs & Maintenance:Equipment
05-21-21,Cash Roundup Transfer,-5.55,Miscellaneous Expenses
05-21-21,Check 3437,-125,Paid Checks
05-24-21,ATM Withdrawal 919 GILMER ST SULPHUR SPRI NT #0759,-200,Owners Draw
05-24-21,ATM Withdrawal 919 GILMER ST SULPHUR SPRI NT #4349,-80,Owners Draw
05-24-21,Debit Card STAR MART # 5 SULPHUR SPRI NT #4349,-15.48,Vehicle Expenses:Fuel
05-24-21,Debit Card SUPER HANDY SULPHUR SPRI NT #4349,-16.33,Business Supplies
05-24-21,Debit Card BROOKSHIR 809 GI SULPHUR SPRI NT #4349,-76.26,Business Supplies
05-24-21,Debit Card SUPER HANDY SULPHUR SPRI NT #4349,-17.84,Business Supplies
05-24-21,Debit Card SUPER HANDY SULPHUR SPRI NT #4349,-17.41,Business Supplies
05-24-21,Debit Card TACO BELL 009540 SULPHUR SPRI NT #4349,-7.55,Meals
05-24-21,Debit Card MAC TOOLS - GILM 309-922-9237 T #4349,-100,COGS:Materials & Supplies
05-24-21,Debit Card OPTIMUM OUTCOMES 877-7959819 A #4349,-127.37,Owners Draw
05-24-21,Debit Card NAPA SULPHUR SPR SULPHUR SPRI NT #4349,-120.5,COGS:Materials & Supplies
05-24-21,Debit Card NAPA SULPHUR SPR SULPHUR SPRI NT #4349,-32.04,COGS:Materials & Supplies
05-24-21,Debit Card NAPA SULPHUR SPR SULPHUR SPRI NT #4349,-8.5,COGS:Materials & Supplies
05-24-21,Debit Card NAPA SULPHUR SPR SULPHUR SPRI NT #4349,-3.32,COGS:Materials & Supplies
05-24-21,Debit Card DAIRY QUEEN - 44 SULPHUR SPRI NT #0759,-31.88,Meals
05-24-21,Debit Card TST* SHOGUN IN G GREENVILLE T #4349,-71,Meals
05-24-21,Debit Card ERIC JONES SNAP 903-717-0020 T #4349,-100,Owners Draw
05-24-21,Debit Card MCDONALD'S F6509 SULPHUR SPGS T #0759,-15.97,Meals
05-24-21,Debit Card WHATABURGER 773 SULPHUR SPRI NT #0759,-19.46,Meals
05-24-21,Debit Card PAYPAL *SPECKLED 4029357733 C #4349,-39.29,Financial Fees:Payment Processing
05-24-21,Debit Card MCDONALD'S F6509 SULPHUR SPGS T #0759,-5.82,Meals
05-24-21,Debit Card Guaranty Pay Gua Mount Pleasa nT #4349,-30,Owners Draw
05-24-21,Debit Card MCDONALD'S F6509 SULPHUR SPGS T #0759,-5.82,Meals
05-24-21,Debit Card MCDONALD'S F6509 SULPHUR SPGS T #0759,-24.83,Meals
05-24-21,Debit Card MCDONALD'S F6509 SULPHUR SPGS T #0759,-5.82,Meals
05-24-21,ACH AMEX EPAYMENT ACH PMT ER AM,-125,Business Insurance
05-24-21,Cash Roundup Transfer,-8.51,Miscellaneous Expenses
05-24-21,Check 3401,-800,Paid Checks
05-24-21,Check 3565,-3300,Paid Checks
05-24-21,Check 3439,-800,Paid Checks
05-24-21,Check 3573,-120,Paid Checks
05-25-21,Deposit,452.5,Business Income
05-25-21,Miscellaneous Fee Telephone Transfer Charge,-3,Financial Fees:Bank Charges
05-25-21,Debit Card TACO BELL 009540 SULPHUR SPRI NT #0759,-30.98,Meals
05-25-21,Debit Card SUPER HANDY SULPHUR SPRI NT #4349,-16.33,Business Supplies
05-25-21,Debit Card SUPER HANDY SULPHUR SPRI NT #4349,-18.33,Business Supplies
05-25-21,Debit Card NAPA SULPHUR SPR SULPHUR SPRI NT #4349,-34.48,COGS:Materials & Supplies
05-25-21,Debit Card NAPA SULPHUR SPR SULPHUR SPRI NT #4349,-24.13,COGS:Materials & Supplies
05-25-21,Debit Card NAPA SULPHUR SPR SULPHUR SPRI NT #4349,-31.18,COGS:Materials & Supplies
05-25-21,Debit Card WINDHAM PROS-FIC 800-969-0059 N #0759,-125,Legal & Professional Services
05-25-21,Debit Card NAPA SULPHUR SPR SULPHUR SPRI NT #4349,-10.05,COGS:Materials & Supplies
05-25-21,Debit Card CARL'S JR #738 SULPHUR SPRI NT #0759,-21.03,Meals
05-25-21,Debit Card ERIC JONES SNAP 903-717-0020 T #4349,-500,Owners Draw
05-25-21,Debit Card MCDONALD'S F6509 SULPHUR SPGS T #0759,-15.33,Meals
05-25-21,Debit Card Prime Video*2R0I 888-802-3080 W #4349,-4.32,Owners Draw
05-25-21,Debit Card Guaranty Pay Gua Mount Pleasa nT #4349,-60,Owners Draw
05-25-21,Debit RCR DISNEYPLUS 888-9057888 C #4349,-8.65,Owners Draw
05-25-21,Telephone Trf W/D transfer per Erica Flanery,-300,Owners Draw
05-25-21,Cash Roundup Transfer,-7.19,Miscellaneous Expenses
05-25-21,Check 3400,-600,Paid Checks
05-25-21,Check 3402,-900,Paid Checks
05-25-21,Check 3438,-109,Paid Checks
05-25-21,Check 3574,-650,Paid Checks
05-26-21,ACH Square Inc 210526 P2,271.01,Business Income
05-26-21,Debit Card Rev NAPA SULPHUR SPR SULPHUR SPRI NT #4349,55.34,COGS:Materials & Supplies
05-26-21,Debit RCR Rev PAYPAL *WALMART 4029357733 C #4349,0.01,Uncategorized
05-26-21,Debit Card BROOKSHIR 809 GI SULPHUR SPRI NT #4349,-12.68,Business Supplies
05-26-21,Debit Card QT 983 INSIDE 14 GREENVILLE T #4349,-30.17,Vehicle Expenses:Fuel
05-26-21,Debit Card JUAN PABLOS MEX SULPHUR SPRI NT #4349,-47.2,Meals
05-26-21,Debit Card NAPA SULPHUR SPR SULPHUR SPRI NT #4349,-53.22,COGS:Materials & Supplies
05-26-21,Debit Card NAPA SULPHUR SPR SULPHUR SPRI NT #4349,-50.77,COGS:Materials & Supplies
05-26-21,Debit Card NAPA SULPHUR SPR SULPHUR SPRI NT #4349,-55.34,COGS:Materials & Supplies
05-26-21,Debit Card NAPA SULPHUR SPR SULPHUR SPRI NT #4349,-27.57,COGS:Materials & Supplies
05-26-21,Debit Card Amazon Kids+*2R3 888-802-3080 W #4349,-7.45,Owners Draw
05-26-21,Debit Card Guaranty Pay Gua Mount Pleasa nT #4349,-60,Owners Draw
05-26-21,Debit Card POPEYE'S #12637 GREENVILLE T #4349,-41.1,Meals
05-26-21,Debit Card MCDONALD'S F6509 SULPHUR SPGS T #0759,-5.82,Meals
05-26-21,Debit Card Guaranty Pay Gua Mount Pleasa nT #4349,-40,Owners Draw
05-26-21,Debit RCR PAYPAL *WALMART 4029357733 C #4349,-10.41,Financial Fees:Payment Processing
05-26-21,Debit RCR CARROLL TIRE 877-822-0009 F #4349,-247.79,COGS:Materials & Supplies
05-26-21,Cash Roundup Transfer,-6.48,Miscellaneous Expenses
05-26-21,Check 3403,-59.49,Paid Checks
05-27-21,ACH Square Inc 210527 P2,292.1,Business Income
05-27-21,IB INTERNET TRANSFER FROM ACCOUNT *8069,55,Account Transfers
05-27-21,ATM Withdrawal 919 GILMER ST SULPHUR SPRI NT #0759,-200,Owners Draw
05-27-21,Debit Card PANDA EXPRESS #2 SULPHUR SPRI NT #0759,-12.04,Meals
05-27-21,Debit Card MCDONALD'S F6509 SULPHUR SPGS T #0759,-9.06,Meals
05-27-21,Cash Roundup Transfer,-1.9,Miscellaneous Expenses
05-27-21,Check 3405,-250,Paid Checks
05-28-21,Deposit,8497.85,Business Income
05-28-21,ACH Square Inc 210528 P2,2310.85,Business Income
05-28-21,Debit Card SUPER HANDY SULPHUR SPRI NT #4349,-19.4,Business Supplies
05-28-21,Debit Card SUPER HANDY 7 SULPHUR SPRI NT #4349,-2.15,Business Supplies
05-28-21,Debit Card BROOKSHIR 809 GI SULPHUR SPRI NT #4349,-59.43,Business Supplies
05-28-21,Debit Card BROOKSHIR 809 GI SULPHUR SPRI NT #0759,-41.08,Business Supplies
05-28-21,Debit Card CHICK-FIL-A #041 SULPHUR SPRI NT #4349,-25.95,Meals
05-28-21,Debit Card NAPA SULPHUR SPR SULPHUR SPRI NT #4349,-47.4,COGS:Materials & Supplies
05-28-21,Debit Card JUAN PABLOS MEX SULPHUR SPRI NT #4349,-48.06,Meals
05-28-21,Debit Card EXXONMOBIL 45 SULPHUR SPRI NT #4349,-7.32,Vehicle Expenses:Fuel
05-28-21,Debit Card MCDONALD'S F6509 SULPHUR SPGS T #4349,-5.82,Meals
05-28-21,Debit Card Guaranty Pay Gua Mount Pleasa nT #4349,-150,Owners Draw
05-28-21,Debit Card MCDONALD'S F6509 SULPHUR SPGS T #4349,-5.82,Meals
05-28-21,Debit Card MCDONALD'S F6509 SULPHUR SPGS T #4349,-15.33,Meals
05-28-21,Debit RCR PP*APPLE.COM/BIL 4029357733 C #4349,-51.9,Office Expenses:Software
05-28-21,Debit RCR APPLE.COM/BILL 866-712-7753 C #4349,-7.57,Owners Draw
05-28-21,IB INTERNET TRANSFER TO ACCOUNT *1628,-1400,Account Transfers
05-28-21,IB INTERNET TRANSFER TO ACCOUNT *7478,-950,Account Transfers
05-28-21,ACH CAPITAL ONE MOBILE PMT,-475,Owners Draw
05-28-21,Cash Roundup Transfer,-6.77,Miscellaneous Expenses
06-01-21,ACH Square Inc 210601 P2,203.23,Business Income
06-01-21,Debit RCR Rev PAYPAL *WALMART 4029357733 C #4349,10.4,Uncategorized
06-01-21,IB INTERNET TRANSFER FROM ACCOUNT *8069,12,Account Transfers
06-01-21,ATM Withdrawal 919 GILMER ST SULPHUR SPRI NT #0759,-100,Owners Draw
06-01-21,ATM Withdrawal US HWY 271 SOUTH GRANT O #4349,-1004.25,Owners Draw
06-01-21,ATM Withdrawal US HWY 271 SOUTH GRANT O #4349,-1004.25,Owners Draw
06-01-21,ATM Withdrawal 919 GILMER ST SULPHUR SPRI NT #0759,-160,Owners Draw
06-01-21,Debit Card SHELL SERVICE S SULPHUR SPRI NT #4349,-19.42,Vehicle Expenses:Fuel
06-01-21,Debit Card CN TRAVEL PLAZA- GRANT O #4349,-15.49,Vehicle Expenses:Fuel
06-01-21,Debit Card SUPER HANDY SULPHUR SPRI NT #4349,-16.06,Business Supplies
06-01-21,Debit Card SUPER HANDY SULPHUR SPRI NT #0759,-46.78,Business Supplies
06-01-21,Debit Card SUPER HANDY SULPHUR SPRI NT #0759,-16.06,Business Supplies
06-01-21,Debit Card SHELL SERVICE S SULPHUR SPRI NT #4349,-17.86,Vehicle Expenses:Fuel
06-01-21,Debit Card BROOKSHIR 809 GI SULPHUR SPRI NT #4349,-11.45,Business Supplies
06-01-21,Debit Card MAC TOOLS - GILM 309-922-9237 T #4349,-100,COGS:Materials & Supplies
06-01-21,Debit Card QT 983 GREENVILLE T #4349,-7.8,Vehicle Expenses:Fuel
06-01-21,Debit Card TACO BELL 009540 SULPHUR SPRI NT #0759,-9.03,Meals
06-01-21,Debit Card TACO BELL 009540 SULPHUR SPRI NT #0759,-19.77,Meals
06-01-21,Debit Card MCDONALD'S F6509 SULPHUR SPGS T #0759,-8.95,Meals
06-01-21,Debit Card OLIVE GARDEN 00 ROCKWALL T #4349,-67.38,Meals
06-01-21,Debit Card Guaranty Pay Gua Mount Pleasa nT #4349,-60,Owners Draw
06-01-21,Debit Card SHENANIGANZ - RO ROCKWALL T #4349,-60,Meals
06-01-21,Debit Card SHENANIGANZ - RO ROCKWALL T #4349,-62,Meals
06-01-21,Debit Card NAPA SULPHUR SPR SULPHUR SPRI NT #4349,-38.69,COGS:Materials & Supplies
06-01-21,Debit Card NAPA SULPHUR SPR SULPHUR SPRI NT #4349,-23.16,COGS:Materials & Supplies
06-01-21,Debit Card NAPA SULPHUR SPR SULPHUR SPRI NT #4349,-13.96,COGS:Materials & Supplies
06-01-21,Debit Card NAPA SULPHUR SPR SULPHUR SPRI NT #4349,-1319.6,COGS:Materials & Supplies
06-01-21,Debit Card SQ *NORTHCUTT DO Sulphur Spri nT #0759,-15.05,Owners Draw
06-01-21,Debit Card CHILI'S SULPHUR SULPHUR SPRI NT #4349,-56.25,Meals
06-01-21,Debit Card ERIC JONES SNAP 903-717-0020 T #4349,-100,Owners Draw
06-01-21,Debit Card CTS*FRONTIER ONL 800-921-8101 C #4349,-99.18,Utilities:Internet
06-01-21,Debit Card EVI*CHOCTAW CASI GRANT O #4349,-1080,Owners Draw
06-01-21,Debit Card Prime Video*2X9U 888-802-3080 W #4349,-14.06,Owners Draw
06-01-21,Debit Card MCDONALD'S F6509 SULPHUR SPGS T #0759,-20.3,Meals
06-01-21,Debit Card MCDONALD'S F6509 SULPHUR SPGS T #0759,-11,Meals
06-01-21,Debit Card MCDONALD'S F6509 SULPHUR SPGS T #0759,-8.74,Meals
06-01-21,Debit Card MCDONALD'S F6509 SULPHUR SPGS T #0759,-8.74,Meals
06-01-21,Debit RCR PP*APPLE.COM/BIL 4029357733 C #4349,-36.76,Office Expenses:Software
06-01-21,Debit RCR PP*APPLE.COM/BIL 4029357733 C #4349,-30.28,Office Expenses:Software
06-01-21,Debit RCR PP*APPLE.COM/BIL 4029357733 C #4349,-62.74,Office Expenses:Software
06-01-21,Debit RCR PP*APPLE.COM/BIL 4029357733 C #4349,-14.06,Office Expenses:Software
06-01-21,Debit RCR PP*APPLE.COM/BIL 4029357733 C #4349,-56.25,Office Expenses:Software
06-01-21,Debit RCR PP*APPLE.COM/BIL 4029357733 C #4349,-42.19,Office Expenses:Software
06-01-21,Debit RCR PP*APPLE.COM/BIL 4029357733 C #4349,-28.12,Office Expenses:Software
06-01-21,ACH BB&T LOAN PHONEPYMNT,-196.54,Loan Payments
06-01-21,Check 2943,-1100,Paid Checks
06-01-21,Check 3440,-650,Paid Checks
06-01-21,Check 3441,-800,Paid Checks
06-02-21,Deposit,1806.18,Business Income
06-02-21,ACH ROBINHOOD Funds,192,Owners Draw
06-02-21,ACH Square Inc 210602 P2,384,Business Income
06-02-21,Debit Card SUPER HANDY SULPHUR SPRI NT #4349,-18.22,Business Supplies
06-02-21,Debit Card SUPER HANDY 7 SULPHUR SPRI NT #4349,-19.94,Business Supplies
06-02-21,Debit Card BURGER KING #406 SULPHUR SPRI NT #0759,-4.33,Meals
06-02-21,Debit Card NAPA SULPHUR SPR SULPHUR SPRI NT #4349,-196.04,COGS:Materials & Supplies
06-02-21,Debit Card MCDONALD'S F6509 SULPHUR SPGS T #0759,-5.82,Meals
06-02-21,Debit Card MCDONALD'S F6509 SULPHUR SPGS T #0759,-8.95,Meals
06-02-21,Debit Card AMAZON.COM*2X2SX SEATTLE W #4349,-22.72,Business Supplies
06-02-21,Debit RCR PP*APPLE.COM/BIL 4029357733 C #4349,-28.12,Office Expenses:Software
06-02-21,ACH ACUITY INS PREM,-1551.18,Business Insurance
06-02-21,Overdraft Charge 3441 800.00,-29,Financial Fees:Bank Charges
06-02-21,Overdraft Charge 0 196.54,-29,Financial Fees:Bank Charges
06-02-21,Cash Roundup Transfer,-3.86,Miscellaneous Expenses
06-03-21,Deposit,470,Business Income
06-03-21,Deposit,1100,Business Income
06-03-21,Debit Card SUPER HANDY SULPHUR SPRI NT #4349,-24.23,Business Supplies
06-03-21,Debit Card BROOKSHIR 809 GI SULPHUR SPRI NT #4349,-6.99,Business Supplies
06-03-21,Debit Card Sulphur S Sulphu Sulphur Spri nT #4349,-34.61,Business Supplies
06-03-21,Debit Card JOES FAST LANE SULPHUR SPRI NT #4349,-13.62,Vehicle Expenses:Fuel
06-03-21,Debit Card CHICK-FIL-A #041 SULPHUR SPRI NT #4349,-30.04,Meals
06-03-21,Debit Card NAPA SULPHUR SPR SULPHUR SPRI NT #4349,-57.37,COGS:Materials & Supplies
06-03-21,Debit Card NAPA SULPHUR SPR SULPHUR SPRI NT #4349,-47.88,COGS:Materials & Supplies
06-03-21,Debit Card NAPA SULPHUR SPR SULPHUR SPRI NT #4349,-27.42,COGS:Materials & Supplies
06-03-21,Debit Card NAPA SULPHUR SPR SULPHUR SPRI NT #4349,-4.04,COGS:Materials & Supplies
06-03-21,Debit Card NAPA SULPHUR SPR SULPHUR SPRI NT #4349,-28.98,COGS:Materials & Supplies
06-03-21,Debit Card NAPA SULPHUR SPR SULPHUR SPRI NT #4349,-12.5,COGS:Materials & Supplies
06-03-21,Debit Card MCDONALD'S F6509 SULPHUR SPGS T #0759,-9.06,Meals
06-03-21,Debit Card SQ *NORTHCUTT DO Sulphur Spri nT #0759,-7.5,Owners Draw
06-03-21,Debit Card MCDONALD'S F6509 SULPHUR SPGS T #0759,-5.82,Meals
06-03-21,Debit Card MCDONALD'S F6509 SULPHUR SPGS T #0759,-5.82,Meals
06-03-21,Cash Roundup Transfer,-7.12,Miscellaneous Expenses
06-04-21,Deposit,4998.75,Business Income
06-04-21,ACH ROBINHOOD Funds,215,Owners Draw
06-04-21,ATM Withdrawal 941 GILMER ST SULPHUR SPRI NT #4349,-203,Owners Draw
06-04-21,ATM Withdrawal 941 GILMER ST SULPHUR SPRI NT #4349,-103,Owners Draw
06-04-21,Debit Card SUPER HANDY SULPHUR SPRI NT #4349,-28.39,Business Supplies
06-04-21,Debit Card SUPER HANDY 7 SULPHUR SPRI NT #4349,-6.46,Business Supplies
06-04-21,Debit Card NAPA SULPHUR SPR SULPHUR SPRI NT #4349,-48.03,COGS:Materials & Supplies
06-04-21,Debit Card NAPA SULPHUR SPR SULPHUR SPRI NT #4349,-10.04,COGS:Materials & Supplies
06-04-21,Debit Card NAPA SULPHUR SPR SULPHUR SPRI NT #4349,-16.94,COGS:Materials & Supplies
06-04-21,Debit Card NAPA SULPHUR SPR SULPHUR SPRI NT #4349,-37.72,COGS:Materials & Supplies
06-04-21,Debit Card NAPA SULPHUR SPR SULPHUR SPRI NT #4349,-161.17,COGS:Materials & Supplies
06-04-21,Debit Card NAPA SULPHUR SPR SULPHUR SPRI NT #4349,-189.89,COGS:Materials & Supplies
06-04-21,Debit Card EXXONMOBIL 45 SULPHUR SPRI NT #4349,-20.11,Vehicle Expenses:Fuel
06-04-21,Debit Card Guaranty Pay Gua Mount Pleasa nT #4349,-60,Owners Draw
06-04-21,Debit Card Guaranty Pay Gua Mount Pleasa nT #4349,-50,Owners Draw
06-04-21,Debit RCR PP*APPLE.COM/BIL 4029357733 C #4349,-32.44,Office Expenses:Software
06-04-21,Debit RCR PP*APPLE.COM/BIL 4029357733 C #4349,-43.24,Office Expenses:Software
06-04-21,Cash Roundup Transfer,-6.57,Miscellaneous Expenses
06-07-21,Deposit,1010,Business Income
06-07-21,ATM Withdrawal 941 GILMER ST SULPHUR SPRI NT #4349,-103,Owners Draw
06-07-21,Debit Card SUPER HANDY SULPHUR SPRI NT #4349,-15.97,Business Supplies
06-07-21,Debit Card SUPER HANDY SULPHUR SPRI NT #4349,-25.5,Business Supplies
06-07-21,Debit Card SUPER HANDY SULPHUR SPRI NT #4349,-18.39,Business Supplies
06-07-21,Debit Card SUPER HANDY SULPHUR SPRI NT #4349,-56.24,Business Supplies
06-07-21,Debit Card SUPER HANDY 7 SULPHUR SPRI NT #4349,-10.66,Business Supplies
06-07-21,Debit Card DOLLAR-GE DG 017 SULPHUR SPRI NT #0759,-1.08,Business Supplies
06-07-21,Debit Card NORTHEAST 100 MA COMMERCE T #4349,-2.5,Owners Draw
06-07-21,Debit Card NORTHEAST 100 MA COMMERCE T #4349,-3,Owners Draw
06-07-21,Debit Card NORTHEAST 100 MA COMMERCE T #4349,-14,Owners Draw
06-07-21,Debit Card BROOKSHIR 809 GI SULPHUR SPRI NT #4349,-29.48,Business Supplies
06-07-21,Debit Card LA VICTORIA SULPHUR SPRI NT #4349,-81.77,Meals
06-07-21,Debit Card SUPER HANDY SULPHUR SPRI NT #4349,-40.59,Business Supplies
06-07-21,Debit Card MAC TOOLS - GILM 309-922-9237 T #4349,-100,COGS:Materials & Supplies
06-07-21,Debit Card DAIRY QUEEN - 44 SULPHUR SPRI NT #0759,-9.52,Meals
06-07-21,Debit Card NAPA SULPHUR SPR SULPHUR SPRI NT #4349,-167.88,COGS:Materials & Supplies
06-07-21,Debit Card ERIC JONES SNAP 903-717-0020 T #4349,-100,Owners Draw
06-07-21,Debit Card NAPA SULPHUR SPR SULPHUR SPRI NT #4349,-96.28,COGS:Materials & Supplies
06-07-21,Debit Card MCDONALD'S F6509 SULPHUR SPGS T #0759,-8.74,Meals
06-07-21,Debit Card Subway 38111 Sulphur Spri nT #4349,-2.17,Meals
06-07-21,Debit Card INSTACART SAN FRANCISC OC #4349,-394.06,Owners Draw
06-07-21,Debit Card WM SUPERCENTER # SULPHUR SPRI NT #4349,-28.97,Business Supplies
06-07-21,Debit Card MCDONALD'S F6509 SULPHUR SPGS T #0759,-5.82,Meals
06-07-21,Debit Card Guaranty Pay Gua Mount Pleasa nT #4349,-60,Owners Draw
06-07-21,Debit RCR PP*APPLE.COM/BIL 4029357733 C #4349,-8.65,Office Expenses:Software
06-07-21,Debit RCR PP*APPLE.COM/BIL 4029357733 C #4349,-51.91,Office Expenses:Software
06-07-21,Debit RCR PP*APPLE.COM/BIL 4029357733 C #4349,-48.68,Office Expenses:Software
06-07-21,Debit RCR PP*APPLE.COM/BIL 4029357733 C #4349,-16.23,Office Expenses:Software
06-07-21,Debit RCR PP*APPLE.COM/BIL 4029357733 C #4349,-40,Office Expenses:Software
06-07-21,Automatic Loan Pmt LN PyXXXXXX0645 1,-262.22,Loan Payments
06-07-21,Cash Roundup Transfer,-9.91,Miscellaneous Expenses
06-07-21,Check 3375,-1534.08,Paid Checks
06-07-21,Check 3376,-600,Paid Checks
06-07-21,Check 3378,-800,Paid Checks
06-08-21,Deposit,1050,Business Income
06-08-21,Deposit,1783.95,Business Income
06-08-21,ACH Square Inc 210608 P2,284.57,Business Income
06-08-21,Debit Card JOE BOB #3 SULPHUR SPRI NT #4349,-15.56,Owners Draw
06-08-21,Debit Card NAPA SULPHUR SPR SULPHUR SPRI NT #4349,-32.84,COGS:Materials & Supplies
06-08-21,Debit Card MCDONALD'S F6509 SULPHUR SPGS T #0759,-11.96,Meals
06-08-21,Debit Card Guaranty Pay Gua Mount Pleasa nT #4349,-60,Owners Draw
06-08-21,Debit Card MCDONALD'S F6509 SULPHUR SPGS T #0759,-5.82,Meals
06-08-21,Debit RCR PP*APPLE.COM/BIL 4029357733 C #4349,-48.69,Office Expenses:Software
06-08-21,Debit RCR PP*APPLE.COM/BIL 4029357733 C #4349,-14.06,Office Expenses:Software
06-08-21,Debit RCR PP*APPLE.COM/BIL 4029357733 C #4349,-14.06,Office Expenses:Software
06-08-21,Transfer Withdrawal Loan renewal,-500,Owners Draw
06-08-21,ACH AM INCOME LIFE INS.PREM 800-433-3405,-22.98,Owners Draw
06-08-21,ACH AM INCOME LIFE INS.PREM 800-433-3405,-76.53,Owners Draw
06-08-21,Cash Roundup Transfer,-3.01,Miscellaneous Expenses
06-08-21,Check 3377,-250,Paid Checks
06-09-21,Transfer Deposit From Loan XXXXXX6891 Draw request per Dusty,439,Business Income
06-09-21,IB INTERNET TRANSFER FROM ACCOUNT *8069,30,Account Transfers
06-09-21,ATM Withdrawal US HWY 271 SOUTH GRANT O #4349,-1004.25,Owners Draw
06-09-21,ATM Withdrawal US HWY 271 SOUTH GRANT O #4349,-604.25,Owners Draw
06-09-21,ATM Withdrawal US HWY 271 SOUTH GRANT O #4349,-604.25,Owners Draw
06-09-21,Debit Card SUPER HANDY SULPHUR SPRI NT #4349,-19.68,Business Supplies
06-09-21,Debit Card SUPER HANDY SULPHUR SPRI NT #4349,-24.09,Business Supplies
06-09-21,Debit Card JOE BOB'S #4 SULPHUR SPRI NT #4349,-25,Owners Draw
06-09-21,Debit Card SONIC DRIVE IN # SULPHUR SPRI NT #0759,-13.27,Meals
06-09-21,Debit Card MCDONALD'S F6509 SULPHUR SPGS T #0759,-5.82,Meals
06-09-21,Debit Card Guaranty Pay Gua Mount Pleasa nT #4349,-40,Owners Draw
06-09-21,Debit RCR PP*APPLE.COM/BIL 4029357733 C #4349,-30.29,Office Expenses:Software
06-09-21,Cash Roundup Transfer,-2.85,Miscellaneous Expenses
06-09-21,Check 2942,-650,Paid Checks
06-09-21,Check 3379,-900,Paid Checks
06-10-21,Debit Card Rev NAPA SULPHUR SPR SULPHUR SPRI NT #4349,4.83,COGS:Materials & Supplies
06-10-21,Debit Card SUPER HANDY SULPHUR SPRI NT #4349,-17.73,Business Supplies
06-10-21,Debit Card BROOKSHIR 809 GI SULPHUR SPRI NT #4349,-31.06,Business Supplies
06-10-21,Debit Card SUPER HANDY SULPHUR SPRI NT #4349,-17.43,Business Supplies
06-10-21,Debit Card NAPA SULPHUR SPR SULPHUR SPRI NT #4349,-70.14,COGS:Materials & Supplies
06-10-21,Debit Card NAPA SULPHUR SPR SULPHUR SPRI NT #4349,-11.13,COGS:Materials & Supplies
06-10-21,Debit Card WHATABURGER 773 SULPHUR SPRI NT #0759,-20.46,Meals
06-10-21,Debit Card CVS/PHARMACY #07 Sulphur Spri nT #0759,-42.85,Business Supplies
06-10-21,Debit Card MCDONALD'S F6509 SULPHUR SPGS T #0759,-5.82,Meals
06-10-21,Cash Roundup Transfer,-4.38,Miscellaneous Expenses
06-11-21,Deposit,7645,Business Income
06-11-21,Debit Card Rev NAPA SULPHUR SPR SULPHUR SPRI NT #4349,4.23,COGS:Materials & Supplies
06-11-21,IB INTERNET TRANSFER FROM ACCOUNT *8069,8,Account Transfers
06-11-21,Debit Card NAPA SULPHUR SPR SULPHUR SPRI NT #4349,-8.99,COGS:Materials & Supplies
06-11-21,Debit Card CHICKEN EXPRESS- SULPHUR SPRI NT #0759,-37.25,Meals
06-11-21,Debit Card INSTACART SAN FRANCISC OC #4349,-102.33,Owners Draw
06-11-21,Debit RCR PP*APPLE.COM/BIL 4029357733 C #4349,-41.1,Office Expenses:Software
06-11-21,IB INTERNET TRANSFER TO ACCOUNT *0851,-330,Account Transfers
06-11-21,IB INTERNET TRANSFER TO ACCOUNT *9922,-450,Account Transfers
06-11-21,Cash Roundup Transfer,-2.33,Miscellaneous Expenses
06-14-21,Deposit,575,Business Income
06-14-21,Deposit,1099.93,Business Income
06-14-21,ACH Square Inc 210614 P2,208.6,Business Income
06-14-21,Debit Card Rev NAPA SULPHUR SPR SULPHUR SPRI NT #4349,21.48,COGS:Materials & Supplies
06-14-21,Debit Card JOE BOBS #2 SULPHUR SPRI NT #4349,-43.84,Vehicle Expenses:Fuel
06-14-21,Debit Card WAL-MART #0417 SULPHUR SPRI NT #0759,-163.49,Business Supplies
06-14-21,Debit Card DOLLAR-GE DG 017 SULPHUR SPRI NT #4349,-17.16,Business Supplies
06-14-21,Debit Card SUPER HANDY SULPHUR SPRI NT #4349,-18.39,Business Supplies
06-14-21,Debit Card DOLLAR-GE DG 017 SULPHUR SPRI NT #4349,-56.02,Business Supplies
06-14-21,Debit Card SUPER HANDY SULPHUR SPRI NT #4349,-3.44,Business Supplies
06-14-21,Debit Card PILOT #0157 SULPHUR SPG T #4349,-24.26,Vehicle Expenses:Fuel
06-14-21,Debit Card PILOT #0157 SULPHUR SPG T #4349,-7.78,Vehicle Expenses:Fuel
06-14-21,Debit Card THE DINNER DETEC 405-664-4977 O #4349,-137.77,Meals
06-14-21,Debit Card CHICK-FIL-A #041 SULPHUR SPRI NT #4349,-59.84,Meals
06-14-21,Debit Card MAC TOOLS - GILM 309-922-9237 T #4349,-150,COGS:Materials & Supplies
06-14-21,Debit Card MCDONALD'S F6509 SULPHUR SPGS T #0759,-9.49,Meals
06-14-21,Debit Card LIBERTY POWER HO 866-7693799 F #4349,-126.99,Utilities:Electricity
06-14-21,Debit Card NAPA SULPHUR SPR SULPHUR SPRI NT #4349,-182.53,COGS:Materials & Supplies
06-14-21,Debit Card NAPA SULPHUR SPR SULPHUR SPRI NT #4349,-69.95,COGS:Materials & Supplies
06-14-21,Debit Card NAPA SULPHUR SPR SULPHUR SPRI NT #4349,-18.69,COGS:Materials & Supplies
06-14-21,Debit Card MCDONALD'S F6509 SULPHUR SPGS T #0759,-5.82,Meals
06-14-21,Debit Card ERIC JONES SNAP 903-717-0020 T #4349,-100,Owners Draw
06-14-21,Debit Card ERIC JONES SNAP 903-717-0020 T #4349,-300,Owners Draw
06-14-21,Debit Card NAPA SULPHUR SPR SULPHUR SPRI NT #4349,-21.48,COGS:Materials & Supplies
06-14-21,Debit Card PILOT 00 SULPHUR SPRI NT #0759,-10.8,Vehicle Expenses:Fuel
06-14-21,Debit Card CITY OF SULPHUR SULPHUR SPRI NT #4349,-438.1,Utilities:Water
06-14-21,Debit Card DOORDASH*CHILIS SAN FRANCISC OC #4349,-45.46,Meals
06-14-21,Debit Card MCDONALD'S F6509 SULPHUR SPGS T #0759,-27.97,Meals
06-14-21,Debit Card MCDONALD'S F6509 SULPHUR SPGS T #0759,-5.82,Meals
06-14-21,Debit Card MCDONALD'S F6509 SULPHUR SPGS T #0759,-17.71,Meals
06-14-21,Debit Card AMAZON.COM*2X7CZ SEATTLE W #4349,-72.49,Business Supplies
06-14-21,Debit Card MCDONALD'S F6509 SULPHUR SPGS T #0759,-5.82,Meals
06-14-21,Debit RCR PP*APPLE.COM/BIL 4029357733 C #4349,-3.24,Office Expenses:Software
06-14-21,Debit RCR PP*APPLE.COM/BIL 4029357733 C #4349,-53,Office Expenses:Software
06-14-21,Debit RCR PP*APPLE.COM/BIL 4029357733 C #4349,-10.81,Office Expenses:Software
06-14-21,Debit RCR Amazon Prime*2X9 Amzn.com/bil lW #4349,-14.06,Owners Draw
06-14-21,Debit RCR PP*APPLE.COM/BIL 4029357733 C #4349,-53,Office Expenses:Software
06-14-21,Debit RCR PP*APPLE.COM/BIL 4029357733 C #4349,-14.06,Office Expenses:Software
06-14-21,Debit RCR PP*APPLE.COM/BIL 4029357733 C #4349,-14.06,Office Expenses:Software
06-14-21,Debit RCR NETFLIX.COM NETFLIX.COM C #4349,-19.2,Owners Draw
06-14-21,ACH CAPITAL ONE MOBILE PMT,-125,Owners Draw
06-14-21,Cash Roundup Transfer,-14.46,Miscellaneous Expenses
06-14-21,Check 3381,-600,Paid Checks
06-14-21,Check 3382,-900,Paid Checks
06-14-21,Check 3386,-851,Paid Checks
06-15-21,ACH Square Inc 210615 P2,311.69,Business Income
06-15-21,Debit Card Sulphur S Sulphu Sulphur Spri nT #4349,-90,Business Supplies
06-15-21,Debit Card BROOKSHIR 809 GI SULPHUR SPRI NT #4349,-12.13,Business Supplies
06-15-21,Debit Card SUPER HANDY SULPHUR SPRI NT #4349,-16.24,Business Supplies
06-15-21,Debit Card NAPA SULPHUR SPR SULPHUR SPRI NT #4349,-84.47,COGS:Materials & Supplies
06-15-21,Debit Card JUAN PABLOS MEX SULPHUR SPRI NT #4349,-62.46,Meals
06-15-21,Debit Card NTTA Collect 866 9722339614 T #4349,-5.79,Vehicle Expenses:Registration
06-15-21,Debit Card MCDONALD'S F6509 SULPHUR SPGS T #0759,-23.52,Meals
06-15-21,Debit Card AMAZON.COM*2X6VW SEATTLE W #4349,-6.44,Business Supplies
06-15-21,Debit Card MCDONALD'S F6509 SULPHUR SPGS T #0759,-15.33,Meals
06-15-21,Debit RCR PP*APPLE.COM/BIL 4029357733 C #4349,-30.28,Office Expenses:Software
06-15-21,Debit RCR PP*APPLE.COM/BIL 4029357733 C #4349,-35.69,Office Expenses:Software
06-15-21,ACH ATMOS ENERGY SGL UTIL PYMT,-34,Utilities:Gas
06-15-21,Cash Roundup Transfer,-5.65,Miscellaneous Expenses
06-15-21,Check 3380,-1394.13,Paid Checks
06-15-21,Check 3384,-1000,Paid Checks
06-16-21,Debit Card JOE BOBS SULPHUR SPRI NT #4349,-4.62,Vehicle Expenses:Fuel
06-16-21,Debit Card SUPER HANDY SULPHUR SPRI NT #4349,-20.65,Business Supplies
06-16-21,Debit Card JOES FAST LANE SULPHUR SPRI NT #4349,-52.88,Vehicle Expenses:Fuel
06-16-21,Debit Card JOES FAST LANE SULPHUR SPRI NT #4349,-19.78,Vehicle Expenses:Fuel
06-16-21,Debit Card NAPA SULPHUR SPR SULPHUR SPRI NT #4349,-22.16,COGS:Materials & Supplies
06-16-21,Debit Card NAPA SULPHUR SPR SULPHUR SPRI NT #4349,-27.19,COGS:Materials & Supplies
06-16-21,Debit Card NAPA SULPHUR SPR SULPHUR SPRI NT #4349,-40.92,COGS:Materials & Supplies
06-16-21,Debit Card NAPA SULPHUR SPR SULPHUR SPRI NT #4349,-49.52,COGS:Materials & Supplies
06-16-21,Debit Card WHATABURGER 773 SULPHUR SPRI NT #0759,-20.46,Meals
06-16-21,Debit Card AMAZON.COM*2X7FX SEATTLE W #4349,-5.4,Business Supplies
06-16-21,Debit Card MCDONALD'S F6509 SULPHUR SPGS T #0759,-5.82,Meals
06-16-21,Cash Roundup Transfer,-4.6,Miscellaneous Expenses
06-16-21,Check 3383,-225,Paid Checks
06-16-21,Check 3385,-700,Paid Checks
06-17-21,ACH AUTO RENTALS INC ACH PAYMNT IV0012-A 3839622 000000000177390000000000177390000000000000000,1773.9,Other Business Income
06-17-21,Debit Card BROOKSHIR 809 GI SULPHUR SPRI NT #4349,-18.39,Business Supplies
06-17-21,Debit Card SUPER HANDY SULPHUR SPRI NT #4349,-16.24,Business Supplies
06-17-21,Debit Card BROOKSHIR 809 GI SULPHUR SPRI NT #4349,-67.37,Business Supplies
06-17-21,Debit Card JOE BOB'S #5 COMO T #4349,-25.82,Owners Draw
06-17-21,Debit Card Prime Video*2134 888-802-3080 W #4349,-9.73,Owners Draw
06-17-21,Debit Card NAPA SULPHUR SPR SULPHUR SPRI NT #4349,-52,COGS:Materials & Supplies
06-17-21,Debit Card NAPA SULPHUR SPR SULPHUR SPRI NT #4349,-31.13,COGS:Materials & Supplies
06-17-21,Debit Card DOMINO'S 6838 972-722-2073 T #4349,-27,Meals
06-17-21,Debit Card MCDONALD'S F6509 SULPHUR SPGS T #0759,-7.99,Meals
06-17-21,Debit Card MCDONALD'S F6509 SULPHUR SPGS T #0759,-5.82,Meals
06-17-21,Debit Card MCDONALD'S F6509 SULPHUR SPGS T #0759,-20.41,Meals
06-17-21,Debit RCR PP*APPLE.COM/BIL 4029357733 C #4349,-10.81,Office Expenses:Software
06-17-21,Cash Roundup Transfer,-4.29,Miscellaneous Expenses
06-18-21,Deposit,255,Business Income
06-18-21,Deposit,8370,Business Income
06-18-21,Debit Card LITTLE CAESARS 1 SULPHUR SPRI NT #4349,-5.41,Meals
06-18-21,Debit Card SUPER HANDY SULPHUR SPRI NT #4349,-16.24,Business Supplies
06-18-21,Debit Card SUPER HANDY SULPHUR SPRI NT #4349,-16.24,Business Supplies
06-18-21,Debit Card Sulphur S Sulphu Sulphur Spri nT #4349,-55.32,Business Supplies
06-18-21,Debit Card DOLLAR-GE DG 017 SULPHUR SPRI NT #4349,-7.06,Business Supplies
06-18-21,Debit Card SULPHUR SPRINGS SULPHUR SPRI NT #4349,-225,Taxes and Licenses
06-18-21,Debit Card SUPER HANDY 7 SULPHUR SPRI NT #4349,-15.76,Business Supplies
06-18-21,Debit Card Sulphur S Sulphu Sulphur Spri nT #4349,-27.64,Business Supplies
06-18-21,Debit Card TRINITY CLINIC S SULPHUR SPRI NT #4349,-219.6,Owners Draw
06-18-21,Debit Card NAPA SULPHUR SPR SULPHUR SPRI NT #4349,-76.98,COGS:Materials & Supplies
06-18-21,Debit Card NAPA SULPHUR SPR SULPHUR SPRI NT #4349,-108.68,COGS:Materials & Supplies
06-18-21,Debit Card NAPA SULPHUR SPR SULPHUR SPRI NT #4349,-146.7,COGS:Materials & Supplies
06-18-21,Debit Card SONIC DRIVE IN # SULPHUR SPRI NT #0759,-8.63,Meals
06-18-21,Debit Card TST* CORNER GRUB SULPHUR SPRI NT #4349,-50,Meals
06-18-21,Debit Card Guaranty Pay Gua Mount Pleasa nT #4349,-60,Owners Draw
06-18-21,Debit Card MCDONALD'S F6509 SULPHUR SPGS T #0759,-8.74,Meals
06-18-21,Debit Card MCDONALD'S F6509 SULPHUR SPGS T #0759,-24.51,Meals
06-18-21,Debit Card Guaranty Pay Gua Mount Pleasa nT #4349,-100,Owners Draw
06-18-21,Debit RCR HLU*HULU 1339504 HULU.COM/BIL LC #4349,-80.08,Owners Draw
06-18-21,Debit RCR PP*APPLE.COM/BIL 4029357733 C #4349,-18.38,Office Expenses:Software
06-18-21,Debit RCR PP*APPLE.COM/BIL 4029357733 C #4349,-2.99,Office Expenses:Software
06-18-21,Debit RCR Peacock 41AF5 Pr New York N #4349,-5.4,Owners Draw
06-18-21,Debit RCR Peacock CC1C3 Pr New York N #4349,-5.41,Owners Draw
06-18-21,Cash Roundup Transfer,-9.23,Miscellaneous Expenses
06-18-21,Check 3388,-44.8,Paid Checks
06-18-21,Check 3391,-3500,Paid Checks
06-21-21,Deposit,1042.3,Business Income
06-21-21,ACH Square Inc 210621 P2,104.22,Business Income
06-21-21,Debit Card SHELL SERVICE S DALLAS T #4349,-43.26,Vehicle Expenses:Fuel
06-21-21,Debit Card SHELL SERVICE S DALLAS T #4349,-19.02,Vehicle Expenses:Fuel
06-21-21,Debit Card SUPER HANDY SULPHUR SPRI NT #4349,-20.75,Business Supplies
06-21-21,Debit Card WM SUPERCENTER # SULPHUR SPRI NT #4349,-105.22,Business Supplies
06-21-21,Debit Card SUPER HANDY SULPHUR SPRI NT #4349,-18.39,Business Supplies
06-21-21,Debit Card LOWE'S #1810 SULPHUR SPRG ST #4349,-258.72,Repairs & Maintenance:Building
06-21-21,Debit Card JOES FAST LANE SULPHUR SPRI NT #4349,-6.94,Vehicle Expenses:Fuel
06-21-21,Debit Card SUPER HANDY SULPHUR SPRI NT #4349,-16.24,Business Supplies
06-21-21,Debit Card DOLLAR-GE DG 017 SULPHUR SPRI NT #0759,-88,Business Supplies
06-21-21,Debit Card LOS MOCHIS MEXIC SULPHUR SPRI NT #4349,-49.78,Meals
06-21-21,Debit Card MAC TOOLS - GILM 309-922-9237 T #4349,-150,COGS:Materials & Supplies
06-21-21,Debit Card NAPA SULPHUR SPR SULPHUR SPRI NT #4349,-21.68,COGS:Materials & Supplies
06-21-21,Debit Card NAPA SULPHUR SPR SULPHUR SPRI NT #4349,-35.39,COGS:Materials & Supplies
06-21-21,Debit Card TXDPS DRIVER LIC 5124245967 T #0759,-12.75,Owners Draw
06-21-21,"Debit Card EDDIE DEEN & CO, TERRELL T #4349",-50,Meals
06-21-21,Debit Card MCDONALD'S F6509 SULPHUR SPGS T #0759,-5.82,Meals
06-21-21,Debit Card ERIC JONES SNAP 903-717-0020 T #4349,-350,Owners Draw
06-21-21,Debit Card ERIC JONES SNAP 903-717-0020 T #4349,-100,Owners Draw
06-21-21,Debit Card SQ *NORTHCUTT DO Sulphur Spri nT #0759,-11,Owners Draw
06-21-21,Debit Card INSTACART SAN FRANCISC OC #4349,-87.38,Owners Draw
06-21-21,Debit Card MCDONALD'S F6509 SULPHUR SPGS T #0759,-24.83,Meals
06-21-21,Debit Card MCDONALD'S F6509 SULPHUR SPGS T #0759,-5.82,Meals
06-21-21,Debit RCR PP*APPLE.COM/BIL 4029357733 C #4349,-28.12,Office Expenses:Software
06-21-21,Debit RCR CONNECTECH STORE 8003310500 T #4349,-384.48,Business Supplies
06-21-21,ACH AMEX EPAYMENT ACH PMT ER AM,-125,Business Insurance
06-21-21,ACH Synchrony Bank CC PYMT,-125,Owners Draw
06-21-21,Cash Roundup Transfer,-8.41,Miscellaneous Expenses
06-21-21,Check 3392,-800,Paid Checks
06-22-21,Deposit,430,Business Income
06-22-21,ACH AUTO RENTALS INC ACH PAYMNT IV101023-A 3850809 000000000021822000000000021822000000000000000,218.22,Other Business Income
06-22-21,ACH Square Inc 210622 P2,2159.84,Business Income
06-22-21,Debit Card SUPER HANDY 7 SULPHUR SPRI NT #4349,-20.55,Business Supplies
06-22-21,Debit Card WM SUPERCENTER # SULPHUR SPRI NT #4349,-62.22,Business Supplies
06-22-21,Debit Card JOE BOB'S #5 COMO T #4349,-40,Owners Draw
06-22-21,Debit Card JOE BOB'S #5 COMO T #4349,-21.65,Owners Draw
06-22-21,Debit Card NAPA SULPHUR SPR SULPHUR SPRI NT #4349,-84.7,COGS:Materials & Supplies
06-22-21,Debit Card NAPA SULPHUR SPR SULPHUR SPRI NT #4349,-59.88,COGS:Materials & Supplies
06-22-21,Debit Card NAPA SULPHUR SPR SULPHUR SPRI NT #4349,-34.6,COGS:Materials & Supplies
06-22-21,Debit Card Guaranty Pay Gua Mount Pleasa nT #4349,-60,Owners Draw
06-22-21,Debit Card MCDONALD'S F6509 SULPHUR SPGS T #4349,-5.82,Meals
06-22-21,Debit Card MCDONALD'S F6509 SULPHUR SPGS T #0759,-5.82,Meals
06-22-21,Debit RCR PP*APPLE.COM/BIL 4029357733 C #4349,-16.23,Office Expenses:Software
06-22-21,Debit RCR PP*APPLE.COM/BIL 4029357733 C #4349,-42.18,Office Expenses:Software
06-22-21,Debit RCR PP*APPLE.COM/BIL 4029357733 C #4349,-16.23,Office Expenses:Software
06-22-21,ACH LTG TEXARKANA T PURCHASE TELECHK 800-697-926 CK 3387,-402.54,Repairs & Maintenance:Equipment
06-22-21,ACH LOANCARE SERV MTG PYMT,-536.52,Owners Draw
06-22-21,Cash Roundup Transfer,-5.12,Miscellaneous Expenses
06-22-21,Check 3393,-1000,Paid Checks
06-22-21,Check 3394,-600,Paid Checks
06-22-21,Check 3389,-1270,Paid Checks
06-23-21,Deposit,2000,Business Income
06-23-21,ACH AUTO RENTALS INC ACH PAYMNT IV9512 3854524 000000000037246000000000037246000000000000000,372.46,Other Business Income
06-23-21,Debit Card SUPER HANDY SULPHUR SPRI NT #4349,-18.39,Business Supplies
06-23-21,Debit Card SUPER HANDY SULPHUR SPRI NT #4349,-16.24,Business Supplies
06-23-21,Debit Card PIZZA INN - SULP SULPHUR SPRI NT #4349,-45.42,Meals
06-23-21,Debit Card WHATABURGER 773 SULPHUR SPRI NT #0759,-38.05,Meals
06-23-21,Debit Card OPTIMUM OUTCOMES 877-7959819 A #4349,-127.37,Owners Draw
06-23-21,Debit Card NAPA SULPHUR SPR SULPHUR SPRI NT #4349,-99.23,COGS:Materials & Supplies
06-23-21,Debit Card NAPA SULPHUR SPR SULPHUR SPRI NT #4349,-12.99,COGS:Materials & Supplies
06-23-21,Debit Card NAPA SULPHUR SPR SULPHUR SPRI NT #4349,-31.99,COGS:Materials & Supplies
06-23-21,Debit Card WINDHAM PROS-FIC 800-969-0059 N #0759,-125,Legal & Professional Services
06-23-21,Debit Card MCDONALD'S F6509 SULPHUR SPGS T #4349,-5.82,Meals
06-23-21,Debit Card PAYPAL *APPLE.CO San Jose C #4349,-33.51,Financial Fees:Payment Processing
06-23-21,Debit RCR PP*APPLE.COM/BIL 4029357733 C #4349,-20.53,Office Expenses:Software
06-23-21,Cash Roundup Transfer,-5.46,Miscellaneous Expenses
06-23-21,Check 3406,-783,Paid Checks
06-23-21,Check 3407,-700,Paid Checks
06-24-21,Debit Card Rev NAPA SULPHUR SPR SULPHUR SPRI NT #4349,83.24,COGS:Materials & Supplies
06-24-21,Debit Card BROOKSHIR 809 GI SULPHUR SPRI NT #4349,-37.88,Business Supplies
06-24-21,Debit Card SUPER HANDY SULPHUR SPRI NT #4349,-16.24,Business Supplies
06-24-21,Debit Card STAR MART # 5 SULPHUR SPRI NT #4349,-5.4,Vehicle Expenses:Fuel
06-24-21,Debit Card TACO BELL 009540 SULPHUR SPRI NT #4349,-8.63,Meals
06-24-21,Debit Card NAPA SULPHUR SPR SULPHUR SPRI NT #4349,-4.8,COGS:Materials & Supplies
06-24-21,Debit Card NAPA SULPHUR SPR SULPHUR SPRI NT #4349,-39.99,COGS:Materials & Supplies
06-24-21,Debit Card NAPA SULPHUR SPR SULPHUR SPRI NT #4349,-7.92,COGS:Materials & Supplies
06-24-21,Debit Card SOULMANS BAR-B-Q VAN T #4349,-15.67,Meals
06-24-21,Debit Card MCDONALD'S F6509 SULPHUR SPGS T #0759,-5.82,Meals
06-24-21,Debit Card MCDONALD'S F6509 SULPHUR SPGS T #0759,-6.91,Meals
06-24-21,ACH CAPITAL ONE MOBILE PMT,-125,Owners Draw
06-24-21,Cash Roundup Transfer,-2.74,Miscellaneous Expenses
06-24-21,Check 3408,-250,Paid Checks
06-25-21,Deposit,8065.23,Business Income
06-25-21,ATM Withdrawal 1259 CHURCH STREET SULPHUR SPRI NT #4349,-103,Owners Draw
06-25-21,Debit Card SUPER HANDY 7 SULPHUR SPRI NT #4349,-48.79,Business Supplies
06-25-21,Debit Card PAYPAL *APPLE.CO San Jose C #4349,-59.47,Financial Fees:Payment Processing
06-25-21,Debit Card USPS PO 48872504 SULPHUR SPRI NT #4349,-166,Office Expenses
06-25-21,Debit Card STAR MART # 5 SULPHUR SPRI NT #4349,-143.98,Vehicle Expenses:Fuel
06-25-21,Debit Card BillMatrix Irving T #4349,-99.18,Utilities:Phone
06-25-21,Debit Card NAPA SULPHUR SPR SULPHUR SPRI NT #4349,-83.24,COGS:Materials & Supplies
06-25-21,Debit Card NAPA SULPHUR SPR SULPHUR SPRI NT #4349,-134.99,COGS:Materials & Supplies
06-25-21,Debit Card NAPA SULPHUR SPR SULPHUR SPRI NT #4349,-94.52,COGS:Materials & Supplies
06-25-21,Debit Card THE PAMPERED CHE 888-687-2433 I #4349,-31.34,Owners Draw
06-25-21,Debit Card MCDONALD'S F6509 SULPHUR SPGS T #0759,-5.82,Meals
06-25-21,Debit Card Guaranty Pay Gua Mount Pleasa nT #4349,-60,Owners Draw
06-25-21,IB INTERNET TRANSFER TO ACCOUNT *1628,-1380,Account Transfers
06-25-21,IB INTERNET TRANSFER TO ACCOUNT *7478,-930,Account Transfers
06-25-21,Cash Roundup Transfer,-3.67,Miscellaneous Expenses
06-28-21,Deposit,6048.75,Business Income
06-28-21,ACH Square Inc 210628 P2,208.6,Business Income
06-28-21,ATM Withdrawal US HWY 271 SOUTH GRANT O #4349,-1004.25,Owners Draw
06-28-21,ATM Withdrawal US HWY 271 SOUTH GRANT O #4349,-604.25,Owners Draw
06-28-21,ATM Withdrawal US HWY 271 SOUTH GRANT O #4349,-1204.25,Owners Draw
06-28-21,Debit Card WAL-MART #0417 SULPHUR SPRI NT #0759,-164.97,Business Supplies
06-28-21,Debit Card O'REILLY AUTO P SULPHUR SPRI NT #4349,-43.98,COGS:Materials & Supplies
06-28-21,Debit Card EAGLE COLLEGE FO SULPHUR SPRI NT #4349,-4.93,Owners Draw
06-28-21,Debit Card SUPER HANDY SULPHUR SPRI NT #4349,-46.85,Business Supplies
06-28-21,Debit Card SUPER HANDY SULPHUR SPRI NT #4349,-18.8,Business Supplies
06-28-21,Debit Card JOE BOB #3 SULPHUR SPRI NT #4349,-7.11,Owners Draw
06-28-21,Debit Card BROOKSHIR 809 GI SULPHUR SPRI NT #4349,-78.77,Business Supplies
06-28-21,Debit Card JOE BOBS SULPHUR SPRI NT #4349,-3.24,Vehicle Expenses:Fuel
06-28-21,Debit Card JOE BOB'S #4 SULPHUR SPRI NT #4349,-9.92,Owners Draw
06-28-21,Debit Card PAYPAL *APPLE.CO San Jose C #4349,-47.58,Financial Fees:Payment Processing
06-28-21,Debit Card Sulphur S Sulphu Sulphur Spri nT #4349,-125.31,Business Supplies
06-28-21,Debit Card DAIRY QUEEN - 44 SULPHUR SPRI NT #4349,-11.46,Meals
06-28-21,Debit Card MAC TOOLS - GILM GILMER T #4349,-150,COGS:Materials & Supplies
06-28-21,Debit Card A 1 AUTO SUPPLY SULPHUR SPRI NT #4349,-21.97,COGS:Materials & Supplies
06-28-21,Debit Card MCDONALD'S F6509 SULPHUR SPGS T #0759,-20.62,Meals
06-28-21,Debit Card TACO BELL 009540 SULPHUR SPRI NT #0759,-8.63,Meals
06-28-21,Debit Card MCDONALD'S F6509 SULPHUR SPGS T #0759,-9.06,Meals
06-28-21,Debit Card NAPA SULPHUR SPR SULPHUR SPRI NT #4349,-32.18,COGS:Materials & Supplies
06-28-21,Debit Card Guaranty Pay Gua Mount Pleasa nT #4349,-160,Owners Draw
06-28-21,Debit Card HARBOR FREIGHT T SULPHUR SPRI NT #4349,-200.25,COGS:Materials & Supplies
06-28-21,Debit Card ERIC JONES SNAP 903-717-0020 T #4349,-100,Owners Draw
06-28-21,Debit Card ERIC JONES SNAP 903-717-0020 T #4349,-350,Owners Draw
06-28-21,Debit Card Amazon Kids+*215 888-802-3080 W #4349,-7.45,Owners Draw
06-28-21,Debit Card NAPA SULPHUR SPR SULPHUR SPRI NT #4349,-2.42,COGS:Materials & Supplies
06-28-21,Debit Card NAPA SULPHUR SPR SULPHUR SPRI NT #4349,-16.11,COGS:Materials & Supplies
06-28-21,Debit Card STATE FARM INSU 8009566310 I #4349,-342.93,Business Insurance
06-28-21,Debit Card DOORDASH*MCDONAL SAN FRANCISC OC #4349,-28.27,Meals
06-28-21,Debit Card MCDONALD'S F6509 SULPHUR SPGS T #0759,-5.82,Meals
06-28-21,Debit Card Subway 12013 Sulphur Spri nT #0759,-22.17,Meals
06-28-21,Debit Card MCDONALD'S F6509 SULPHUR SPGS T #0759,-9.71,Meals
06-28-21,Debit RCR DISNEYPLUS 888-9057888 C #4349,-8.65,Owners Draw
06-28-21,Debit RCR VZWRLSS*BILL PAY 800-922-0204 F #4349,-154.73,Utilities:Phone
06-28-21,ACH ENGIE RESOURCES CES_119868,-241.19,Utilities:Gas
06-28-21,Cash Roundup Transfer,-12.11,Miscellaneous Expenses
06-28-21,Check 3395,-2000,Paid Checks
06-28-21,Check 3409,-130.77,Paid Checks
06-28-21,Check 3410,-36.18,Paid Checks
06-28-21,Check 3411,-3187.16,Paid Checks
06-28-21,Check 3412,-2000,Paid Checks
06-29-21,ACH AUTO RENTALS INC ACH PAYMNT IV3131-A 3869671 000000000409739000000000409739000000000000000,4097.39,Other Business Income
06-29-21,Debit Card BROOKSHIR 809 GI SULPHUR SPRI NT #0759,-51.46,Business Supplies
06-29-21,Debit Card COMMERCE CHEVROL COMMERCE T #4349,-125,Vehicle Expenses:Repairs
06-29-21,Debit Card NAPA SULPHUR SPR SULPHUR SPRI NT #4349,-27.49,COGS:Materials & Supplies
06-29-21,Debit Card WHATABURGER 773 SULPHUR SPRI NT #0759,-18.69,Meals
06-29-21,Debit Card MCDONALD'S F6509 SULPHUR SPGS T #0759,-9.06,Meals
06-29-21,Debit Card PAYPAL *APPLE.CO San Jose C #4349,-49.72,Financial Fees:Payment Processing
06-29-21,Cash Roundup Transfer,-2.58,Miscellaneous Expenses
06-29-21,Check 3413,-250,Paid Checks
06-29-21,Check 3414,-750,Paid Checks
06-29-21,Check 3415,-700,Paid Checks
06-30-21,Debit Card NU-WAY COOPER T #4349,-11.9,COGS:Materials & Supplies
06-30-21,Debit Card JOE BOBS SULPHUR SPRI NT #4349,-21.98,Vehicle Expenses:Fuel
06-30-21,Debit Card SUPER HANDY SULPHUR SPRI NT #4349,-17.58,Business Supplies
06-30-21,Debit Card SUPER HANDY SULPHUR SPRI NT #4349,-17.69,Business Supplies
06-30-21,Debit Card SULPHUR SPRINGS SULPHUR SPRI NT #4349,-420,Taxes and Licenses
06-30-21,Debit Card NAPA SULPHUR SPR SULPHUR SPRI NT #4349,-7.68,COGS:Materials & Supplies
06-30-21,Debit Card AMAZON.COM*214EO SEATTLE W #4349,-194.84,Business Supplies
06-30-21,Debit Card MCDONALD'S F6509 SULPHUR SPGS T #0759,-5.82,Meals
06-30-21,Debit Card Guaranty Pay Gua Mount Pleasa nT #4349,-60,Owners Draw
06-30-21,Cash Roundup Transfer,-1.51,Miscellaneous Expenses
06-30-21,Check 3416,-1000,Paid Checks
07-01-21,ACH AUTO RENTALS INC ACH PAYMNT IV011205 3877272 000000000014938000000000014938000000000000000,357.81,Other Business Income
07-01-21,Debit Card JOE BOB'S #5 COMO T #4349,-50,Owners Draw
07-01-21,Debit Card JOE BOB'S #5 COMO T #4349,-19.61,Owners Draw
07-01-21,Debit Card SUPER HANDY 7 SULPHUR SPRI NT #4349,-7.91,Business Supplies
07-01-21,Debit Card Sulphur S Sulphu Sulphur Spri nT #4349,-6.16,Business Supplies
07-01-21,Debit Card Sulphur S Sulphu Sulphur Spri nT #4349,-3.85,Business Supplies
07-01-21,Debit Card NAPA SULPHUR SPR SULPHUR SPRI NT #4349,-12.27,COGS:Materials & Supplies
07-01-21,Debit Card NAPA SULPHUR SPR SULPHUR SPRI NT #4349,-19,COGS:Materials & Supplies
07-01-21,Debit Card NAPA SULPHUR SPR SULPHUR SPRI NT #4349,-19.24,COGS:Materials & Supplies
07-01-21,Debit Card PAYPAL *APPLE.CO San Jose C #4349,-48.66,Financial Fees:Payment Processing
07-01-21,Debit Card SQ *NORTHCUTT DO Sulphur Spri nT #4349,-6.89,Owners Draw
07-01-21,Debit Card PAYPAL *APPLE.CO San Jose C #4349,-17.3,Financial Fees:Payment Processing
07-01-21,Debit Card PAYPAL *APPLE.CO San Jose C #4349,-14.06,Financial Fees:Payment Processing
07-01-21,Debit Card PAYPAL *APPLE.CO San Jose C #4349,-14.06,Financial Fees:Payment Processing
07-01-21,Debit Card MCDONALD'S F6509 SULPHUR SPGS T #4349,-5.82,Meals
07-01-21,Debit Card PAYPAL *APPLE.CO San Jose C #4349,-55.17,Financial Fees:Payment Processing
07-01-21,Debit Card MCDONALD'S F6509 SULPHUR SPGS T #4349,-15.33,Meals
07-01-21,Cash Roundup Transfer,-7.67,Miscellaneous Expenses
07-01-21,Check 3396,-245,Paid Checks
07-02-21,Deposit,7717.5,Business Income
07-02-21,Debit Card CANHELP SULPHUR SPRI NT #0759,-40.05,Business Supplies
07-02-21,Debit Card SUPER HANDY 7 SULPHUR SPRI NT #4349,-14.85,Business Supplies
07-02-21,Debit Card NAPA SULPHUR SPR SULPHUR SPRI NT #4349,-6.29,COGS:Materials & Supplies
07-02-21,Debit Card NAPA SULPHUR SPR SULPHUR SPRI NT #4349,-11.95,COGS:Materials & Supplies
07-02-21,Debit Card NAPA SULPHUR SPR SULPHUR SPRI NT #4349,-44.55,COGS:Materials & Supplies
07-02-21,Debit Card WHATABURGER 773 SULPHUR SPRI NT #4349,-10.23,Meals
07-02-21,Debit Card TST* CORNER GRUB SULPHUR SPRI NT #0759,-56.23,Meals
07-02-21,Debit Card PAYPAL *APPLE.CO San Jose C #4349,-33.54,Financial Fees:Payment Processing
07-02-21,Debit Card MCDONALD'S F6509 SULPHUR SPGS T #0759,-21.37,Meals
07-02-21,Debit Card PAYPAL *APPLE.CO San Jose C #4349,-14.06,Financial Fees:Payment Processing
07-02-21,Debit Card PAYPAL *APPLE.CO San Jose C #4349,-28.12,Financial Fees:Payment Processing
07-02-21,Debit Card Guaranty Pay Gua Mount Pleasa nT #4349,-60,Owners Draw
07-02-21,Cash Roundup Transfer,-6.76,Miscellaneous Expenses
07-06-21,Deposit,932.03,Business Income
07-06-21,Deposit,807.5,Business Income
07-06-21,ACH Square Inc 210705 P2,208.6,Business Income
07-06-21,ACH Square Inc 210705 P2,229.32,Business Income
07-06-21,IB INTERNET TRANSFER FROM ACCOUNT *8069,80,Account Transfers
07-06-21,ATM Withdrawal US HWY 271 SOUTH GRANT O #4349,-1604.25,Owners Draw
07-06-21,ATM Withdrawal 919 GILMER ST SULPHUR SPRI NT #0759,-160,Owners Draw
07-06-21,ATM Withdrawal US HWY 271 SOUTH GRANT O #4349,-404.25,Owners Draw
07-06-21,ATM Withdrawal US HWY 271 SOUTH GRANT O #0759,-704.25,Owners Draw
07-06-21,Debit Card SUPER HANDY SULPHUR SPRI NT #4349,-15.97,Business Supplies
07-06-21,Debit Card PAYPAL *APPLE.CO San Jose C #4349,-14.06,Financial Fees:Payment Processing
07-06-21,Debit Card SUPER HANDY SULPHUR SPRI NT #4349,-29.63,Business Supplies
07-06-21,Debit Card PILOT #0157 SULPHUR SPG T #4349,-9.8,Vehicle Expenses:Fuel
07-06-21,Debit Card PAYPAL *APPLE.CO San Jose C #4349,-38.93,Financial Fees:Payment Processing
07-06-21,Debit Card SUPER HANDY 7 SULPHUR SPRI NT #4349,-5.11,Business Supplies
07-06-21,Debit Card SUPER HANDY SULPHUR SPRI NT #4349,-15.97,Business Supplies
07-06-21,Debit Card PAYPAL *APPLE.CO San Jose C #4349,-44.35,Financial Fees:Payment Processing
07-06-21,Debit Card SHELL SERVICE S SULPHUR SPRI NT #4349,-46.58,Vehicle Expenses:Fuel
07-06-21,Debit Card SUPER HANDY SULPHUR SPRI NT #4349,-15.97,Business Supplies
07-06-21,Debit Card SUPER HANDY 7 SULPHUR SPRI NT #4349,-35.89,Business Supplies
07-06-21,Debit Card SUPER HANDY 7 SULPHUR SPRI NT #4349,-11.53,Business Supplies
07-06-21,Debit Card PAYPAL *APPLE.CO San Jose C #4349,-60.55,Financial Fees:Payment Processing
07-06-21,Debit Card EVI*CHOCTAW CASI GRANT O #4349,-1037.5,Owners Draw
07-06-21,Debit Card SUPER HANDY SULPHUR SPRI NT #4349,-18.12,Business Supplies
07-06-21,Debit Card SUPER HANDY 7 SULPHUR SPRI NT #4349,-5.11,Business Supplies
07-06-21,Debit Card PAYPAL *APPLE.CO San Jose C #4349,-56.24,Financial Fees:Payment Processing
07-06-21,Debit Card PAYPAL *APPLE.CO San Jose C #4349,-14.06,Financial Fees:Payment Processing
07-06-21,Debit Card MAC TOOLS - GILM GILMER T #4349,-150,COGS:Materials & Supplies
07-06-21,Debit Card PAYPAL *APPLE.CO San Jose C #4349,-10.81,Financial Fees:Payment Processing
07-06-21,Debit Card PAYPAL *APPLE.CO San Jose C #4349,-14.06,Financial Fees:Payment Processing
07-06-21,Debit Card NAPA SULPHUR SPR SULPHUR SPRI NT #4349,-87.55,COGS:Materials & Supplies
07-06-21,Debit Card NAPA SULPHUR SPR SULPHUR SPRI NT #4349,-8.45,COGS:Materials & Supplies
07-06-21,Debit Card MCDONALD'S F6509 SULPHUR SPGS T #0759,-5.82,Meals
07-06-21,Debit Card CN GRANT FOOD & GRANT O #0759,-15,Meals
07-06-21,Debit Card NAPA SULPHUR SPR SULPHUR SPRI NT #4349,-167.88,COGS:Materials & Supplies
07-06-21,Debit Card SQ *TIPPS' FIREW Sulphur Spri nT #4349,-223,COGS:Materials & Supplies
07-06-21,Debit Card NAPA SULPHUR SPR SULPHUR SPRI NT #4349,-55.4,COGS:Materials & Supplies
07-06-21,Debit Card NAPA SULPHUR SPR SULPHUR SPRI NT #4349,-27.06,COGS:Materials & Supplies
07-06-21,Debit Card NAPA SULPHUR SPR SULPHUR SPRI NT #4349,-23.92,COGS:Materials & Supplies
07-06-21,Debit Card MCDONALD'S F6509 SULPHUR SPGS T #0759,-15.23,Meals
07-06-21,Debit Card ERIC JONES SNAP 903-717-0020 T #4349,-350,Owners Draw
07-06-21,Debit Card ERIC JONES SNAP 903-717-0020 T #4349,-100,Owners Draw
07-06-21,Debit Card CN CASINO GRANT- GRANT O #0759,-9,Owners Draw
07-06-21,Debit Card JUAN PABLOS MEX SULPHUR SPRI NT #4349,-63.87,Meals
07-06-21,Debit Card Guaranty Pay Gua Mount Pleasa nT #4349,-100,Owners Draw
07-06-21,Debit Card MCDONALD'S F6509 SULPHUR SPGS T #0759,-5.82,Meals
07-06-21,Debit Card INSTACART SAN FRANCISC OC #4349,-17.54,Owners Draw
07-06-21,Debit Card INSTACART SAN FRANCISC OC #4349,-392.09,Owners Draw
07-06-21,Debit Card CVS/PHARMACY #07 SULPHUR SPRI NT #0759,-104.84,Business Supplies
07-06-21,Debit Card PAYPAL *APPLE.CO San Jose C #4349,-55.17,Financial Fees:Payment Processing
07-06-21,Debit Card PAYPAL *APPLE.CO San Jose C #4349,-14.06,Financial Fees:Payment Processing
07-06-21,Debit Card PAYPAL *APPLE.CO San Jose C #4349,-14.06,Financial Fees:Payment Processing
07-06-21,Debit Card MCDONALD'S F6509 SULPHUR SPGS T #0759,-24.96,Meals
07-06-21,Debit Card PAYPAL *APPLE.CO San Jose C #4349,-55.16,Financial Fees:Payment Processing
07-06-21,Debit Card PAYPAL *APPLE.CO San Jose C #4349,-32.46,Financial Fees:Payment Processing
07-06-21,Debit Card MCDONALD'S F6509 SULPHUR SPGS T #0759,-5.82,Meals
07-06-21,Debit Card PAYPAL *APPLE.CO San Jose C #4349,-16.23,Financial Fees:Payment Processing
07-06-21,Debit Card Guaranty Pay Gua Mount Pleasa nT #4349,-60,Owners Draw
07-06-21,Automatic Loan Pmt LN PyXXXXXX0645 1,-262.22,Loan Payments
07-06-21,ACH BB&T LOAN PHONEPYMNT,-531.21,Loan Payments
07-06-21,Cash Roundup Transfer,-20.37,Miscellaneous Expenses
07-06-21,Check 3417,-390,Paid Checks
07-06-21,Check 3419,-700,Paid Checks
07-07-21,ACH AUTO RENTALS INC ACH PAYMNT IV42805 3889062 000000000014392000000000014392000000000000000,4241.31,Other Business Income
07-07-21,ACH Square Inc 210707 P2,262.87,Business Income
07-07-21,Debit Card PAYPAL *APPLE.CO San Jose C #4349,-14.06,Financial Fees:Payment Processing
07-07-21,Debit Card SUPER HANDY SULPHUR SPRI NT #4349,-15.97,Business Supplies
07-07-21,Debit Card JOES FAST LANE SULPHUR SPRI NT #4349,-3,Vehicle Expenses:Fuel
07-07-21,Debit Card HALL VOLVO GMC I TYLER T #0759,-194.86,COGS:Materials & Supplies
07-07-21,Debit Card NAPA SULPHUR SPR SULPHUR SPRI NT #4349,-42.99,COGS:Materials & Supplies
07-07-21,Debit Card DAIRY QUEEN - 44 SULPHUR SPRI NT #0759,-19.99,Meals
07-07-21,Debit Card NAPA SULPHUR SPR SULPHUR SPRI NT #4349,-7.1,COGS:Materials & Supplies
07-07-21,Debit Card NAPA SULPHUR SPR SULPHUR SPRI NT #4349,-20.05,COGS:Materials & Supplies
07-07-21,Debit Card NAPA SULPHUR SPR SULPHUR SPRI NT #4349,-36.8,COGS:Materials & Supplies
07-07-21,Debit Card DAIRY QUEEN - 44 SULPHUR SPRI NT #0759,-10.37,Meals
07-07-21,Debit Card MCDONALD'S F6509 SULPHUR SPGS T #0759,-5.82,Meals
07-07-21,Debit Card Guaranty Pay Gua Mount Pleasa nT #4349,-400,Owners Draw
07-07-21,Debit Card PAYPAL *APPLE.CO San Jose C #4349,-16.23,Financial Fees:Payment Processing
07-07-21,Debit Card MCDONALD'S F6509 SULPHUR SPGS T #0759,-5.82,Meals
07-07-21,Debit Card PAYPAL *APPLE.CO San Jose C #4349,-28.12,Financial Fees:Payment Processing
07-07-21,Debit Card MCDONALD'S F6509 SULPHUR SPGS T #0759,-5.82,Meals
07-07-21,ACH AM INCOME LIFE INS.PREM 800-433-3405,-76.53,Owners Draw
07-07-21,ACH AM INCOME LIFE INS.PREM 800-433-3405,-22.98,Owners Draw
07-07-21,Cash Roundup Transfer,-6,Miscellaneous Expenses
07-07-21,Check 3418,-1000,Paid Checks
07-08-21,ACH AUTO RENTALS INC ACH PAYMNT IV142106 3892672 000000000006900000000000006900000000000000000,69,Other Business Income
07-08-21,Debit Card SUPER HANDY SULPHUR SPRI NT #4349,-16.39,Business Supplies
07-08-21,Debit Card SUPER HANDY 7 SULPHUR SPRI NT #4349,-22,Business Supplies
07-08-21,Debit Card SUPER HANDY 7 SULPHUR SPRI NT #4349,-10.34,Business Supplies
07-08-21,Debit Card SUPER HANDY 7 SULPHUR SPRI NT #4349,-8.55,Business Supplies
07-08-21,Debit Card NAPA SULPHUR SPR SULPHUR SPRI NT #4349,-27.56,COGS:Materials & Supplies
07-08-21,Debit Card NAPA SULPHUR SPR SULPHUR SPRI NT #4349,-56.75,COGS:Materials & Supplies
07-08-21,Debit Card NAPA SULPHUR SPR SULPHUR SPRI NT #4349,-42.8,COGS:Materials & Supplies
07-08-21,Debit Card NAPA SULPHUR SPR SULPHUR SPRI NT #4349,-75.73,COGS:Materials & Supplies
07-08-21,Debit Card NAPA SULPHUR SPR SULPHUR SPRI NT #4349,-3.26,COGS:Materials & Supplies
07-08-21,Debit Card WHATABURGER 773 SULPHUR SPRI NT #0759,-30.69,Meals
07-08-21,Cash Roundup Transfer,-3.93,Miscellaneous Expenses
07-09-21,Deposit,787.5,Business Income
07-09-21,Deposit,700,Business Income
07-09-21,ACH AUTO RENTALS INC ACH PAYMNT IV726940 3896296 000000000037346000000000037346000000000000000,373.46,Other Business Income
07-09-21,ATM Withdrawal US HWY 271 SOUTH GRANT O #4349,-704.25,Owners Draw
07-09-21,ATM Withdrawal US HWY 271 SOUTH GRANT O #4349,-1004.25,Owners Draw
07-09-21,Debit Card SUPER HANDY SULPHUR SPRI NT #4349,-16.39,Business Supplies
07-09-21,Debit Card PAYPAL *APPLE.CO San Jose C #4349,-28.12,Financial Fees:Payment Processing
07-09-21,Debit Card JOES FAST LANE SULPHUR SPRI NT #4349,-49.01,Vehicle Expenses:Fuel
07-09-21,Debit Card JOES FAST LANE SULPHUR SPRI NT #4349,-16.54,Vehicle Expenses:Fuel
07-09-21,Debit Card EVI*CHOCTAW CASI GRANT O #4349,-1037.5,Owners Draw
07-09-21,Debit Card NAPA SULPHUR SPR SULPHUR SPRI NT #4349,-145.94,COGS:Materials & Supplies
07-09-21,Debit Card NAPA SULPHUR SPR SULPHUR SPRI NT #4349,-28.79,COGS:Materials & Supplies
07-09-21,Debit Card MCDONALD'S F6509 SULPHUR SPGS T #0759,-7.98,Meals
07-09-21,Debit Card Guaranty Pay Gua Mount Pleasa nT #4349,-100,Owners Draw
07-09-21,Debit Card AMAZON.COM*293G8 SEATTLE W #4349,-249.36,Business Supplies
07-09-21,Debit Card MCDONALD'S F6509 SULPHUR SPGS T #0759,-5.82,Meals
07-09-21,Debit Card AMAZON.COM*296RN SEATTLE W #4349,-16.23,Business Supplies
07-09-21,Debit Card PAYPAL *APPLE.CO San Jose C #4349,-44.35,Financial Fees:Payment Processing
07-09-21,Debit Card PAYPAL *APPLE.CO San Jose C #4349,-23.76,Financial Fees:Payment Processing
07-09-21,Debit Card Guaranty Pay Gua Mount Pleasa nT #4349,-60,Owners Draw
07-09-21,Debit Card PAYPAL *APPLE.CO San Jose C #4349,-38.93,Financial Fees:Payment Processing
07-09-21,Debit Card PAYPAL *APPLE.CO San Jose C #4349,-17.3,Financial Fees:Payment Processing
07-09-21,Debit Card PAYPAL *APPLE.CO San Jose C #4349,-7.57,Financial Fees:Payment Processing
07-09-21,Debit Card PAYPAL *MISBEHAY San Jose C #4349,-116,Financial Fees:Payment Processing
07-09-21,Cash Roundup Transfer,-7.41,Miscellaneous Expenses
07-09-21,Check 3420,-250,Paid Checks
07-12-21,Deposit,7492.4,Business Income
07-12-21,Deposit,3000,Business Income
07-12-21,ATM Withdrawal US HWY 271 SOUTH GRANT O #4349,-1004.25,Owners Draw
07-12-21,ATM Withdrawal US HWY 271 SOUTH GRANT O #4349,-1004.25,Owners Draw
07-12-21,Debit Card DOLLAR-GE DG 017 SULPHUR SPRI NT #0759,-67.92,Business Supplies
07-12-21,Debit Card STAR MART # 5 SULPHUR SPRI NT #4349,-7.74,Vehicle Expenses:Fuel
07-12-21,Debit Card E-Z MART 4282 SULPHUR SPRI NT #4349,-22.02,Vehicle Expenses:Fuel
07-12-21,Debit Card EVI*CHOCTAW CASI GRANT O #4349,-1037.5,Owners Draw
07-12-21,Debit Card JOE BOBS SULPHUR SPRI NT #4349,-45.54,Vehicle Expenses:Fuel
07-12-21,Debit Card PAYPAL *APPLE.CO San Jose C #4349,-25.95,Financial Fees:Payment Processing
07-12-21,Debit Card SUPER HANDY SULPHUR SPRI NT #4349,-16.39,Business Supplies
07-12-21,Debit Card BROOKSHIR 809 GI SULPHUR SPRI NT #4349,-7.69,Business Supplies
07-12-21,Debit Card SUPER HANDY SULPHUR SPRI NT #4349,-18.54,Business Supplies
07-12-21,Debit Card PAYPAL *APPLE.CO San Jose C #4349,-56.24,Financial Fees:Payment Processing
07-12-21,Debit Card Sulphur S Sulphu Sulphur Spri nT #4349,-76.85,Business Supplies
07-12-21,Debit Card SUPER HANDY SULPHUR SPRI NT #0759,-14.75,Business Supplies
07-12-21,Debit Card SUPER HANDY SULPHUR SPRI NT #4349,-25.68,Business Supplies
07-12-21,Debit Card BROOKSHIR 809 GI SULPHUR SPRI NT #4349,-22.94,Business Supplies
07-12-21,Debit Card PAYPAL *APPLE.CO San Jose C #4349,-5.4,Financial Fees:Payment Processing
07-12-21,Debit Card MAC TOOLS - GILM GILMER T #4349,-150,COGS:Materials & Supplies
07-12-21,Debit Card CHICKEN EXPRESS- SULPHUR SPRI NT #0759,-34.99,Meals
07-12-21,Debit Card TACO BELL 009540 SULPHUR SPRI NT #0759,-44.57,Meals
07-12-21,Debit Card TIERRA DEL SOL SULPHUR SPRI NT #4349,-100,Meals
07-12-21,Debit Card SONIC DRIVE IN # SULPHUR SPRI NT #0759,-24.85,Meals
07-12-21,Debit Card PAYPAL *APPLE.CO San Jose C #4349,-38.92,Financial Fees:Payment Processing
07-12-21,Debit Card 159 BRAUMS STORE SULPHUR SPRI NT #0759,-2.15,Owners Draw
07-12-21,Debit Card MCDONALD'S F6509 SULPHUR SPGS T #0759,-15.33,Meals
07-12-21,Debit Card DOORDASH*MCDONAL SAN FRANCISC OC #4349,-28.99,Meals
07-12-21,Debit Card NAPA SULPHUR SPR SULPHUR SPRI NT #4349,-25.82,COGS:Materials & Supplies
07-12-21,Debit Card NAPA SULPHUR SPR SULPHUR SPRI NT #4349,-79.79,COGS:Materials & Supplies
07-12-21,Debit Card ERIC JONES SNAP 903-717-0020 T #4349,-100,Owners Draw
07-12-21,Debit Card MCDONALD'S F6509 SULPHUR SPGS T #0759,-7.76,Meals
07-12-21,Debit Card NAPA SULPHUR SPR SULPHUR SPRI NT #4349,-101.94,COGS:Materials & Supplies
07-12-21,Debit Card INSTACART SAN FRANCISC OC #4349,-321.45,Owners Draw
07-12-21,Debit Card SQ *NORTHCUTT DO Sulphur Spri nT #0759,-13.78,Owners Draw
07-12-21,Debit Card MCDONALD'S F6509 SULPHUR SPGS T #0759,-6.91,Meals
07-12-21,Debit Card DAIRY QUEEN - 44 SULPHUR SPRI NT #0759,-36.64,Meals
07-12-21,Debit Card PAYPAL *SUGARBOO San Jose C #4349,-77,Financial Fees:Payment Processing
07-12-21,Debit Card MCDONALD'S F6509 SULPHUR SPGS T #0759,-5.82,Meals
07-12-21,Debit Card AMAZON.COM*2E192 SEATTLE W #4349,-97.57,Business Supplies
07-12-21,Debit Card Guaranty Pay Gua Mount Pleasa nT #4349,-60,Owners Draw
07-12-21,Debit Card MCDONALD'S F6509 SULPHUR SPGS T #0759,-5.82,Meals
07-12-21,Debit Card Guaranty Pay Gua Mount Pleasa nT #4349,-100,Owners Draw
07-12-21,Debit Card PAYPAL *TX San Jose C #4349,-37.9,Financial Fees:Payment Processing
07-12-21,Debit Card MCDONALD'S F6509 SULPHUR SPGS T #0759,-5.82,Meals
07-12-21,Debit RCR NETFLIX COM LOS GATOS C #4349,-19.2,Owners Draw
07-12-21,Debit RCR CARROLL TIRE 877-822-0009 F #4349,-215.88,COGS:Materials & Supplies
07-12-21,Debit RCR Amazon Prime*292 Amzn.com/bil lW #4349,-14.06,Owners Draw
07-12-21,ACH CAPITAL ONE MOBILE PMT,-150,Owners Draw
07-12-21,ACH CAPITAL ONE MOBILE PMT,-150,Owners Draw
07-12-21,ACH Square Inc 210712 P2,-221.85,Financial Fees:Payment Processing
07-12-21,ACH TCLINSURANCE WEBPAYMENT 936-560-9393,-1556.18,Business Insurance
07-12-21,Cash Roundup Transfer,-12.89,Miscellaneous Expenses
07-13-21,Deposit,1607.5,Business Income
07-13-21,Transfer Deposit Loan proceeds,8525.01,Business Income
07-13-21,Debit Card BROOKSHIR 809 GI SULPHUR SPRI NT #4349,-4.99,Business Supplies
07-13-21,Debit Card SUPER HANDY SULPHUR SPRI NT #4349,-18,Business Supplies
07-13-21,Debit Card COMMERCE CHEVROL COMMERCE T #4349,-125,Vehicle Expenses:Repairs
07-13-21,Debit Card SUPER HANDY SULPHUR SPRI NT #4349,-8.9,Business Supplies
07-13-21,Debit Card Sulphur S Sulphu Sulphur Spri nT #4349,-29.31,Business Supplies
07-13-21,Debit Card NAPA SULPHUR SPR SULPHUR SPRI NT #4349,-42.5,COGS:Materials & Supplies
07-13-21,Debit Card NAPA SULPHUR SPR SULPHUR SPRI NT #4349,-327.16,COGS:Materials & Supplies
07-13-21,Debit Card ERIC JONES SNAP 903-717-0020 T #4349,-350,Owners Draw
07-13-21,Debit Card AMAZON.COM*2901U SEATTLE W #4349,-324.74,Business Supplies
07-13-21,Debit Card DOORDASH*CHILIS SAN FRANCISC OC #4349,-74.74,Meals
07-13-21,Debit Card MCDONALD'S F6509 SULPHUR SPGS T #0759,-5.82,Meals
07-13-21,Debit Card Guaranty Pay Gua Mount Pleasa nT #4349,-120,Owners Draw
07-13-21,Cash Roundup Transfer,-2.84,Miscellaneous Expenses
07-13-21,Check 3421,-296.94,Paid Checks
07-13-21,Check 3422,-250,Paid Checks
07-13-21,Check 3423,-700,Paid Checks
07-14-21,Debit Card SUPER HANDY SULPHUR SPRI NT #4349,-16.39,Business Supplies
07-14-21,Debit Card JOE BOB'S #5 COMO T #4349,-12.15,Owners Draw
07-14-21,Debit Card BROOKSHIR 809 GI SULPHUR SPRI NT #4349,-42.42,Business Supplies
07-14-21,Debit Card SUPER HANDY SULPHUR SPRI NT #4349,-9.4,Business Supplies
07-14-21,Debit Card NAPA SULPHUR SPR SULPHUR SPRI NT #4349,-99.26,COGS:Materials & Supplies
07-14-21,Debit Card NAPA SULPHUR SPR SULPHUR SPRI NT #4349,-13.16,COGS:Materials & Supplies
07-14-21,Debit Card NAPA SULPHUR SPR SULPHUR SPRI NT #4349,-10.3,COGS:Materials & Supplies
07-14-21,Debit Card HOPKINS MINOR EM SULPHUR SPRI NT #0759,-125,COGS:Materials & Supplies
07-14-21,Debit Card NAPA SULPHUR SPR SULPHUR SPRI NT #4349,-9.99,COGS:Materials & Supplies
07-14-21,Debit Card BURGERS & FRIES SULPHUR SPRI NT #4349,-32.29,Meals
07-14-21,Debit Card SONIC DRIVE IN # COMMERCE T #4349,-14.02,Meals
07-14-21,IB INTERNET TRANSFER TO ACCOUNT *0851,-350,Account Transfers
07-14-21,IB INTERNET TRANSFER TO ACCOUNT *9922,-450,Account Transfers
07-14-21,Cash Roundup Transfer,-6.62,Miscellaneous Expenses
07-14-21,Check 3424,-1000,Paid Checks
07-14-21,Check 3399,-5323.36,Paid Checks
07-15-21,Debit Card SUPER HANDY 7 SULPHUR SPRI NT #4349,-15.14,Business Supplies
07-15-21,Debit Card PAYPAL *APPLE.CO San Jose C #4349,-46.5,Financial Fees:Payment Processing
07-15-21,Debit Card PAYPAL *APPLE.CO San Jose C #4349,-14.06,Financial Fees:Payment Processing
07-15-21,Debit Card SUPER HANDY SULPHUR SPRI NT #4349,-17.89,Business Supplies
07-15-21,Debit Card WHATABURGER 773 SULPHUR SPRI NT #4349,-26.59,Meals
07-15-21,Debit Card LIBERTY POWER HO 866-7693799 F #4349,-211.29,Utilities:Electricity
07-15-21,Debit Card THE SUPPLY KIT SULPHUR SPRI NT #4349,-117.37,Business Supplies
07-15-21,Debit Card WHATABURGER 773 SULPHUR SPRI NT #4349,-32.36,Meals
07-15-21,Debit Card WALGREENS #11910 SULPHUR SPRI NT #4349,-35.39,Business Supplies
07-15-21,Debit Card DOORDASH*TACO BE SAN FRANCISC OC #4349,-18.07,Meals
07-15-21,ACH ENGIE RESOURCES 9033486408,-254.81,Utilities:Gas
07-15-21,Cash Roundup Transfer,-6.34,Miscellaneous Expenses
07-16-21,Deposit,1071.67,Business Income
07-16-21,Deposit,604.34,Business Income
07-16-21,ACH Square Inc 210716 P2,166.85,Business Income
07-16-21,Debit Card Rev NAPA SULPHUR SPR SULPHUR SPRI NT #4349,1.88,COGS:Materials & Supplies
07-16-21,Debit Card O'REILLY AUTO PA SULPHUR SPRI NT #4349,-354.53,COGS:Materials & Supplies
07-16-21,Debit Card SUPER HANDY SULPHUR SPRI NT #4349,-32.56,Business Supplies
07-16-21,Debit Card SUPER HANDY SULPHUR SPRI NT #4349,-16.39,Business Supplies
07-16-21,Debit Card RACETRAC155 MCKINNEY T #4349,-16.22,Vehicle Expenses:Fuel
07-16-21,Debit Card PIZZA HUT 027529 SULPHUR SPRI NT #4349,-25,Meals
07-16-21,Debit Card ADVANCED EYE CAR SULPHUR SPRI NT #4349,-172,Owners Draw
07-16-21,Debit Card NAPA SULPHUR SPR SULPHUR SPRI NT #4349,-9.5,COGS:Materials & Supplies
07-16-21,Debit Card NAPA SULPHUR SPR SULPHUR SPRI NT #4349,-95.92,COGS:Materials & Supplies
07-16-21,Debit Card NAPA SULPHUR SPR SULPHUR SPRI NT #4349,-1.88,COGS:Materials & Supplies
07-16-21,Debit Card MCDONALD'S F6509 SULPHUR SPGS T #4349,-10.38,Meals
07-16-21,Debit Card MCDONALD'S F6509 SULPHUR SPGS T #0759,-5.82,Meals
07-16-21,Debit Card CVS/PHARMACY #07 Sulphur Spri nT #0759,-18.46,Business Supplies
07-16-21,Debit RCR AT&T CONNECTECH 8003310500 T #4349,-384.48,Utilities:Phone
07-16-21,Wire Payment Allen D Russell PLLC Wires,-1000,Legal & Professional Services
07-16-21,ACH ATMOS ENERGY SGL UTIL PYMT,-33.22,Utilities:Gas
07-16-21,ACH LOANCARE SERV MTG PYMT,-524.73,Owners Draw
07-16-21,Wire Fee Allen D Russell PLLC Wires,-25,Legal & Professional Services
07-16-21,Cash Roundup Transfer,-4.86,Miscellaneous Expenses
07-16-21,Check 3397,-125,Paid Checks
07-19-21,Deposit,4800,Business Income
07-19-21,ACH AUTO RENTALS INC ACH PAYMNT IV111947 3919009 000000000026640000000000026640000000000000000,1314.47,Other Business Income
07-19-21,ACH Square Inc 210719 P2,189.66,Business Income
07-19-21,ATM Withdrawal 919 GILMER ST SULPHUR SPRI NT #0759,-60,Owners Draw
07-19-21,Debit Card SUPER HANDY SULPHUR SPRI NT #4349,-25.66,Business Supplies
07-19-21,Debit Card SUPER HANDY 7 SULPHUR SPRI NT #4349,-43.68,Business Supplies
07-19-21,Debit Card SUPER HANDY 7 SULPHUR SPRI NT #4349,-15.54,Business Supplies
07-19-21,Debit Card SUPER HANDY SULPHUR SPRI NT #4349,-16.59,Business Supplies
07-19-21,Debit Card PAYPAL *APPLE.CO San Jose C #4349,-10.81,Financial Fees:Payment Processing
07-19-21,Debit Card PAYPAL *APPLE.CO San Jose C #4349,-2.99,Financial Fees:Payment Processing
07-19-21,Debit Card BROOKSHIR 809 GI SULPHUR SPRI NT #4349,-21.57,Business Supplies
07-19-21,Debit Card SUPER HANDY 7 SULPHUR SPRI NT #4349,-16.39,Business Supplies
07-19-21,Debit Card CVS/PHARMACY #07 Sulphur Spri nT #4349,-75.01,Business Supplies
07-19-21,Debit Card SUPER HANDY SULPHUR SPRI NT #4349,-16.39,Business Supplies
07-19-21,Debit Card ERIC JONES SNAP 903-717-0020 T #4349,-100,Owners Draw
07-19-21,Debit Card TACO BELL 009540 SULPHUR SPRI NT #4349,-7.55,Meals
07-19-21,Debit Card MORENO'S TIRE SH SULPHUR SPRI NT #4349,-92,COGS:Materials & Supplies
07-19-21,Debit Card MAC TOOLS - GILM GILMER T #4349,-150,COGS:Materials & Supplies
07-19-21,Debit Card TOKYO EXPRESS COMMERCE T #0759,-60,Meals
07-19-21,Debit Card ERIC JONES SNAP 903-717-0020 T #4349,-350,Owners Draw
07-19-21,Debit Card STATE FARM INSU 8009566310 I #4349,-344.76,Business Insurance
07-19-21,Debit Card ALLERGY ENT CLIN MCKINNEY T #0759,-65,Owners Draw
07-19-21,Debit Card NAPA SULPHUR SPR SULPHUR SPRI NT #4349,-81.44,COGS:Materials & Supplies
07-19-21,Debit Card Prime Video*2E1W 888-802-3080 W #4349,-9.73,Owners Draw
07-19-21,Debit Card NAPA SULPHUR SPR SULPHUR SPRI NT #4349,-97.88,COGS:Materials & Supplies
07-19-21,Debit Card NAPA SULPHUR SPR SULPHUR SPRI NT #4349,-9.99,COGS:Materials & Supplies
07-19-21,Debit Card NAPA SULPHUR SPR SULPHUR SPRI NT #4349,-141.03,COGS:Materials & Supplies
07-19-21,Debit Card NAPA SULPHUR SPR SULPHUR SPRI NT #4349,-26.5,COGS:Materials & Supplies
07-19-21,Debit Card NAPA SULPHUR SPR SULPHUR SPRI NT #4349,-27.5,COGS:Materials & Supplies
07-19-21,Debit Card NAPA SULPHUR SPR SULPHUR SPRI NT #4349,-8.07,COGS:Materials & Supplies
07-19-21,Debit Card WHATABURGER 773 SULPHUR SPRI NT #0759,-12.18,Meals
07-19-21,Debit Card INSTACART SAN FRANCISC OC #4349,-163.08,Owners Draw
07-19-21,Debit Card INSTACART SAN FRANCISC OC #4349,-113.74,Owners Draw
07-19-21,Debit Card Guaranty Pay Gua Mount Pleasa nT #4349,-100,Owners Draw
07-19-21,Debit Card Prime Video*2E7I 888-802-3080 W #4349,-8.65,Owners Draw
07-19-21,Debit Card COCA COLA TYLER TYLER T #4349,-1.85,Business Supplies
07-19-21,Debit Card WHATABURGER 773 SULPHUR SPRI NT #0759,-33.58,Meals
07-19-21,Debit Card 159 BRAUMS STORE SULPHUR SPRI NT #0759,-37.23,Owners Draw
07-19-21,Debit Card COCA COLA TYLER TYLER T #4349,-1.75,Business Supplies
07-19-21,Debit Card MCDONALD'S F6509 SULPHUR SPGS T #0759,-20.19,Meals
07-19-21,Debit RCR NBC Peacock New Y oN #4349,-5.41,Owners Draw
07-19-21,Debit RCR HLU*HULU 1339504 HULU.COM/BIL LC #4349,-80.08,Owners Draw
07-19-21,Debit RCR Peacock D2D5C Pr New York N #4349,-5.4,Owners Draw
07-19-21,Debit RCR APPLE.COM/BILL 866-712-7753 C #4349,-10.81,Owners Draw
07-19-21,Cash Roundup Transfer,-15.97,Miscellaneous Expenses
07-20-21,ACH Square Inc 210720 P2,270.81,Business Income
07-20-21,Debit Card STAR MART # 5 SULPHUR SPRI NT #4349,-15.72,Vehicle Expenses:Fuel
07-20-21,Debit Card O'REILLY AUTO P SULPHUR SPRI NT #4349,-56.84,COGS:Materials & Supplies
07-20-21,Debit Card BURGER KING #406 SULPHUR SPRI NT #0759,-10.49,Meals
07-20-21,Debit Card NAPA SULPHUR SPR SULPHUR SPRI NT #4349,-26.49,COGS:Materials & Supplies
07-20-21,Debit Card NAPA SULPHUR SPR SULPHUR SPRI NT #4349,-36.86,COGS:Materials & Supplies
07-20-21,Debit Card NAPA SULPHUR SPR SULPHUR SPRI NT #4349,-92.59,COGS:Materials & Supplies
07-20-21,Debit Card NAPA SULPHUR SPR SULPHUR SPRI NT #4349,-29.57,COGS:Materials & Supplies
07-20-21,Debit Card MCDONALD'S F6509 SULPHUR SPGS T #0759,-9.06,Meals
07-20-21,Debit Card MCDONALD'S F6509 SULPHUR SPGS T #0759,-8.74,Meals
07-20-21,Cash Roundup Transfer,-3.64,Miscellaneous Expenses
07-20-21,Check 3588,-865.81,Paid Checks
07-20-21,Check 3589,-800,Paid Checks
07-20-21,Check 3590,-250,Paid Checks
07-20-21,Check 3593,-800,Paid Checks
07-21-21,ACH AUTO RENTALS INC ACH PAYMNT IV132145 3926564 000000000015187000000000015187000000000000000,940.97,Other Business Income
07-21-21,ACH Square Inc 210721 P2,922.6,Business Income
07-21-21,Debit Card SUPER HANDY 7 SULPHUR SPRI NT #4349,-36.6,Business Supplies
07-21-21,Debit Card SUPER HANDY 7 SULPHUR SPRI NT #4349,-12.59,Business Supplies
07-21-21,Debit Card SUPER HANDY SULPHUR SPRI NT #4349,-18.33,Business Supplies
07-21-21,Debit Card NAPA SULPHUR SPR SULPHUR SPRI NT #4349,-44.04,COGS:Materials & Supplies
07-21-21,Debit Card NAPA SULPHUR SPR SULPHUR SPRI NT #4349,-93.68,COGS:Materials & Supplies
07-21-21,Debit Card NAPA SULPHUR SPR SULPHUR SPRI NT #4349,-304.97,COGS:Materials & Supplies
07-21-21,Debit Card NAPA SULPHUR SPR SULPHUR SPRI NT #4349,-12.88,COGS:Materials & Supplies
07-21-21,Debit Card NAPA SULPHUR SPR SULPHUR SPRI NT #4349,-13.25,COGS:Materials & Supplies
07-21-21,Debit Card 159 BRAUMS STORE SULPHUR SPRI NT #0759,-7.11,Owners Draw
07-21-21,Debit RCR CARROLL TIRE 877-822-0009 F #4349,-436.4,COGS:Materials & Supplies
07-21-21,ACH WEBFILE TAX PYMT DD,-372.85,Taxes and Licenses
07-21-21,Cash Roundup Transfer,-5.15,Miscellaneous Expenses
07-21-21,Check 3591,-1000,Paid Checks
07-21-21,Check 3592,-700,Paid Checks
07-22-21,Deposit,4150.65,Business Income
07-22-21,ACH AUTO RENTALS INC ACH PAYMNT IV491275 3930439 000000000093116000000000093116000000000000000,931.16,Other Business Income
07-22-21,Debit Card SUPER HANDY SULPHUR SPRI NT #4349,-23.7,Business Supplies
07-22-21,Debit Card QT 983 INSIDE 14 GREENVILLE T #4349,-25.39,Vehicle Expenses:Fuel
07-22-21,Debit Card JUAN PABLOS MEX SULPHUR SPRI NT #4349,-110.58,Meals
07-22-21,Debit Card PAYPAL *ADAVIDSO 4029357733 C #4349,-30,Financial Fees:Payment Processing
07-22-21,Debit Card INSTACART SAN FRANCISC OC #4349,-150.15,Owners Draw
07-22-21,Debit Card PAYPAL *EBAY US 4029357733 C #4349,-23.8,Financial Fees:Payment Processing
07-22-21,Debit Card NAPA SULPHUR SPR SULPHUR SPRI NT #4349,-59.88,COGS:Materials & Supplies
07-22-21,Debit Card NAPA SULPHUR SPR SULPHUR SPRI NT #4349,-9.58,COGS:Materials & Supplies
07-22-21,Debit Card NAPA SULPHUR SPR SULPHUR SPRI NT #4349,-13.04,COGS:Materials & Supplies
07-22-21,Debit Card SONIC DRIVE IN # SULPHUR SPRI NT #0759,-12.32,Meals
07-22-21,Debit Card AMAZON.COM*2E05H SEATTLE W #4349,-12.98,Business Supplies
07-22-21,Debit Card Subway 12013 Sulphur Spri nT #0759,-10.27,Meals
07-22-21,ACH AMEX EPAYMENT ACH PMT ER AM,-125,Business Insurance
07-22-21,ACH Synchrony Bank CC PYMT,-150,Owners Draw
07-22-21,Cash Roundup Transfer,-5.31,Miscellaneous Expenses
07-23-21,Debit Card BROOKSHIR 809 GI SULPHUR SPRI NT #0759,-50.65,Business Supplies
07-23-21,Debit Card JOE BOBS SULPHUR SPRI NT #4349,-12.26,Vehicle Expenses:Fuel
07-23-21,Debit Card Wal-Mart Super C SULPHUR SPRI NT #4349,-77.69,Business Supplies
07-23-21,Debit Card Wal-Mart Super C SULPHUR SPRI NT #4349,-118.59,Business Supplies
07-23-21,Debit Card SUPER HANDY SULPHUR SPRI NT #4349,-17.63,Business Supplies
07-23-21,Debit Card OPTIMUM OUTCOMES 877-7959819 A #4349,-127.37,Owners Draw
07-23-21,Debit Card ALLERGY ENT CLIN GREENVILLE T #4349,-65,Owners Draw
07-23-21,Debit Card NAPA SULPHUR SPR SULPHUR SPRI NT #4349,-86.77,COGS:Materials & Supplies
07-23-21,Debit Card SQ *THE MAGIC SC Sulphur Spri nT #0759,-7.75,Business Supplies
07-23-21,Debit Card WINDHAM PROS-FIC 800-969-0059 N #0759,-125,Legal & Professional Services
07-23-21,Debit Card LABCORP CASH TXP GREENVILLE T #4349,-476,Owners Draw
07-23-21,Debit Card MCDONALD'S F6509 SULPHUR SPGS T #0759,-5.82,Meals
07-23-21,Debit Card Guaranty Pay Gua Mount Pleasa nT #4349,-60,Owners Draw
07-23-21,ACH LTG TEXARKANA T PURCHASE TELECHK 800-697-926 CK 3594,-716.46,Repairs & Maintenance:Equipment
07-23-21,Cash Roundup Transfer,-3.47,Miscellaneous Expenses
07-26-21,Deposit,2007.5,Business Income
07-26-21,Deposit,483.25,Business Income
07-26-21,ACH Square Inc 210726 P2,132.86,Business Income
07-26-21,Debit Card BROOKSHIR 809 GI SULPHUR SPRI NT #4349,-36.04,Business Supplies
07-26-21,Debit Card SUPER HANDY SULPHUR SPRI NT #4349,-39.88,Business Supplies
07-26-21,Debit Card SUPER HANDY SULPHUR SPRI NT #4349,-17.68,Business Supplies
07-26-21,Debit Card JOE BOB'S #5 COMO T #4349,-48.08,Owners Draw
07-26-21,Debit Card JOE BOB'S #5 COMO T #4349,-10.97,Owners Draw
07-26-21,Debit Card SUPER HANDY SULPHUR SPRI NT #4349,-16.39,Business Supplies
07-26-21,Debit Card BROOKSHIR 809 GI SULPHUR SPRI NT #4349,-120.36,Business Supplies
07-26-21,Debit Card BROOKSHIR 809 GI SULPHUR SPRI NT #4349,-30.03,Business Supplies
07-26-21,Debit Card JOE BOB'S #5 COMO T #4349,-3.38,Owners Draw
07-26-21,Debit Card SUPER HANDY SULPHUR SPRI NT #4349,-16.39,Business Supplies
07-26-21,Debit Card PAYPAL *APPLE.CO San Jose C #4349,-14.06,Financial Fees:Payment Processing
07-26-21,Debit Card SUPER HANDY 7 SULPHUR SPRI NT #4349,-4.42,Business Supplies
07-26-21,Debit Card CHICK-FIL-A #041 SULPHUR SPRI NT #0759,-10.77,Meals
07-26-21,Debit Card PLAIN & FANCY SA SULPHUR SPRI NT #4349,-37.31,Meals
07-26-21,Debit Card MCDONALD'S F6509 SULPHUR SPGS T #4349,-5.82,Meals
07-26-21,Debit Card MUDDY JAKES SULPHUR S T #4349,-50.1,Meals
07-26-21,Debit Card MAC TOOLS - GILM GILMER T #4349,-150,COGS:Materials & Supplies
07-26-21,Debit Card NAPA SULPHUR SPR SULPHUR SPRI NT #4349,-12.47,COGS:Materials & Supplies
07-26-21,Debit Card JUAN PABLOS MEX SULPHUR SPRI NT #4349,-50,Meals
07-26-21,Debit Card PAYPAL *APPLE.CO San Jose C #4349,-49.74,Financial Fees:Payment Processing
07-26-21,Debit Card NAPA SULPHUR SPR SULPHUR SPRI NT #4349,-26.5,COGS:Materials & Supplies
07-26-21,Debit Card NAPA SULPHUR SPR SULPHUR SPRI NT #4349,-18.29,COGS:Materials & Supplies
07-26-21,Debit Card MCDONALD'S F6509 SULPHUR SPGS T #0759,-7.98,Meals
07-26-21,Debit Card ERIC JONES SNAP 903-717-0020 T #4349,-100,Owners Draw
07-26-21,Debit Card ERIC JONES SNAP 903-717-0020 T #4349,-250,Owners Draw
07-26-21,Debit Card NAPA SULPHUR SPR SULPHUR SPRI NT #4349,-209.85,COGS:Materials & Supplies
07-26-21,Debit Card MCDONALD'S F6509 SULPHUR SPGS T #0759,-5.82,Meals
07-26-21,Debit Card Amazon Kids+*2E8 888-802-3080 W #4349,-7.45,Owners Draw
07-26-21,Debit Card MCDONALD'S F6509 SULPHUR SPGS T #0759,-18.24,Meals
07-26-21,Debit Card Guaranty Pay Gua Mount Pleasa nT #4349,-220,Owners Draw
07-26-21,Debit Card Guaranty Pay Gua Mount Pleasa nT #4349,-60,Owners Draw
07-26-21,Debit RCR PAYPAL *ZAZZLECO 4029357733 C #4349,-44.91,Financial Fees:Payment Processing
07-26-21,Debit RCR DISNEYPLUS 888-9057888 C #4349,-8.65,Owners Draw
07-26-21,Cash Roundup Transfer,-13.42,Miscellaneous Expenses
07-26-21,Check 3500,-900,Paid Checks
07-27-21,ATM Withdrawal 941 GILMER ST SULPHUR SPRI NT #4349,-103,Owners Draw
07-27-21,Debit Card SHELL SERVICE S SULPHUR SPRI NT #4349,-17.04,Vehicle Expenses:Fuel
07-27-21,Debit Card PAYPAL *APPLE.CO San Jose C #4349,-42.18,Financial Fees:Payment Processing
07-27-21,Debit Card NAPA SULPHUR SPR SULPHUR SPRI NT #4349,-10.34,COGS:Materials & Supplies
07-27-21,Debit Card NAPA MT PLEASANT MT PLEASANT T #4349,-63.03,COGS:Materials & Supplies
07-27-21,Debit Card Guaranty Pay Gua Mount Pleasa nT #4349,-60,Owners Draw
07-27-21,Debit RCR PAYPAL *ZAZZLECO 4029357733 C #4349,-52.6,Financial Fees:Payment Processing
07-27-21,Check 3501,-575,Paid Checks
07-27-21,Check 3502,-3300,Paid Checks
07-27-21,Check 3595,-55,Paid Checks
07-27-21,Check 3596,-834.71,Paid Checks
07-27-21,Check 3599,-700,Paid Checks
07-28-21,Deposit,6302.42,Business Income
07-28-21,ACH AUTO RENTALS INC ACH PAYMNT IV104626 3945671 000000000004600000000000004600000000000000000,638.15,Other Business Income
07-28-21,ACH Square Inc 210728 P2,287.92,Business Income
07-28-21,Debit RCR Rev PAYPAL *ZAZZLECO 4029357733 C #4349,44.91,Uncategorized
07-28-21,Debit Card SUPER HANDY SULPHUR SPRI NT #4349,-16.12,Business Supplies
07-28-21,Debit Card STAR MART # 5 SULPHUR SPRI NT #4349,-12.26,Vehicle Expenses:Fuel
07-28-21,Debit Card DAIRY QUEEN #14 MOUNT VERNON T #0759,-23.87,Meals
07-28-21,Debit Card NAPA SULPHUR SPR SULPHUR SPRI NT #4349,-59.88,COGS:Materials & Supplies
07-28-21,Debit Card NAPA SULPHUR SPR SULPHUR SPRI NT #4349,-8.3,COGS:Materials & Supplies
07-28-21,Debit Card PAYPAL *APPLE.CO San Jose C #4349,-38.93,Financial Fees:Payment Processing
07-28-21,ACH WEX INC FLEET FEBI,-400,Vehicle Expenses:Fuel
07-28-21,Overdraft Charge 3599 700.00,-29,Financial Fees:Bank Charges
07-28-21,Overdraft Charge 0 400.00,-29,Financial Fees:Bank Charges
07-28-21,Cash Roundup Transfer,-2.64,Miscellaneous Expenses
07-28-21,Check 3598,-1000,Paid Checks
07-28-21,3597,-250,Paid Checks
07-29-21,Deposit,3500,Business Income
07-29-21,ATM Withdrawal 919 GILMER ST SULPHUR SPRI NT #4349,-100,Owners Draw
07-29-21,Debit Card LITTLE CAESARS 1 SULPHUR SPRI NT #4349,-16.22,Meals
07-29-21,Debit Card SUPER HANDY SULPHUR SPRI NT #4349,-35,Business Supplies
07-29-21,Debit Card SUPER HANDY SULPHUR SPRI NT #4349,-16.12,Business Supplies
07-29-21,Debit Card PAYPAL *APPLE.CO San Jose C #4349,-41.08,Financial Fees:Payment Processing
07-29-21,Debit Card PAYPAL *APPLE.CO San Jose C #4349,-49.7,Financial Fees:Payment Processing
07-29-21,Debit Card PAYPAL *APPLE.CO San Jose C #4349,-21.62,Financial Fees:Payment Processing
07-29-21,Debit Card PAYPAL *APPLE.CO San Jose C #4349,-30.29,Financial Fees:Payment Processing
07-29-21,Debit Card SUPER HANDY 7 SULPHUR SPRI NT #4349,-19.72,Business Supplies
07-29-21,Debit Card NAPA SULPHUR SPR SULPHUR SPRI NT #4349,-18.98,COGS:Materials & Supplies
07-29-21,Debit Card 159 BRAUMS STORE SULPHUR SPRI NT #4349,-4.64,Owners Draw
07-29-21,Debit Card NAPA SULPHUR SPR SULPHUR SPRI NT #4349,-9.89,COGS:Materials & Supplies
07-29-21,Debit Card 159 BRAUMS STORE SULPHUR SPRI NT #4349,-22.27,Owners Draw
07-29-21,Debit Card PAYPAL *APPLE.CO San Jose C #4349,-10.81,Financial Fees:Payment Processing
07-29-21,Debit Card DOORDASH*MCDONAL SAN FRANCISC OC #4349,-11.86,Meals
07-29-21,Debit Card PAYPAL *APPLE.CO San Jose C #4349,-31.36,Financial Fees:Payment Processing
07-29-21,Debit Card PAYPAL *APPLE.CO San Jose C #4349,-14.06,Financial Fees:Payment Processing
07-29-21,Debit Card PAYPAL *APPLE.CO San Jose C #4349,-16.21,Financial Fees:Payment Processing
07-29-21,Debit Card MCDONALD'S F6509 SULPHUR SPGS T #4349,-5.82,Meals
07-29-21,Debit Card PAYPAL *APPLE.CO San Jose C #4349,-24.87,Financial Fees:Payment Processing
07-29-21,Debit Card MCDONALD'S F6509 SULPHUR SPGS T #4349,-14.57,Meals
07-29-21,Debit RCR CARROLL TIRE 877-822-0009 F #4349,-223.08,COGS:Materials & Supplies
07-29-21,Debit RCR SIE PLAYSTATIONN SAN MATEO C #4349,-64.94,Owners Draw
07-29-21,Debit RCR VZWRLSS*BILL PAY 800-922-0204 F #4349,-159.75,Utilities:Phone
07-29-21,Cash Roundup Transfer,-10.14,Miscellaneous Expenses
07-30-21,ATM Withdrawal 941 GILMER ST SULPHUR SPRI NT #4349,-123,Owners Draw
07-30-21,Debit Card PILOT #0157 SULPHUR SPG T #4349,-20.76,Vehicle Expenses:Fuel
07-30-21,Debit Card BROOKSHIR 809 GI SULPHUR SPRI NT #4349,-11.91,Business Supplies
07-30-21,Debit Card PAYPAL *BEYOND M San Jose C #4349,-51,Financial Fees:Payment Processing
07-30-21,Debit Card JOE BOBS SULPHUR SPRI NT #4349,-18.25,Vehicle Expenses:Fuel
07-30-21,Debit Card PAYPAL *APPLE.CO San Jose C #4349,-44.3,Financial Fees:Payment Processing
07-30-21,Debit Card SUPER HANDY SULPHUR SPRI NT #4349,-17.41,Business Supplies
07-30-21,Debit Card NAPA SULPHUR SPR SULPHUR SPRI NT #4349,-103.1,COGS:Materials & Supplies
07-30-21,Debit Card NAPA SULPHUR SPR SULPHUR SPRI NT #4349,-38.8,COGS:Materials & Supplies
07-30-21,Debit Card NAPA SULPHUR SPR SULPHUR SPRI NT #4349,-60.27,COGS:Materials & Supplies
07-30-21,Debit Card SQ *NORTHCUTT DO PARIS T #4349,-7.2,Owners Draw
07-30-21,Debit Card PAYPAL *SWANKY T San Jose C #4349,-40.38,Financial Fees:Payment Processing
07-30-21,Debit Card MCDONALD'S F6509 SULPHUR SPGS T #4349,-8.74,Meals
07-30-21,Debit Card MCDONALD'S F6509 SULPHUR SPGS T #4349,-5.82,Meals
07-30-21,Cash Roundup Transfer,-6.06,Miscellaneous Expenses
08-02-21,Deposit,2615,Business Income
08-02-21,Deposit,3500,Business Income
08-02-21,IB INTERNET TRANSFER FROM ACCOUNT *8069,140,Account Transfers
08-02-21,ATM Withdrawal US HWY 271 SOUTH GRANT O #4349,-1004.25,Owners Draw
08-02-21,ATM Withdrawal US HWY 271 SOUTH GRANT O #4349,-1004.25,Owners Draw
08-02-21,ATM Withdrawal US HWY 271 SOUTH GRANT O #4349,-1004.25,Owners Draw
08-02-21,ATM Withdrawal US HWY 271 SOUTH GRANT O #4349,-1004.25,Owners Draw
08-02-21,Debit Card SUPER HANDY SULPHUR SPRI NT #4349,-52.7,Business Supplies
08-02-21,Debit Card SUPER HANDY SULPHUR SPRI NT #4349,-21.21,Business Supplies
08-02-21,Debit Card AUTOZONE 1187 B SULPHUR SPRI NT #4349,-16.42,COGS:Materials & Supplies
08-02-21,Debit Card Sulphur S Sulphu Sulphur Spri nT #4349,-2.48,Business Supplies
08-02-21,Debit Card PAYPAL *APPLE.CO San Jose C #4349,-29.17,Financial Fees:Payment Processing
08-02-21,Debit Card SUPER HANDY SULPHUR SPRI NT #4349,-19.72,Business Supplies
08-02-21,Debit Card CN TRAVEL PLAZA- GRANT O #4349,-8.15,Vehicle Expenses:Fuel
08-02-21,Debit Card EVI*CHOCTAW CASI GRANT O #4349,-1037.5,Owners Draw
08-02-21,Debit Card SUPER HANDY 7 SULPHUR SPRI NT #4349,-25.22,Business Supplies
08-02-21,Debit Card PAYPAL *APPLE.CO San Jose C #4349,-35.68,Financial Fees:Payment Processing
08-02-21,Debit Card SUPER HANDY SULPHUR SPRI NT #4349,-19.99,Business Supplies
08-02-21,Debit Card PAYPAL *APPLE.CO San Jose C #4349,-28.09,Financial Fees:Payment Processing
08-02-21,Debit Card PAYPAL *THRIFTBO 2532752241 W #4349,-26.51,Financial Fees:Payment Processing
08-02-21,Debit Card MCDONALD'S F6509 SULPHUR SPGS T #4349,-6.91,Meals
08-02-21,Debit Card MAC TOOLS - GILM GILMER T #4349,-150,COGS:Materials & Supplies
08-02-21,Debit Card INSTACART SAN FRANCISC OC #4349,-230.01,Owners Draw
08-02-21,Debit Card NAPA SULPHUR SPR SULPHUR SPRI NT #4349,-136.24,COGS:Materials & Supplies
08-02-21,Debit Card CN CASINO GRANT- GRANT O #4349,-3,Owners Draw
08-02-21,Debit Card NAPA SULPHUR SPR SULPHUR SPRI NT #4349,-134.88,COGS:Materials & Supplies
08-02-21,Debit Card PAYPAL *APPLE.CO San Jose C #4349,-24.87,Financial Fees:Payment Processing
08-02-21,Debit Card MCDONALD'S F6509 SULPHUR SPGS T #4349,-5.82,Meals
08-02-21,Debit Card ERIC JONES SNAP 903-717-0020 T #4349,-250,Owners Draw
08-02-21,Debit Card ERIC JONES SNAP 903-717-0020 T #4349,-100,Owners Draw
08-02-21,Debit Card Guaranty Pay Gua Mount Pleasa nT #4349,-60,Owners Draw
08-02-21,Debit Card DOORDASH*MCDONAL SAN FRANCISC OC #4349,-40.12,Meals
08-02-21,Debit Card PILOT 00 SULPHUR SPRI NT #4349,-22.68,Vehicle Expenses:Fuel
08-02-21,Debit Card Guaranty Pay Gua Mount Pleasa nT #4349,-50,Owners Draw
08-02-21,Debit Card MCDONALD'S F6509 SULPHUR SPGS T #4349,-5.82,Meals
08-02-21,Debit Card Guaranty Pay Gua Mount Pleasa nT #4349,-60,Owners Draw
08-02-21,Debit RCR CARROLL TIRE 877-822-0009 F #4349,-345.4,COGS:Materials & Supplies
08-02-21,Debit RCR CARROLL TIRE 877-822-0009 F #4349,-238.2,COGS:Materials & Supplies
08-02-21,Cash Roundup Transfer,-12.21,Miscellaneous Expenses
08-02-21,Check 3505,-150,Paid Checks
08-03-21,Deposit,1985,Business Income
08-03-21,ACH Square Inc 210803 P2,393.04,Business Income
08-03-21,Debit Card Rev NAPA SULPHUR SPR SULPHUR SPRI NT #4349,12.87,COGS:Materials & Supplies
08-03-21,Debit Card SUPER HANDY SULPHUR SPRI NT #4349,-14.51,Business Supplies
08-03-21,Debit Card BROOKSHIR 809 GI SULPHUR SPRI NT #4349,-26.99,Business Supplies
08-03-21,Debit Card NAPA SULPHUR SPR SULPHUR SPRI NT #4349,-54.2,COGS:Materials & Supplies
08-03-21,Debit Card NAPA SULPHUR SPR SULPHUR SPRI NT #4349,-12.87,COGS:Materials & Supplies
08-03-21,Debit Card NAPA SULPHUR SPR SULPHUR SPRI NT #4349,-33.37,COGS:Materials & Supplies
08-03-21,Debit Card NAPA SULPHUR SPR SULPHUR SPRI NT #4349,-68.43,COGS:Materials & Supplies
08-03-21,Debit Card CITY OF SULPHUR SULPHUR SPRI NT #4349,-287.39,Utilities:Water
08-03-21,Debit Card CITY OF SULPHUR SULPHUR SPRI NT #4349,-326.56,Utilities:Water
08-03-21,Debit Card MCDONALD'S F6509 SULPHUR SPGS T #4349,-5.82,Meals
08-03-21,Cash Roundup Transfer,-3.86,Miscellaneous Expenses
08-03-21,Check 3507,-700,Paid Checks
08-03-21,Check 3510,-800,Paid Checks
08-04-21,ACH Square Inc 210804 P2,308.8,Business Income
08-04-21,ATM Withdrawal 711 HORSESHOE BLVD BOSSIER CITY L #4349,-407.99,Owners Draw
08-04-21,ATM Withdrawal 711 HORSESHOE BLVD BOSSIER CITY L #4349,-407.99,Owners Draw
08-04-21,Debit Card SUPER HANDY SULPHUR SPRI NT #4349,-33.09,Business Supplies
08-04-21,Debit Card PAYPAL *APPLE.CO San Jose C #4349,-14.06,Financial Fees:Payment Processing
08-04-21,Debit Card GRAB-N-GO #2 MARSHALL T #4349,-55.01,Meals
08-04-21,Debit Card TIERRA DEL SOL SULPHUR SPRI NT #4349,-38.32,Meals
08-04-21,Debit Card NAPA SULPHUR SPR SULPHUR SPRI NT #4349,-159.39,COGS:Materials & Supplies
08-04-21,Debit Card PILOT 00 SULPHUR SPRI NT #4349,-25.38,Vehicle Expenses:Fuel
08-04-21,Debit Card PAYPAL *APPLE.CO San Jose C #4349,-57.32,Financial Fees:Payment Processing
08-04-21,Debit Card PAYPAL *BODOKE San Jose C #4349,-24.99,Financial Fees:Payment Processing
08-04-21,Debit Card PAYPAL *APPLE.CO San Jose C #4349,-10.81,Financial Fees:Payment Processing
08-04-21,Check 3508,-250,Paid Checks
08-04-21,Check 3503,-4492.85,Paid Checks
08-04-21,Check 3506,-1000,Paid Checks
08-05-21,Deposit,1617.5,Business Income
08-05-21,Debit Card QT 983 INSIDE 14 GREENVILLE T #4349,-24.2,Vehicle Expenses:Fuel
08-05-21,Debit Card MAC TOOLS - GILM GILMER T #4349,-80,COGS:Materials & Supplies
08-05-21,Debit Card MAC TOOLS - GILM GILMER T #4349,-150,COGS:Materials & Supplies
08-05-21,Debit Card NAPA SULPHUR SPR SULPHUR SPRI NT #4349,-15.38,COGS:Materials & Supplies
08-05-21,Debit Card NAPA SULPHUR SPR SULPHUR SPRI NT #4349,-26.08,COGS:Materials & Supplies
08-05-21,Debit Card NAPA SULPHUR SPR SULPHUR SPRI NT #4349,-20.3,COGS:Materials & Supplies
08-05-21,Debit Card WHATABURGER 700 LONGVIEW T #4349,-11,Meals
08-05-21,Overdraft Charge 3509 75.00,-29,Financial Fees:Bank Charges
08-05-21,Overdraft Charge 3508 250.00,-29,Financial Fees:Bank Charges
08-05-21,"Overdraft Charge 3506 1,000.00",-29,Financial Fees:Bank Charges
08-05-21,Cash Roundup Transfer,-3.04,Miscellaneous Expenses
08-05-21,Check 3509,-75,Paid Checks
08-06-21,ACH AUTO RENTALS INC ACH PAYMNT IV224153 3972225 000000000102488000000000102488000000000000000,1024.88,Other Business Income
08-06-21,Debit Card SUPER HANDY SULPHUR SPRI NT #4349,-16.12,Business Supplies
08-06-21,Debit Card SUPER HANDY SULPHUR SPRI NT #4349,-17.84,Business Supplies
08-06-21,Debit Card Sulphur S Sulphu Sulphur Spri nT #4349,-58.15,Business Supplies
08-06-21,Debit Card ALLERGY ENT CLIN GREENVILLE T #4349,-65,Owners Draw
08-06-21,Debit Card MCDONALD'S F6425 GREENVILLE T #4349,-5.39,Meals
08-06-21,Debit Card Guaranty Pay Gua Mount Pleasa nT #4349,-60,Owners Draw
08-06-21,Debit Card INSTACART SAN FRANCISC OC #4349,-34.69,Owners Draw
08-06-21,Debit Card DOORDASH*MCDONAL SAN FRANCISC OC #4349,-11.86,Meals
08-06-21,Debit Card PAYPAL *Emlynn.9 San Jose C #4349,-58.95,Financial Fees:Payment Processing
08-06-21,Debit Card MCDONALD'S F6509 SULPHUR SPGS T #4349,-5.82,Meals
08-06-21,Automatic Loan Pmt LN PyXXXXXX0645 1,-262.22,Loan Payments
08-06-21,ACH AM INCOME LIFE INS.PREM 800-433-3405,-76.53,Owners Draw
08-06-21,ACH AM INCOME LIFE INS.PREM 800-433-3405,-22.98,Owners Draw
08-06-21,Cash Roundup Transfer,-3.18,Miscellaneous Expenses
08-09-21,Deposit,2055,Business Income
08-09-21,Deposit,763.77,Business Income
08-09-21,Debit Card BROOKSHIR 809 GI SULPHUR SPRI NT #4349,-27.58,Business Supplies
08-09-21,Debit Card DOLLAR-GE DG 017 SULPHUR SPRI NT #4349,-58.78,Business Supplies
08-09-21,Debit Card PAYPAL *APPLE.CO San Jose C #4349,-23.77,Financial Fees:Payment Processing
08-09-21,Debit Card SUPER HANDY SULPHUR SPRI NT #4349,-18.54,Business Supplies
08-09-21,Debit Card SUPER HANDY SULPHUR SPRI NT #4349,-19.41,Business Supplies
08-09-21,Debit Card BROOKSHIR 809 GI SULPHUR SPRI NT #4349,-22.96,Business Supplies
08-09-21,Debit Card PAYPAL *APPLE.CO San Jose C #4349,-14.06,Financial Fees:Payment Processing
08-09-21,Debit Card SUPER HANDY 7 SULPHUR SPRI NT #4349,-5.65,Business Supplies
08-09-21,Debit Card SUPER HANDY SULPHUR SPRI NT #4349,-16.39,Business Supplies
08-09-21,Debit Card JOE BOB #3 SULPHUR SPRI NT #4349,-50.17,Owners Draw
08-09-21,Debit Card SUPER HANDY SULPHUR SPRI NT #4349,-24.3,Business Supplies
08-09-21,Debit Card PAYPAL *APPLE.CO San Jose C #4349,-35.7,Financial Fees:Payment Processing
08-09-21,Debit Card TACO BELL 009540 SULPHUR SPRI NT #4349,-32.77,Meals
08-09-21,Debit Card TIERRA DEL SOL SULPHUR SPRI NT #4349,-39.89,Meals
08-09-21,Debit Card WENDY'S 11637 SULPHUR SPRI NT #4349,-11.57,Meals
08-09-21,Debit Card MCDONALD'S F6509 SULPHUR SPGS T #4349,-5.82,Meals
08-09-21,Debit Card NAPA SULPHUR SPR SULPHUR SPRI NT #4349,-116.35,COGS:Materials & Supplies
08-09-21,Debit Card MCDONALD'S F6509 SULPHUR SPGS T #4349,-5.82,Meals
08-09-21,Debit Card NAPA SULPHUR SPR SULPHUR SPRI NT #4349,-36.48,COGS:Materials & Supplies
08-09-21,Debit Card NAPA SULPHUR SPR SULPHUR SPRI NT #4349,-60.78,COGS:Materials & Supplies
08-09-21,Debit Card CVS/PHARMACY #07 SULPHUR SPRI NT #4349,-167.06,Business Supplies
08-09-21,Debit Card BIG SMITH BAR-B- SULPHUR SPRI NT #4349,-44.28,Meals
08-09-21,Debit Card Guaranty Pay Gua Mount Pleasa nT #4349,-60,Owners Draw
08-09-21,Debit Card DAIRY QUEEN - 44 SULPHUR SPRI NT #4349,-15.98,Meals
08-09-21,Debit Card ERIC JONES SNAP 903-717-0020 T #4349,-100,Owners Draw
08-09-21,Debit Card CVS/PHARMACY #07 Sulphur Spri nT #4349,-25.25,Business Supplies
08-09-21,Debit Card MCDONALD'S F6509 SULPHUR SPGS T #4349,-6.26,Meals
08-09-21,Debit Card INSTACART SAN FRANCISC OC #4349,-200.87,Owners Draw
08-09-21,Debit Card SQ *NORTHCUTT DO PARIS T #4349,-12.05,Owners Draw
08-09-21,Debit Card DOORDASH*MCDONAL SAN FRANCISC OC #4349,-11.86,Meals
08-09-21,Debit Card PAYPAL *APPLE.CO San Jose C #4349,-21.64,Financial Fees:Payment Processing
08-09-21,Debit Card CHICKEN EXPRESS- SULPHUR SPRI NT #4349,-54.67,Meals
08-09-21,Debit Card MCDONALD'S F6509 SULPHUR SPGS T #4349,-11.27,Meals
08-09-21,Debit Card MCDONALD'S F6509 SULPHUR SPGS T #4349,-5.82,Meals
08-09-21,Debit Card MCDONALD'S F6509 SULPHUR SPGS T #4349,-5.82,Meals
08-09-21,Cash Roundup Transfer,-14.38,Miscellaneous Expenses
08-10-21,Deposit,690.86,Business Income
08-10-21,ACH AUTO RENTALS INC ACH PAYMNT IV214555 3980263 000000000024897000000000024897000000000000000,715.61,Other Business Income
08-10-21,IB INTERNET TRANSFER FROM ACCOUNT *8069,40,Account Transfers
08-10-21,Debit Card TACO BELL 009540 SULPHUR SPRI NT #4349,-13.16,Meals
08-10-21,Debit Card NAPA SULPHUR SPR SULPHUR SPRI NT #4349,-125.91,COGS:Materials & Supplies
08-10-21,Debit Card DOORDASH*MCDONAL SAN FRANCISC OC #4349,-11.86,Meals
08-10-21,Debit Card ERIC JONES SNAP 903-717-0020 T #4349,-300,Owners Draw
08-10-21,Cash Roundup Transfer,-1.07,Miscellaneous Expenses
08-10-21,Check 3511,-700,Paid Checks
08-10-21,Check 3513,-600,Paid Checks
08-11-21,Deposit,1203.52,Business Income
08-11-21,ACH Square Inc 210811 P2,438.23,Business Income
08-11-21,Debit Card BROOKSHIR 809 GI SULPHUR SPRI NT #4349,-10.49,Business Supplies
08-11-21,Debit Card E-Z MART 4282 SULPHUR SPRI NT #4349,-10.92,Vehicle Expenses:Fuel
08-11-21,Debit Card JOE BOBS SULPHUR SPRI NT #4349,-5.27,Vehicle Expenses:Fuel
08-11-21,Debit Card SUPER HANDY SULPHUR SPRI NT #4349,-27.96,Business Supplies
08-11-21,Debit Card BROOKSHIR 809 GI SULPHUR SPRI NT #4349,-33.43,Business Supplies
08-11-21,Debit Card SUPER HANDY SULPHUR SPRI NT #4349,-21.55,Business Supplies
08-11-21,Debit Card PRICE INTERNATIO 903-5979363 T #4349,-651.35,COGS:Materials & Supplies
08-11-21,Debit Card REDNECK TRAILER SULPHUR SPRI NT #4349,-154.41,COGS:Materials & Supplies
08-11-21,Debit Card NAPA SULPHUR SPR SULPHUR SPRI NT #4349,-209.57,COGS:Materials & Supplies
08-11-21,Debit Card NAPA SULPHUR SPR SULPHUR SPRI NT #4349,-13.8,COGS:Materials & Supplies
08-11-21,Debit Card NAPA SULPHUR SPR SULPHUR SPRI NT #4349,-125.91,COGS:Materials & Supplies
08-11-21,Debit Card NAPA SULPHUR SPR SULPHUR SPRI NT #4349,-12.34,COGS:Materials & Supplies
08-11-21,Debit Card FIV*AUTOLUBE- BR SULPHUR SPRI NT #4349,-60.55,Vehicle Expenses:Repairs
08-11-21,Debit Card DOORDASH*MCDONAL SAN FRANCISC OC #4349,-11.86,Meals
08-11-21,Debit Card PAYPAL *APPLE.CO San Jose C #4349,-34.6,Financial Fees:Payment Processing
08-11-21,Debit RCR PAYPAL *SPLENDIE 4029357733 C #4349,-9.2,Financial Fees:Payment Processing
08-11-21,Debit RCR SIE*PLAYSTATIONN 877-971-7669 C #4349,-32.46,Owners Draw
08-11-21,Debit RCR NETFLIX COM LOS GATOS C #4349,-19.2,Owners Draw
08-11-21,ACH CAPITAL ONE MOBILE PMT,-150,Owners Draw
08-11-21,Cash Roundup Transfer,-8.13,Miscellaneous Expenses
08-11-21,Check 3512,-1000,Paid Checks
08-11-21,Check 3514,-250,Paid Checks
08-11-21,Check 3517,-65,Paid Checks
08-12-21,Deposit,342.5,Business Income
08-12-21,ACH AUTO RENTALS INC ACH PAYMNT IV332712 3987608 000000000020037000000000020037000000000000000,200.37,Other Business Income
08-12-21,Debit Card Rev NAPA SULPHUR SPR SULPHUR SPRI NT #4349,134.88,COGS:Materials & Supplies
08-12-21,Debit Card HOPKINS CTY VEH CARROLLTON T #4349,-85.15,Business Supplies
08-12-21,Debit Card BROOKSHIR 809 GI SULPHUR SPRI NT #4349,-43.4,Business Supplies
08-12-21,Debit Card PAYPAL *ashleysm San Jose C #4349,-12.65,Financial Fees:Payment Processing
08-12-21,Debit Card SUPER HANDY SULPHUR SPRI NT #4349,-16.39,Business Supplies
08-12-21,Debit Card USPS PO 48872504 SULPHUR SPRI NT #4349,-8.8,Office Expenses
08-12-21,Debit Card Frontier Communi Irving T #4349,-108.72,Utilities:Internet
08-12-21,Debit Card SUPER HANDY SULPHUR SPRI NT #4349,-16.39,Business Supplies
08-12-21,Debit Card HOPKINS CTY SVC CARROLLTON T #4349,-2.13,Business Supplies
08-12-21,Debit Card NAPA SULPHUR SPR SULPHUR SPRI NT #4349,-55.52,COGS:Materials & Supplies
08-12-21,Debit Card SANSOM TRUCK PAR SULPHUR SPGS T #4349,-19.66,COGS:Materials & Supplies
08-12-21,Debit Card NAPA SULPHUR SPR SULPHUR SPRI NT #4349,-132.01,COGS:Materials & Supplies
08-12-21,Debit Card NAPA SULPHUR SPR SULPHUR SPRI NT #4349,-43.12,COGS:Materials & Supplies
08-12-21,Debit Card NAPA SULPHUR SPR SULPHUR SPRI NT #4349,-176.21,COGS:Materials & Supplies
08-12-21,Debit Card DOORDASH*MCDONAL SAN FRANCISC OC #4349,-11.86,Meals
08-12-21,Debit Card MCDONALD'S F6509 SULPHUR SPGS T #4349,-5.82,Meals
08-12-21,Debit Card PAYPAL *APPLE.CO San Jose C #4349,-36.75,Financial Fees:Payment Processing
08-12-21,Debit Card PAYPAL *APPLE.CO San Jose C #4349,-5.4,Financial Fees:Payment Processing
08-12-21,Debit Card MCDONALD'S F6509 SULPHUR SPGS T #4349,-5.82,Meals
08-12-21,Debit Card MCDONALD'S F6509 SULPHUR SPGS T #4349,-5.82,Meals
08-12-21,Debit RCR Amazon Prime*2P2 Amzn.com/bil lW #4349,-14.06,Owners Draw
08-12-21,Cash Roundup Transfer,-10.32,Miscellaneous Expenses
08-13-21,Deposit,7127.5,Business Income
08-13-21,ACH Square Inc 210813 P2,503.98,Business Income
08-13-21,Debit Card BROOKSHIR 809 GI SULPHUR SPRI NT #4349,-21.92,Business Supplies
08-13-21,Debit Card SUPER HANDY SULPHUR SPRI NT #4349,-16.39,Business Supplies
08-13-21,Debit Card QT 7901 OUTSIDE LINDALE T #4349,-46,Vehicle Expenses:Fuel
08-13-21,Debit Card SUPER HANDY 7 SULPHUR SPRI NT #4349,-14.85,Business Supplies
08-13-21,Debit Card NAPA SULPHUR SPR SULPHUR SPRI NT #4349,-98.77,COGS:Materials & Supplies
08-13-21,Debit Card NAPA SULPHUR SPR SULPHUR SPRI NT #4349,-110.33,COGS:Materials & Supplies
08-13-21,Debit Card PAYPAL *APPLE.CO San Jose C #4349,-16.21,Financial Fees:Payment Processing
08-13-21,Debit Card TST* PLAIN & FAN SULPHUR SPRI NT #4349,-22.38,Meals
08-13-21,Debit Card DOORDASH*CHILIS SAN FRANCISC OC #4349,-63.37,Meals
08-13-21,Debit Card MCDONALD'S F6509 SULPHUR SPGS T #4349,-5.82,Meals
08-13-21,Debit Card POPEYE'S #11182 TYLER T #4349,-9.52,Meals
08-13-21,IB INTERNET TRANSFER TO ACCOUNT *1628,-1380,Account Transfers
08-13-21,Cash Roundup Transfer,-4.44,Miscellaneous Expenses
08-13-21,Check 3515,-52.06,Paid Checks
08-13-21,Check 3516,-442,Paid Checks
08-16-21,Deposit,2000,Business Income
08-16-21,Debit Card RACETRAC155 MCKINNEY T #4349,-15.56,Vehicle Expenses:Fuel
08-16-21,Debit Card JOES FAST LANE SULPHUR SPRI NT #4349,-46.98,Vehicle Expenses:Fuel
08-16-21,Debit Card JOES FAST LANE SULPHUR SPRI NT #4349,-20.87,Vehicle Expenses:Fuel
08-16-21,Debit Card BROOKSHIR 809 GI SULPHUR SPRI NT #4349,-26.64,Business Supplies
08-16-21,Debit Card PAYPAL *APPLE.CO San Jose C #4349,-43.26,Financial Fees:Payment Processing
08-16-21,Debit Card SUPER HANDY SULPHUR SPRI NT #4349,-16.39,Business Supplies
08-16-21,Debit Card ZSK*CE ANDRETTIS THE COLONY T #4349,-155,Owners Draw
08-16-21,Debit Card Frontier Communi Irving T #4349,-125,Utilities:Internet
08-16-21,Debit Card STAR MART # 5 SULPHUR SPRI NT #4349,-19.17,Vehicle Expenses:Fuel
08-16-21,Debit Card JAY HODGE CHEVRO SULPHUR SPRI T #4349,-149,Vehicle Expenses:Repairs
08-16-21,Debit Card MCDONALD'S F6509 SULPHUR SPGS T #4349,-5.82,Meals
08-16-21,Debit Card NAPA SULPHUR SPR SULPHUR SPRI NT #4349,-62.98,COGS:Materials & Supplies
08-16-21,Debit Card NAPA SULPHUR SPR SULPHUR SPRI NT #4349,-64.46,COGS:Materials & Supplies
08-16-21,Debit Card NAPA SULPHUR SPR SULPHUR SPRI NT #4349,-2039.46,COGS:Materials & Supplies
08-16-21,Debit Card NAPA SULPHUR SPR SULPHUR SPRI NT #4349,-38,COGS:Materials & Supplies
08-16-21,Debit Card NAPA SULPHUR SPR SULPHUR SPRI NT #4349,-88.6,COGS:Materials & Supplies
08-16-21,Debit Card MCDONALD'S F6509 SULPHUR SPGS T #4349,-5.82,Meals
08-16-21,Debit Card SQ *PEDDLERS PIZ Greenville T #4349,-56,Meals
08-16-21,Debit Card Guaranty Pay Gua Mount Pleasa nT #4349,-100,Owners Draw
08-16-21,Debit Card ERIC JONES SNAP 903-717-0020 T #4349,-100,Owners Draw
08-16-21,Debit Card NAPA SULPHUR SPR SULPHUR SPRI NT #4349,-65.77,COGS:Materials & Supplies
08-16-21,Debit Card SQ *NORTHCUTT DO PARIS T #4349,-6.88,Owners Draw
08-16-21,Debit Card AMAZON.COM*2P6F1 SEATTLE W #4349,-64.82,Business Supplies
08-16-21,Debit Card PAYPAL *APPLE.CO San Jose C #4349,-25.96,Financial Fees:Payment Processing
08-16-21,Debit Card LIBERTY POWER HO 866-7693799 F #4349,-420,Utilities:Electricity
08-16-21,Debit Card WHATABURGER 773 SULPHUR SPRI NT #4349,-15.48,Meals
08-16-21,Debit Card DOORDASH*MCDONAL SAN FRANCISC OC #4349,-15.06,Meals
08-16-21,Debit Card MCDONALD'S F6509 SULPHUR SPGS T #4349,-5.82,Meals
08-16-21,Debit Card Guaranty Pay Gua Mount Pleasa nT #4349,-60,Owners Draw
08-16-21,Debit Card MCDONALD'S F6509 SULPHUR SPGS T #4349,-35.22,Meals
08-16-21,Debit Card PAYPAL *APPLE.CO San Jose C #4349,-54.06,Financial Fees:Payment Processing
08-16-21,Debit Card MCDONALD'S F6509 SULPHUR SPGS T #4349,-29.37,Meals
08-16-21,Debit Card MCDONALD'S F6509 SULPHUR SPGS T #4349,-5.82,Meals
08-16-21,Cash Roundup Transfer,-9.73,Miscellaneous Expenses
08-16-21,Check 3518,-1355.9,Paid Checks
08-16-21,Check 3520,-600,Paid Checks
08-16-21,Check 3523,-800,Paid Checks
08-17-21,ACH AUTO RENTALS INC ACH PAYMNT IV254221 3999087 000000000044436000000000044436000000000000000,1398.17,Other Business Income
08-17-21,Debit Card BROOKSHIR 809 GI SULPHUR SPRI NT #4349,-18.02,Business Supplies
08-17-21,Debit Card SUPER HANDY SULPHUR SPRI NT #4349,-18.54,Business Supplies
08-17-21,Debit Card PAYPAL *APPLE.CO San Jose C #4349,-2.99,Financial Fees:Payment Processing
08-17-21,Debit Card SUPER HANDY SULPHUR SPRI NT #4349,-17.46,Business Supplies
08-17-21,Debit Card Prime Video*2D9F 888-802-3080 W #4349,-9.73,Owners Draw
08-17-21,Debit Card NAPA SULPHUR SPR SULPHUR SPRI NT #4349,-15.49,COGS:Materials & Supplies
08-17-21,Debit Card SONIC DRIVE IN # SULPHUR SPRI NT #4349,-4.54,Meals
08-17-21,Debit Card PAYPAL *APPLE.CO San Jose C #4349,-18.37,Financial Fees:Payment Processing
08-17-21,Debit Card MCDONALD'S F6509 SULPHUR SPGS T #4349,-5.82,Meals
08-17-21,Debit Card PAYPAL *APPLE.CO San Jose C #4349,-22.7,Financial Fees:Payment Processing
08-17-21,Debit Card MCDONALD'S F6509 SULPHUR SPGS T #4349,-5.82,Meals
08-17-21,Cash Roundup Transfer,-4.52,Miscellaneous Expenses
08-17-21,Check 3519,-237.5,Paid Checks
08-17-21,Check 3521,-700,Paid Checks
08-17-21,3522,-1000,Paid Checks
08-18-21,Deposit,300,Business Income
08-18-21,Debit Card Rev NAPA SULPHUR SPR SULPHUR SPRI NT #4349,31.94,COGS:Materials & Supplies
08-18-21,IB INTERNET TRANSFER FROM ACCOUNT *8069,35,Account Transfers
08-18-21,Debit Card NAPA SULPHUR SPR SULPHUR SPRI NT #4349,-115.28,COGS:Materials & Supplies
08-18-21,Debit Card NAPA SULPHUR SPR SULPHUR SPRI NT #4349,-19.9,COGS:Materials & Supplies
08-18-21,Debit Card NAPA SULPHUR SPR SULPHUR SPRI NT #4349,-14.49,COGS:Materials & Supplies
08-18-21,Debit Card WHATABURGER 773 SULPHUR SPRI NT #4349,-48.93,Meals
08-18-21,Debit RCR HLU*HULU 1339504 HULU.COM/BIL LC #4349,-80.08,Owners Draw
08-18-21,Debit RCR NBC Peacock New Y oN #4349,-5.4,Owners Draw
08-18-21,Debit RCR NBC Peacock New Y oN #4349,-5.41,Owners Draw
08-18-21,Cash Roundup Transfer,-3.51,Miscellaneous Expenses
08-19-21,ACH AUTO RENTALS INC ACH PAYMNT IV762501 4006514 000000000034119000000000034119000000000000000,341.19,Other Business Income
08-19-21,Debit Card Rev NAPA SULPHUR SPR SULPHUR SPRI NT #4349,4.28,COGS:Materials & Supplies
08-19-21,ATM Withdrawal 919 GILMER ST SULPHUR SPRI NT #0759,-20,Owners Draw
08-19-21,Debit Card SUPER HANDY SULPHUR SPRI NT #4349,-20.37,Business Supplies
08-19-21,Debit Card BROOKSHIR 809 GI SULPHUR SPRI NT #4349,-10.96,Business Supplies
08-19-21,Debit Card SUPER HANDY SULPHUR SPRI NT #4349,-16.39,Business Supplies
08-19-21,Debit Card MAC TOOLS - GILM GILMER T #4349,-100,COGS:Materials & Supplies
08-19-21,Debit Card MAC TOOLS - GILM GILMER T #4349,-50,COGS:Materials & Supplies
08-19-21,Debit Card NAPA SULPHUR SPR SULPHUR SPRI NT #4349,-173.8,COGS:Materials & Supplies
08-19-21,Debit Card NAPA SULPHUR SPR SULPHUR SPRI NT #4349,-4.28,COGS:Materials & Supplies
08-19-21,Debit Card MCDONALD'S F6509 SULPHUR SPGS T #4349,-5.82,Meals
08-19-21,Debit Card MCDONALD'S F6509 SULPHUR SPGS T #4349,-5.82,Meals
08-19-21,Cash Roundup Transfer,-2.56,Miscellaneous Expenses
08-19-21,Check 3524,-92,Paid Checks
08-20-21,Deposit,5208.75,Business Income
08-20-21,ACH AUTO RENTALS INC ACH PAYMNT IV542719 4010249 000000000046690000000000046690000000000000000,466.9,Other Business Income
08-20-21,Debit Card Rev NAPA SULPHUR SPR SULPHUR SPRI NT #4349,47.33,COGS:Materials & Supplies
08-20-21,ATM Withdrawal 919 GILMER ST SULPHUR SPRI NT #4349,-400,Owners Draw
08-20-21,Debit Card BROOKSHIR 809 GI SULPHUR SPRI NT #4349,-19.51,Business Supplies
08-20-21,Debit Card PAYPAL *APPLE.CO San Jose C #4349,-46.52,Financial Fees:Payment Processing
08-20-21,Debit Card SUPER HANDY SULPHUR SPRI NT #4349,-13.56,Business Supplies
08-20-21,Debit Card NAPA SULPHUR SPR SULPHUR SPRI NT #4349,-62.34,COGS:Materials & Supplies
08-20-21,Debit Card NAPA SULPHUR SPR SULPHUR SPRI NT #4349,-27.19,COGS:Materials & Supplies
08-20-21,Debit Card NAPA SULPHUR SPR SULPHUR SPRI NT #4349,-303.71,COGS:Materials & Supplies
08-20-21,Debit Card Guaranty Pay Gua Mount Pleasa nT #4349,-200,Owners Draw
08-20-21,ACH Square Inc 210820 P2,-525.26,Financial Fees:Payment Processing
08-20-21,Cash Roundup Transfer,-3.17,Miscellaneous Expenses
08-20-21,Check 3452,-900,Paid Checks
08-23-21,Deposit,12219.52,Business Income
08-23-21,ACH Square Inc 210823 P2,2186.74,Business Income
08-23-21,Debit Card SHELL SERVICE S ROCKWALL T #4349,-18.88,Vehicle Expenses:Fuel
08-23-21,Debit Card SUPER HANDY SULPHUR SPRI NT #4349,-16.39,Business Supplies
08-23-21,Debit Card BRIGHT ST 621 SH SULPHUR SPRI NT #4349,-83.41,Vehicle Expenses:Fuel
08-23-21,Debit Card CIRCLE K #274450 GREENVILLE T #4349,-40,Vehicle Expenses:Fuel
08-23-21,Debit Card CIRCLE K #274450 GREENVILLE T #4349,-4.36,Vehicle Expenses:Fuel
08-23-21,Debit Card SUPER HANDY 7 SULPHUR SPRI NT #4349,-16.78,Business Supplies
08-23-21,Debit Card BROOKSHIR 809 GI SULPHUR SPRI NT #4349,-65.49,Business Supplies
08-23-21,Debit Card SUPER HANDY 7 SULPHUR SPRI NT #4349,-8.39,Business Supplies
08-23-21,Debit Card CINEMARK THEATRE ROCKWALL T #4349,-22.4,Owners Draw
08-23-21,Debit Card NAPA SULPHUR SPR SULPHUR SPRI NT #4349,-17.05,COGS:Materials & Supplies
08-23-21,Debit Card DOORDASH*MCDONAL SAN FRANCISC OC #4349,-33.57,Meals
08-23-21,Debit Card NAPA SULPHUR SPR SULPHUR SPRI NT #4349,-69.55,COGS:Materials & Supplies
08-23-21,Debit Card JUAN PABLOS MEX SULPHUR SPRI NT #4349,-55.46,Meals
08-23-21,Debit Card SANSOM TRUCK PAR SULPHUR SPGS T #4349,-325.72,COGS:Materials & Supplies
08-23-21,Debit Card CINEMARK THEATRE ROCKWALL T #4349,-24.36,Owners Draw
08-23-21,Debit Card EDOHANA ROCKWALL T #4349,-90,Meals
08-23-21,Debit Card ERIC JONES SNAP 903-717-0020 T #4349,-200,Owners Draw
08-23-21,Debit Card ERIC JONES SNAP 903-717-0020 T #4349,-100,Owners Draw
08-23-21,Debit Card SQ *NORTHCUTT DO PARIS T #0759,-6.88,Owners Draw
08-23-21,Debit Card SQ *SS CENTRE FO Sulphur Spri nT #4349,-313.25,Uncategorized
08-23-21,Debit Card OPTIMUM OUTCOMES 877-7959819 A #4349,-127.37,Owners Draw
08-23-21,Debit Card DOORDASH*MCDONAL SAN FRANCISC OC #4349,-11.86,Meals
08-23-21,Debit Card INSTACART SAN FRANCISC OC #4349,-250.57,Owners Draw
08-23-21,Debit Card MCDONALD'S F6509 SULPHUR SPGS T #0759,-5.82,Meals
08-23-21,Debit Card MCDONALD'S F6509 SULPHUR SPGS T #0759,-7.76,Meals
08-23-21,Debit Card DOORDASH*MCDONAL SAN FRANCISC OC #4349,-11.86,Meals
08-23-21,Debit Card MCDONALD'S F6509 SULPHUR SPGS T #0759,-5.82,Meals
08-23-21,IB INTERNET TRANSFER TO ACCOUNT *0851,-335,Account Transfers
08-23-21,IB INTERNET TRANSFER TO ACCOUNT *9922,-450,Account Transfers
08-23-21,ACH ACUITY INS PREM,-2304.72,Business Insurance
08-23-21,ACH AMEX EPAYMENT ACH PMT ER AM,-150,Business Insurance
08-23-21,ACH Synchrony Bank CC PYMT,-150,Owners Draw
08-23-21,Cash Roundup Transfer,-10,Miscellaneous Expenses
08-23-21,Check 3451,-900,Paid Checks
08-24-21,Deposit,732.5,Business Income
08-24-21,ACH Square Inc 210824 P2,150.15,Business Income
08-24-21,Debit Card WAL-MART #0417 SULPHUR SPRI NT #0759,-94.08,Business Supplies
08-24-21,Debit Card BROOKSHIR 809 GI SULPHUR SPRI NT #0759,-2.39,Business Supplies
08-24-21,Debit Card SUPER HANDY SULPHUR SPRI NT #4349,-16.39,Business Supplies
08-24-21,Debit Card CANHELP SULPHUR SPRI NT #0759,-39.24,Business Supplies
08-24-21,Debit Card CANHELP SULPHUR SPRI NT #0759,-6.5,Business Supplies
08-24-21,Debit Card PAYPAL *FACEBOOK San Jose C #4349,-26.03,Financial Fees:Payment Processing
08-24-21,Debit Card SUPER HANDY SULPHUR SPRI NT #4349,-18.63,Business Supplies
08-24-21,Debit Card DAIRY QUEEN #146 SULPHUR SPRI NT #0759,-5.39,Meals
08-24-21,Debit Card NAPA SULPHUR SPR SULPHUR SPRI NT #4349,-1605.59,COGS:Materials & Supplies
08-24-21,Debit Card WINDHAM PROS-FIC 800-969-0059 N #0759,-125,Legal & Professional Services
08-24-21,Debit Card WM SUPERCENTER # SULPHUR SPRI NT #0759,-7.56,Business Supplies
08-24-21,Debit Card PAYPAL *APPLE.CO San Jose C #4349,-35.67,Financial Fees:Payment Processing
08-24-21,Debit Card MCDONALD'S F6509 SULPHUR SPGS T #0759,-9.06,Meals
08-24-21,Debit Card DAIRY QUEEN #146 SULPHUR SPRI NT #4349,-32.76,Meals
08-24-21,ACH CAPITAL ONE MOBILE PMT,-150,Owners Draw
08-24-21,Cash Roundup Transfer,-7.71,Miscellaneous Expenses
08-24-21,Check 3450,-101.8,Paid Checks
08-24-21,Check 3453,-500,Paid Checks
08-24-21,Check 3454,-1000,Paid Checks
08-24-21,Check 3455,-500,Paid Checks
08-25-21,"Debit Card HOPKINS CO, TX P SULPHUR SPRI NT #4349",-150,Business Supplies
08-25-21,Debit Card SUPER HANDY 7 SULPHUR SPRI NT #4349,-40.01,Business Supplies
08-25-21,Debit Card SUPER HANDY 7 SULPHUR SPRI NT #4349,-13.35,Business Supplies
08-25-21,Debit Card BROOKSHIR 809 GI SULPHUR SPRI NT #4349,-63.17,Business Supplies
08-25-21,Debit Card BROOKSHIR 809 GI SULPHUR SPRI NT #4349,-18.77,Business Supplies
08-25-21,Debit Card KIM'S #23 ATHENS T #4349,-12.8,Meals
08-25-21,Debit Card SUPER HANDY SULPHUR SPRI NT #4349,-24.74,Business Supplies
08-25-21,Debit Card E-Z MART #4035 SULPHUR SPRI T #4349,-48.68,Vehicle Expenses:Fuel
08-25-21,Debit Card DOORDASH*MCDONAL SAN FRANCISC OC #4349,-11.86,Meals
08-25-21,Debit Card HOPKINS CO SVC F FORT WORTH T #4349,-3.75,Business Supplies
08-25-21,Debit Card SLPHRSPGS-SVCFEE 903-8857454 T #4349,-0.4,Financial Fees:Bank Charges
08-25-21,Debit Card NAPA SULPHUR SPR SULPHUR SPRI NT #4349,-59.88,COGS:Materials & Supplies
08-25-21,Debit Card DOORDASH*MAAK SAN FRANCISC OC #4349,-26.16,Meals
08-25-21,Debit Card PAYPAL *EBAY US 4029357733 C #4349,-75.78,Financial Fees:Payment Processing
08-25-21,Debit Card STATE FARM INSU 8009566310 I #4349,-358.77,Business Insurance
08-25-21,Debit RCR HLU*HULU 1339504 HULU.COM/BIL LC #4349,-12.56,Owners Draw
08-25-21,Debit RCR DISNEYPLUS 888-9057888 C #4349,-8.63,Owners Draw
08-25-21,Debit RCR AT&T 1X 8003310500 T #4349,-385,Utilities:Phone
08-25-21,Debit RCR VZWRLSS*BILL PAY 800-922-0204 F #4349,-159.82,Utilities:Phone
08-25-21,ACH ATMOS ENERGY SGL UTIL PYMT,-31.39,Utilities:Gas
08-25-21,ACH LOANCARE SERV MTG PYMT,-536.52,Owners Draw
08-25-21,Cash Roundup Transfer,-6.87,Miscellaneous Expenses
08-26-21,Deposit,2654.17,Business Income
08-26-21,ACH AUTO RENTALS INC ACH PAYMNT IV7256 4025537 000000000013800000000000013800000000000000000,483,Other Business Income
08-26-21,ACH Square Inc 210826 P2,212.77,Business Income
08-26-21,Debit Card HOPKINS CTY VEH CARROLLTON T #4349,-78.25,Business Supplies
08-26-21,Debit Card ANDY BURKETT- MA SULPHUR BLUF FT #4349,-51.1,Owners Draw
08-26-21,Debit Card SUPER HANDY 7 SULPHUR SPRI NT #4349,-90,Business Supplies
08-26-21,Debit Card SUPER HANDY 7 SULPHUR SPRI NT #4349,-27.63,Business Supplies
08-26-21,Debit Card PAYPAL *APPLE.CO San Jose C #4349,-46.48,Financial Fees:Payment Processing
08-26-21,Debit Card SUPER HANDY 7 SULPHUR SPRI NT #4349,-15.72,Business Supplies
08-26-21,Debit Card SUPER HANDY SULPHUR SPRI NT #4349,-22.91,Business Supplies
08-26-21,Debit Card WM SUPERCENTER # SULPHUR SPRI NT #0759,-73.2,Business Supplies
08-26-21,Debit Card HOPKINS CTY SVC CARROLLTON T #4349,-1.96,Business Supplies
08-26-21,Debit Card EMORY EYECARE EMORY T #0759,-8,Owners Draw
08-26-21,Debit Card SULPHUR SPRINGS 903-8852153 T #4349,-200,Taxes and Licenses
08-26-21,Debit Card SULPHUR SPRINGS 903-8852153 T #4349,-6.7,Taxes and Licenses
08-26-21,Debit Card CITY OF SULPHUR 903-8857454 T #4349,-20,Utilities:Water
08-26-21,Debit Card MAC TOOLS - GILM GILMER T #4349,-50,COGS:Materials & Supplies
08-26-21,Debit Card MAC TOOLS - GILM GILMER T #4349,-100,COGS:Materials & Supplies
08-26-21,Debit Card NAPA SULPHUR SPR SULPHUR SPRI NT #4349,-17.1,COGS:Materials & Supplies
08-26-21,Debit Card JUAN PABLOS MEX SULPHUR SPRI NT #4349,-63.81,Meals
08-26-21,Debit Card MCDONALD'S F6509 SULPHUR SPGS T #4349,-13.83,Meals
08-26-21,Debit Card Amazon Kids+*253 888-802-3080 W #4349,-7.45,Owners Draw
08-26-21,Debit Card DOORDASH*MCDONAL SAN FRANCISC OC #4349,-11.86,Meals
08-26-21,Debit Card Prime Video*250T 888-802-3080 W #4349,-4.32,Owners Draw
08-26-21,Debit RCR CARROLL TIRE 877-822-0009 F #4349,-1252.92,COGS:Materials & Supplies
08-26-21,Cash Roundup Transfer,-6.76,Miscellaneous Expenses
08-27-21,Deposit,1148.87,Business Income
08-27-21,ACH AUTO RENTALS INC ACH PAYMNT IV491572 4029386 000000000031815000000000031815000000000000000,586.76,Other Business Income
08-27-21,Debit Card SUPER HANDY SULPHUR SPRI NT #4349,-17.84,Business Supplies
08-27-21,Debit Card SUPER HANDY SULPHUR SPRI NT #4349,-16.12,Business Supplies
08-27-21,Debit Card ALLERGY ENT CLIN GREENVILLE T #0759,-135,Owners Draw
08-27-21,Debit Card NAPA SULPHUR SPR SULPHUR SPRI NT #4349,-335.79,COGS:Materials & Supplies
08-27-21,Debit Card NAPA SULPHUR SPR SULPHUR SPRI NT #4349,-14.29,COGS:Materials & Supplies
08-27-21,Debit Card DAIRY QUEEN #146 SULPHUR SPRI NT #0759,-2.14,Meals
08-27-21,Debit Card 159 BRAUMS STORE SULPHUR SPRI NT #0759,-18.48,Owners Draw
08-27-21,Debit Card DOORDASH*MCDONAL SAN FRANCISC OC #4349,-11.86,Meals
08-27-21,Debit Card SQ *SS CENTRE FO Sulphur Spri nT #0759,-127.82,Uncategorized
08-27-21,Debit Card PANDA EXPRESS #2 SULPHUR SPRI NT #0759,-10,Meals
08-27-21,Debit Card DOORDASH*MCDONAL SAN FRANCISC OC #4349,-11.86,Meals
08-27-21,Debit Card Guaranty Pay Gua Mount Pleasa nT #4349,-60,Owners Draw
08-27-21,Cash Roundup Transfer,-3.8,Miscellaneous Expenses
08-30-21,Deposit,6475,Business Income
08-30-21,Deposit,900,Business Income
08-30-21,ATM Withdrawal 919 GILMER ST SULPHUR SPRI NT #0759,-100,Owners Draw
08-30-21,ATM Withdrawal US HWY 271 SOUTH GRANT O #4349,-1004.25,Owners Draw
08-30-21,ATM Withdrawal US HWY 271 SOUTH GRANT O #4349,-1004.25,Owners Draw
08-30-21,ATM Withdrawal US HWY 271 SOUTH GRANT O #4349,-1004.25,Owners Draw
08-30-21,ATM Withdrawal US HWY 271 SOUTH GRANT O #4349,-1004.25,Owners Draw
08-30-21,Debit Card JOE BOBS SULPHUR SPRI NT #0759,-44.98,Vehicle Expenses:Fuel
08-30-21,Debit Card JOE BOBS SULPHUR SPRI NT #4349,-8.29,Vehicle Expenses:Fuel
08-30-21,Debit Card EVI*CHOCTAW CASI GRANT O #4349,-1037.5,Owners Draw
08-30-21,Debit Card SUPER HANDY SULPHUR SPRI NT #0759,-25.58,Business Supplies
08-30-21,Debit Card QT 983 INSIDE 14 GREENVILLE T #4349,-17.59,Vehicle Expenses:Fuel
08-30-21,Debit Card DOLLAR-GE DG 017 SULPHUR SPRI NT #4349,-2.17,Business Supplies
08-30-21,Debit Card DOLLARTREE SULPHUR SPRI NT #0759,-2.17,Business Supplies
08-30-21,Debit Card BROOKSHIR 809 GI SULPHUR SPRI NT #4349,-67.01,Business Supplies
08-30-21,Debit Card SHELL SERVICE S SULPHUR SPRI NT #4349,-19.3,Vehicle Expenses:Fuel
08-30-21,Debit Card SUPER HANDY SULPHUR SPRI NT #4349,-21.26,Business Supplies
08-30-21,Debit Card WHATABURGER 773 SULPHUR SPRI NT #4349,-31.36,Meals
08-30-21,Debit Card PAYPAL *DOMINO'S 4029357733 N #4349,-49,Financial Fees:Payment Processing
08-30-21,Debit Card MCDONALD'S F6509 SULPHUR SPGS T #0759,-5.82,Meals
08-30-21,Debit Card SQ *CHELSEY CROU Sulphur Spri nT #0759,-40,Uncategorized
08-30-21,Debit Card SQ *HEAVENLY FLO Sulphur Spri nT #0759,-31.9,Owners Draw
08-30-21,Debit Card FLOWERLAND FLORI SULPHUR SPRI NT #4349,-95.26,Business Supplies
08-30-21,Debit Card NAPA SULPHUR SPR SULPHUR SPRI NT #4349,-114.48,COGS:Materials & Supplies
08-30-21,Debit Card DOORDASH*MCDONAL SAN FRANCISC OC #4349,-27.27,Meals
08-30-21,Debit Card NAPA SULPHUR SPR SULPHUR SPRI NT #4349,-93.88,COGS:Materials & Supplies
08-30-21,Debit Card ERIC JONES SNAP 903-717-0020 T #4349,-100,Owners Draw
08-30-21,Debit Card NAPA SULPHUR SPR SULPHUR SPRI NT #4349,-134.99,COGS:Materials & Supplies
08-30-21,Debit Card ERIC JONES SNAP 903-717-0020 T #4349,-200,Owners Draw
08-30-21,Debit Card DOORDASH*MCDONAL SAN FRANCISC OC #4349,-15.06,Meals
08-30-21,Debit Card PAYPAL *laramies San Jose C #4349,-22.94,Financial Fees:Payment Processing
08-30-21,Debit Card MARKS PLUMBING SULPHUR SPRI NT #4349,-129,Repairs & Maintenance:Building
08-30-21,Debit Card DOORDASH*MCDONAL SAN FRANCISC OC #4349,-11.86,Meals
08-30-21,Debit Card SQ *NORTHCUTT DO PARIS T #4349,-10.61,Owners Draw
08-30-21,Debit Card STRAIGHTTALK*AIR 877-430-2355 F #0759,-61.54,Utilities:Phone
08-30-21,Debit Card BROOKSHI VIA INS SAN FRANCISC OC #4349,-198.56,Business Supplies
08-30-21,Debit Card AMAZON.COM*2D0IW SEATTLE W #4349,-12.98,Business Supplies
08-30-21,Debit Card AMAZON.COM*253L3 SEATTLE W #4349,-8.65,Business Supplies
08-30-21,Debit Card WHATABURGER 773 SULPHUR SPRI NT #0759,-8.96,Meals
08-30-21,Debit Card SONIC DRIVE IN # SULPHUR SPRI NT #4349,-22.79,Meals
08-30-21,Debit Card MCDONALD'S F6509 SULPHUR SPGS T #4349,-5.82,Meals
08-30-21,Debit Card MCDONALD'S F6509 SULPHUR SPGS T #0759,-5.82,Meals
08-30-21,Debit Card WM SUPERCENTER # SULPHUR SPRI NT #0759,-8.18,Business Supplies
08-30-21,ACH 86301 CHESAPEAKE PAYMENT INSURANCE,-115,Business Insurance
08-30-21,ACH ENGIE RESOURCES ACH,-389.84,Utilities:Gas
08-30-21,Cash Roundup Transfer,-13.42,Miscellaneous Expenses
08-30-21,Check 3456,-3300,Paid Checks
08-30-21,Check 3457,-840,Paid Checks
08-30-21,Check 3460,-780,Paid Checks
08-31-21,ACH AUTO RENTALS INC ACH PAYMNT IV424167 4037336 000000000213590000000000213590000000000000000,2135.9,Other Business Income
08-31-21,Debit Card SUPER HANDY SULPHUR SPRI NT #4349,-18.02,Business Supplies
08-31-21,Debit Card PAYPAL *APPLE.CO San Jose C #4349,-16.21,Financial Fees:Payment Processing
08-31-21,Debit Card SUPER HANDY 7 SULPHUR SPRI NT #4349,-15.01,Business Supplies
08-31-21,Debit Card Sulphur S Sulphu Sulphur Spri nT #4349,-48.62,Business Supplies
08-31-21,Debit Card BROOKSHIR 809 GI SULPHUR SPRI NT #4349,-36.16,Business Supplies
08-31-21,Debit Card THOROUGHBRED PER 859-7374966 K #4349,-1615.76,COGS:Materials & Supplies
08-31-21,Debit Card PIZZA INN - SULP SULPHUR SPRI NT #4349,-60.89,Meals
08-31-21,Debit Card COLLEGE PAY AMARILLO T #4349,-2.57,Owners Draw
08-31-21,Debit Card COLLEGE PAY AMARILLO T #4349,-105,Owners Draw
08-31-21,Debit Card COLLEGE PAY AMARILLO T #4349,-25,Owners Draw
08-31-21,Debit Card NAPA SULPHUR SPR SULPHUR SPRI NT #4349,-78.32,COGS:Materials & Supplies
08-31-21,Debit Card NAPA SULPHUR SPR SULPHUR SPRI NT #4349,-82.14,COGS:Materials & Supplies
08-31-21,Debit Card NAPA SULPHUR SPR SULPHUR SPRI NT #4349,-10.98,COGS:Materials & Supplies
08-31-21,Debit Card NAPA SULPHUR SPR SULPHUR SPRI NT #4349,-35.31,COGS:Materials & Supplies
08-31-21,Debit Card JUAN PABLOS MEX SULPHUR SPRI NT #4349,-26.52,Meals
08-31-21,Debit Card Guaranty Pay Gua Mount Pleasa nT #4349,-60,Owners Draw
08-31-21,Debit Card DOORDASH*MCDONAL SAN FRANCISC OC #4349,-11.86,Meals
08-31-21,Debit Card Prime Video*2517 888-802-3080 W #4349,-10.81,Owners Draw
08-31-21,Cash Roundup Transfer,-7.82,Miscellaneous Expenses
08-31-21,Check 3459,-700,Paid Checks
09-01-21,Deposit,3719.29,Business Income
09-01-21,Debit Card 159 BRAUMS STORE SULPHUR SPRI NT #4349,-66.36,Owners Draw
09-01-21,Debit Card CVS/PHARMACY #07 Sulphur Spri nT #4349,-49.5,Business Supplies
09-01-21,Debit Card SUPER HANDY SULPHUR SPRI NT #4349,-18.46,Business Supplies
09-01-21,Debit Card CVS/PHARM 07439- Sulphur Spri nT #4349,-25.25,Business Supplies
09-01-21,Debit Card SUPER HANDY SULPHUR SPRI NT #4349,-24.33,Business Supplies
09-01-21,Debit Card DOLLAR-GE DG 017 SULPHUR SPRI NT #4349,-2.17,Business Supplies
09-01-21,Debit Card NAPA SULPHUR SPR SULPHUR SPRI NT #4349,-143.91,COGS:Materials & Supplies
09-01-21,Debit Card NAPA SULPHUR SPR SULPHUR SPRI NT #4349,-21.38,COGS:Materials & Supplies
09-01-21,Debit Card NAPA SULPHUR SPR SULPHUR SPRI NT #4349,-62.61,COGS:Materials & Supplies
09-01-21,Debit Card 159 BRAUMS STORE SULPHUR SPRI NT #0759,-1.72,Owners Draw
09-01-21,Debit Card DOORDASH*MCDONAL SAN FRANCISC OC #4349,-27.32,Meals
09-01-21,Debit Card MCDONALD'S F6509 SULPHUR SPGS T #0759,-8.19,Meals
09-01-21,Debit Card DOORDASH*MCDONAL SAN FRANCISC OC #4349,-23.82,Meals
09-01-21,Debit Card MCDONALD'S F6509 SULPHUR SPGS T #0759,-5.82,Meals
09-01-21,Cash Roundup Transfer,-7.16,Miscellaneous Expenses
09-01-21,Check 3461,-1000,Paid Checks
09-01-21,Check 3462,-250,Paid Checks
09-02-21,ACH Square Inc 210902 P2,682.46,Business Income
09-02-21,Debit Card Rev NAPA SULPHUR SPR SULPHUR SPRI NT #4349,6.4,COGS:Materials & Supplies
09-02-21,ATM Withdrawal 941 GILMER ST SULPHUR SPRI NT #4349,-43,Owners Draw
09-02-21,Debit Card BROOKSHIR 809 GI SULPHUR SPRI NT #4349,-46.75,Business Supplies
09-02-21,Debit Card DOLLAR GE DG 165 SULPHUR SPRI NT #4349,-10.94,Business Supplies
09-02-21,Debit Card O'REILLY AUTO P SULPHUR SPRI NT #4349,-33.5,COGS:Materials & Supplies
09-02-21,Debit Card MAX A MART EMORY T #4349,-20.88,Business Supplies
09-02-21,Debit Card JOE BOBS #2 SULPHUR SPRI NT #4349,-25.89,Vehicle Expenses:Fuel
09-02-21,Debit Card MAC TOOLS - GILM GILMER T #4349,-100,COGS:Materials & Supplies
09-02-21,Debit Card MAC TOOLS - GILM GILMER T #4349,-50,COGS:Materials & Supplies
09-02-21,Debit Card NAPA SULPHUR SPR SULPHUR SPRI NT #4349,-7.46,COGS:Materials & Supplies
09-02-21,Debit Card DOORDASH*MCDONAL SAN FRANCISC OC #4349,-11.86,Meals
09-02-21,Debit Card NAPA SULPHUR SPR SULPHUR SPRI NT #4349,-55.52,COGS:Materials & Supplies
09-02-21,Debit Card NAPA SULPHUR SPR SULPHUR SPRI NT #4349,-197.99,COGS:Materials & Supplies
09-02-21,Debit Card NAPA SULPHUR SPR SULPHUR SPRI NT #4349,-9.89,COGS:Materials & Supplies
09-02-21,Debit Card NAPA SULPHUR SPR SULPHUR SPRI NT #4349,-19.23,COGS:Materials & Supplies
09-02-21,Debit Card NAPA SULPHUR SPR SULPHUR SPRI NT #4349,-21.26,COGS:Materials & Supplies
09-02-21,Debit Card HEALTH CARE SERV 8007928595 I #4349,-90.23,Owners Draw
09-02-21,Debit Card INSTACART SAN FRANCISC OC #4349,-249.53,Owners Draw
09-02-21,Debit Card MCDONALD'S F6509 SULPHUR SPGS T #0759,-5.82,Meals
09-02-21,Debit Card AMAZON.COM*252T9 SEATTLE W #4349,-34.62,Business Supplies
09-02-21,Debit Card AMAZON.COM*250Q8 SEATTLE W #4349,-21.64,Business Supplies
09-02-21,Cash Roundup Transfer,-5.99,Miscellaneous Expenses
09-03-21,Deposit,9027.5,Business Income
09-03-21,ACH Square Inc 210903 P2,3265.32,Business Income
09-03-21,Debit Card Rev NAPA SULPHUR SPR SULPHUR SPRI NT #4349,15.74,COGS:Materials & Supplies
09-03-21,Debit Card NOYO INC SULPHUR SPRI NT #4349,-38.64,Business Supplies
09-03-21,Debit Card NOYO INC SULPHUR SPRI NT #4349,-18.15,Business Supplies
09-03-21,Debit Card SUPER HANDY 7 SULPHUR SPRI NT #4349,-23.2,Business Supplies
09-03-21,Debit Card NAPA SULPHUR SPR SULPHUR SPRI NT #4349,-6.18,COGS:Materials & Supplies
09-03-21,Debit Card CATA ELECTRONICS 817-7294999 T #4349,-1650,Repairs & Maintenance:Equipment
09-03-21,Debit Card MCDONALD'S F6509 SULPHUR SPGS T #0759,-21.08,Meals
09-03-21,Debit Card DOORDASH*MCDONAL SAN FRANCISC OC #4349,-30.18,Meals
09-03-21,Debit RCR CARROLL TIRE 877-822-0009 F #4349,-394.2,COGS:Materials & Supplies
09-03-21,Cash Roundup Transfer,-5.37,Miscellaneous Expenses
09-03-21,Check 3463,-390.28,Paid Checks
09-07-21,Deposit,1146.4,Business Income
09-07-21,ACH Square Inc 210906 P2,222.2,Business Income
09-07-21,IB INTERNET TRANSFER FROM ACCOUNT *8069,87,Account Transfers
09-07-21,ATM Withdrawal US HWY 271 SOUTH GRANT O #4349,-1004.25,Owners Draw
09-07-21,ATM Withdrawal US HWY 271 SOUTH GRANT O #4349,-1004.25,Owners Draw
09-07-21,Debit Card Sulphur S Sulphu Sulphur Spri nT #4349,-22.38,Business Supplies
09-07-21,Debit Card Sulphur S Sulphu Sulphur Spri nT #4349,-67.84,Business Supplies
09-07-21,Debit Card JOE BOBS SULPHUR SPRI NT #4349,-14.75,Vehicle Expenses:Fuel
09-07-21,Debit Card EVI*CHOCTAW CASI GRANT O #4349,-1037.5,Owners Draw
09-07-21,Debit Card PAYPAL *APPLE.CO San Jose C #4349,-36.74,Financial Fees:Payment Processing
09-07-21,Debit Card SHELL SERVICE S TEXARKANA T #4349,-14.39,Vehicle Expenses:Fuel
09-07-21,Debit Card CHEVRON/ONE STOP ANNONA T #4349,-64.31,Vehicle Expenses:Fuel
09-07-21,Debit Card PAYPAL *SUGARBOO San Jose C #4349,-25,Financial Fees:Payment Processing
09-07-21,Debit Card SUPER HANDY SULPHUR SPRI NT #4349,-19.91,Business Supplies
09-07-21,Debit Card SUPER HANDY SULPHUR SPRI NT #4349,-18.73,Business Supplies
09-07-21,Debit Card BROOKSHIR 809 GI SULPHUR SPRI NT #4349,-44.33,Business Supplies
09-07-21,Debit Card STAR MART # 5 SULPHUR SPRI NT #4349,-15.72,Vehicle Expenses:Fuel
09-07-21,Debit Card SUPER HANDY SULPHUR SPRI NT #4349,-20.12,Business Supplies
09-07-21,Debit Card DAIRY QUEEN #146 SULPHUR SPRI NT #4349,-2.86,Meals
09-07-21,Debit Card QT 983 GREENVILLE T #4349,-5.07,Vehicle Expenses:Fuel
09-07-21,Debit Card NAPA SULPHUR SPR SULPHUR SPRI NT #4349,-18.69,COGS:Materials & Supplies
09-07-21,Debit Card DAIRY QUEEN - 44 SULPHUR SPRI NT #0759,-33.72,Meals
09-07-21,Debit Card DOORDASH*MCDONAL SAN FRANCISC OC #4349,-13.37,Meals
09-07-21,Debit Card CN GRANT FOOD & GRANT O #4349,-6,Meals
09-07-21,Debit Card BLACKWATER ENGIN 757-855-5091 V #4349,-6075,COGS:Materials & Supplies
09-07-21,Debit Card MCDONALD'S F6509 SULPHUR SPGS T #0759,-32.19,Meals
09-07-21,Debit Card Guaranty Pay Gua Mount Pleasa nT #4349,-60,Owners Draw
09-07-21,Debit Card WM SUPERCENTER # SULPHUR SPRI NT #4349,-27,Business Supplies
09-07-21,Debit Card MCDONALD'S F6509 SULPHUR SPGS T #0759,-6.26,Meals
09-07-21,Debit Card Guaranty Pay Gua Mount Pleasa nT #4349,-60,Owners Draw
09-07-21,Debit Card MCDONALD'S F6509 SULPHUR SPGS T #0759,-6.26,Meals
09-07-21,Debit Card MCDONALD'S F6509 SULPHUR SPGS T #0759,-8.41,Meals
09-07-21,Debit RCR CARROLL TIRE 877-822-0009 F #4349,-456.48,COGS:Materials & Supplies
09-07-21,Automatic Loan Pmt LN PyXXXXXX0645 1,-262.22,Loan Payments
09-07-21,ACH AMEX EPAYMENT ACH PMT ER AM,-125,Business Insurance
09-07-21,Cash Roundup Transfer,-10.97,Miscellaneous Expenses
09-07-21,Check 3465,-700,Paid Checks
09-07-21,Check 3466,-980,Paid Checks
09-07-21,Check 3469,-900,Paid Checks
09-07-21,Check 3470,-860,Paid Checks
09-07-21,Check 3541,-25,Paid Checks
09-08-21,ACH AUTO RENTALS INC ACH PAYMNT IV195119 4056432 000000000022194000000000022194000000000000000,796.27,Other Business Income
09-08-21,ACH Square Inc 210908 P2,703.72,Business Income
09-08-21,Debit Card LITTLE CAESARS 1 SULPHUR SPRI NT #4349,-7.03,Meals
09-08-21,Debit Card SUPER HANDY SULPHUR SPRI NT #4349,-16.57,Business Supplies
09-08-21,Debit Card JOE BOBS #2 SULPHUR SPRI NT #4349,-17.24,Vehicle Expenses:Fuel
09-08-21,Debit Card JOES FAST LANE SULPHUR SPRI NT #4349,-2.15,Vehicle Expenses:Fuel
09-08-21,Debit Card PAYPAL *APPLE.CO San Jose C #4349,-21.61,Financial Fees:Payment Processing
09-08-21,Debit Card TACO BELL 009540 SULPHUR SPRI NT #0759,-4.63,Meals
09-08-21,Debit Card NAPA SULPHUR SPR SULPHUR SPRI NT #4349,-4.94,COGS:Materials & Supplies
09-08-21,Debit Card JUAN PABLOS MEX SULPHUR SPRI NT #4349,-55.48,Meals
09-08-21,Debit Card TRINITY CLINIC S SULPHUR SPRI NT #4349,-75,Owners Draw
09-08-21,Debit Card DOORDASH*MCDONAL SAN FRANCISC OC #4349,-13.37,Meals
09-08-21,Debit Card MCDONALD'S F6509 SULPHUR SPGS T #4349,-6.26,Meals
09-08-21,ACH AM INCOME LIFE INS.PREM 800-433-3405,-76.53,Owners Draw
09-08-21,ACH AM INCOME LIFE INS.PREM 800-433-3405,-22.98,Owners Draw
09-08-21,Cash Roundup Transfer,-5.72,Miscellaneous Expenses
09-08-21,Check 3468,-250,Paid Checks
09-09-21,Deposit,3700,Business Income
09-09-21,Debit Card SUPER HANDY SULPHUR SPRI NT #4349,-48.31,Business Supplies
09-09-21,Debit Card SUPER HANDY SULPHUR SPRI NT #4349,-16.57,Business Supplies
09-09-21,Debit Card SUPER HANDY SULPHUR SPRI NT #4349,-20.45,Business Supplies
09-09-21,Debit Card KENT MCCUTCHEN GREENVILLE T #4349,-30,Owners Draw
09-09-21,Debit Card MAC TOOLS - GILM GILMER T #4349,-100,COGS:Materials & Supplies
09-09-21,Debit Card MAC TOOLS - GILM GILMER T #4349,-50,COGS:Materials & Supplies
09-09-21,Debit Card 159 BRAUMS STORE SULPHUR SPRI NT #4349,-3.88,Owners Draw
09-09-21,Debit Card NAPA SULPHUR SPR SULPHUR SPRI NT #4349,-95.94,COGS:Materials & Supplies
09-09-21,Debit Card NAPA SULPHUR SPR SULPHUR SPRI NT #4349,-26.5,COGS:Materials & Supplies
09-09-21,Debit Card NAPA SULPHUR SPR SULPHUR SPRI NT #4349,-3.16,COGS:Materials & Supplies
09-09-21,Debit Card NAPA SULPHUR SPR SULPHUR SPRI NT #4349,-15.3,COGS:Materials & Supplies
09-09-21,Debit Card NAPA SULPHUR SPR SULPHUR SPRI NT #4349,-2.42,COGS:Materials & Supplies
09-09-21,Debit Card NAPA SULPHUR SPR SULPHUR SPRI NT #4349,-11.1,COGS:Materials & Supplies
09-09-21,Debit Card NAPA SULPHUR SPR SULPHUR SPRI NT #4349,-152.84,COGS:Materials & Supplies
09-09-21,Debit Card ERIC JONES SNAP 903-717-0020 T #4349,-100,Owners Draw
09-09-21,Debit Card ERIC JONES SNAP 903-717-0020 T #4349,-200,Owners Draw
09-09-21,Debit Card MCDONALD'S F6509 SULPHUR SPGS T #4349,-6.26,Meals
09-09-21,Debit RCR CARROLL TIRE 877-822-0009 F #4349,-449.56,COGS:Materials & Supplies
09-09-21,ACH LTG TEXARKANA T PURCHASE TELECHK 800-697-926 CK 3464,-890.77,Repairs & Maintenance:Equipment
09-09-21,Check 2240,-75,Paid Checks
09-09-21,Check 3467,-3975,Paid Checks
09-10-21,Deposit,2000,Business Income
09-10-21,Deposit,5168.75,Business Income
09-10-21,Debit Card Rev NAPA SULPHUR SPR SULPHUR SPRI NT #4349,2.05,COGS:Materials & Supplies
09-10-21,Debit Card BROOKSHIR 809 GI SULPHUR SPRI NT #4349,-23.32,Business Supplies
09-10-21,Debit Card SUPER HANDY SULPHUR SPRI NT #4349,-16.57,Business Supplies
09-10-21,Debit Card JOE BOB #3 SULPHUR SPRI NT #4349,-19.72,Owners Draw
09-10-21,Debit Card PAYPAL *APPLE.CO San Jose C #4349,-3.24,Financial Fees:Payment Processing
09-10-21,Debit Card CHICK-FIL-A #041 SULPHUR SPRI NT #4349,-42.53,Meals
09-10-21,Debit Card NAPA SULPHUR SPR SULPHUR SPRI NT #4349,-19.51,COGS:Materials & Supplies
09-10-21,Debit Card NAPA SULPHUR SPR SULPHUR SPRI NT #4349,-88.14,COGS:Materials & Supplies
09-10-21,Debit Card DAT SOLUTIONS 80 800-3285302 O #4349,-106.55,Office Expenses:Software
09-10-21,Debit Card WHATABURGER 891 HUTCHINS T #4349,-8.81,Meals
09-10-21,Debit Card DOMINO'S 6838 972-722-2073 T #4349,-62,Meals
09-10-21,Debit Card MCDONALD'S F6509 SULPHUR SPGS T #0759,-6.26,Meals
09-10-21,Debit Card MCDONALD'S F6509 SULPHUR SPGS T #0759,-6.26,Meals
09-10-21,IB INTERNET TRANSFER TO ACCOUNT *1628,-1425,Account Transfers
09-10-21,IB INTERNET TRANSFER TO ACCOUNT *3929,-1000,Account Transfers
09-10-21,Overdraft Charge 3464 890.77,-29,Financial Fees:Bank Charges
09-10-21,Cash Roundup Transfer,-6.09,Miscellaneous Expenses
09-10-21,Check 2241,-30,Paid Checks
09-10-21,Check 2242,-36,Paid Checks
09-10-21,Check 2243,-36,Paid Checks
09-13-21,Deposit,6650.18,Business Income
09-13-21,Deposit,1247.5,Business Income
09-13-21,ACH Square Inc 210913 P2,346.29,Business Income
09-13-21,IB INTERNET TRANSFER FROM ACCOUNT *8069,23,Account Transfers
09-13-21,ATM Withdrawal 919 GILMER ST SULPHUR SPRI NT #0759,-300,Owners Draw
09-13-21,ATM Withdrawal US HWY 271 SOUTH GRANT O #4349,-1004.25,Owners Draw
09-13-21,ATM Withdrawal US HWY 271 SOUTH GRANT O #4349,-1004.25,Owners Draw
09-13-21,ATM Withdrawal US HWY 271 SOUTH GRANT O #4349,-1204.25,Owners Draw
09-13-21,Debit Card BROOKSHIR 809 GI SULPHUR SPRI NT #4349,-92.5,Business Supplies
09-13-21,Debit Card SHELL SERVICE S SULPHUR SPRI NT #4349,-47.79,Vehicle Expenses:Fuel
09-13-21,Debit Card SHELL SERVICE S SULPHUR SPRI NT #4349,-11.53,Vehicle Expenses:Fuel
09-13-21,Debit Card BRIGHT ST 621 SH SULPHUR SPRI NT #4349,-38.88,Vehicle Expenses:Fuel
09-13-21,Debit Card SUPER HANDY SULPHUR SPRI NT #4349,-17.86,Business Supplies
09-13-21,Debit Card SUPER HANDY SULPHUR SPRI NT #4349,-16.59,Business Supplies
09-13-21,Debit Card SUPER HANDY SULPHUR SPRI NT #4349,-16.57,Business Supplies
09-13-21,Debit Card SUPER HANDY SULPHUR SPRI NT #4349,-18.73,Business Supplies
09-13-21,Debit Card PAYPAL *PARTYCIT San Jose C #4349,-51.3,Financial Fees:Payment Processing
09-13-21,Debit Card SUPER HANDY SULPHUR SPRI NT #4349,-17.86,Business Supplies
09-13-21,Debit Card DOLLARTRE 810 GI SULPHUR SPRI NT #0759,-47.22,Business Supplies
09-13-21,Debit Card MCDONALD'S F6509 SULPHUR SPGS T #0759,-16.19,Meals
09-13-21,Debit Card DAIRY QUEEN #146 SULPHUR SPRI NT #4349,-2.37,Meals
09-13-21,Debit Card COLLEGE PAY AMARILLO T #4349,-35,Owners Draw
09-13-21,Debit Card COLLEGE PAY AMARILLO T #4349,-1,Owners Draw
09-13-21,Debit Card CLASSIC LANES SULPHUR SPRI NT #4349,-3.5,Owners Draw
09-13-21,Debit Card PAYPAL *APPLE.CO San Jose C #4349,-5.4,Financial Fees:Payment Processing
09-13-21,Debit Card CLASSIC LANES SULPHUR SPRI NT #4349,-16.75,Owners Draw
09-13-21,Debit Card MCDONALD'S F6509 SULPHUR SPGS T #0759,-6.26,Meals
09-13-21,Debit Card NAPA SULPHUR SPR SULPHUR SPRI NT #4349,-40.82,COGS:Materials & Supplies
09-13-21,Debit Card NAPA SULPHUR SPR SULPHUR SPRI NT #4349,-23.78,COGS:Materials & Supplies
09-13-21,Debit Card CHILI'S SULPHUR SULPHUR SPRI NT #4349,-90.06,Meals
09-13-21,Debit Card PAYPAL *MCGRAWHI San Jose C #4349,-100.67,Office Expenses:Software
09-13-21,Debit Card MCDONALD'S F6509 SULPHUR SPGS T #0759,-6.26,Meals
09-13-21,Debit Card CLASSIC LANES SULPHUR SPRI NT #4349,-57.5,Owners Draw
09-13-21,Debit Card Guaranty Pay Gua Mount Pleasa nT #4349,-60,Owners Draw
09-13-21,Debit Card CLASSIC LANES SULPHUR SPRI NT #4349,-30,Owners Draw
09-13-21,Debit Card PAYPAL *HEAVENLY San Jose C #4349,-50,Financial Fees:Payment Processing
09-13-21,Debit Card MCDONALD'S F6509 SULPHUR SPGS T #0759,-6.26,Meals
09-13-21,Debit Card Guaranty Pay Gua Mount Pleasa nT #4349,-100,Owners Draw
09-13-21,Debit Card MCDONALD'S F6509 SULPHUR SPGS T #0759,-9.82,Meals
09-13-21,Debit Card Guaranty Pay Gua Mount Pleasa nT #4349,-60,Owners Draw
09-13-21,Debit Card MCDONALD'S F6509 SULPHUR SPGS T #0759,-6.26,Meals
09-13-21,Debit RCR PAYPAL *SPLENDIE 4029357733 C #4349,-18.38,Financial Fees:Payment Processing
09-13-21,Debit RCR Amazon Prime*2G1 Amzn.com/bil lW #4349,-14.06,Owners Draw
09-13-21,Debit RCR NETFLIX COM LOS GATOS C #4349,-19.2,Owners Draw
09-13-21,ACH CAPITAL ONE MOBILE PMT,-150,Owners Draw
09-13-21,Cash Roundup Transfer,-14.63,Miscellaneous Expenses
09-13-21,Check 3471,-2000,Paid Checks
09-13-21,Check 3473,-800,Paid Checks
09-14-21,Deposit,375.78,Business Income
09-14-21,ACH AUTO RENTALS INC ACH PAYMNT IV464646 4071836 000000000007891000000000007891000000000000000,377.68,Other Business Income
09-14-21,Debit Card SUPER HANDY SULPHUR SPRI NT #4349,-18.07,Business Supplies
09-14-21,Debit Card SUPER HANDY SULPHUR SPRI NT #4349,-26.43,Business Supplies
09-14-21,Debit Card BROOKSHIR 809 GI SULPHUR SPRI NT #0759,-13.09,Business Supplies
09-14-21,Debit Card BROOKSHIR 809 GI SULPHUR SPRI NT #0759,-19.98,Business Supplies
09-14-21,Debit Card SANSOM TRUCK PAR SULPHUR SPGS T #4349,-247.9,COGS:Materials & Supplies
09-14-21,Debit Card DAIRY QUEEN #146 SULPHUR SPRI NT #0759,-8.43,Meals
09-14-21,Debit Card ERIC JONES SNAP 903-717-0020 T #4349,-10,Owners Draw
09-14-21,Debit Card ERIC JONES SNAP 903-717-0020 T #4349,-250,Owners Draw
09-14-21,Debit Card SQ *LA VAQUERA Sulphur Spri nT #4349,-23,Meals
09-14-21,Debit Card DAIRY QUEEN #146 SULPHUR SPRI NT #0759,-27.46,Meals
09-14-21,Debit Card GT TOOLS - MATCO 903-272-5787 T #4349,-7.96,COGS:Materials & Supplies
09-14-21,Debit Card MCDONALD'S F6509 SULPHUR SPGS T #0759,-6.26,Meals
09-14-21,ACH ACUITY INS PREM,-1452.82,Business Insurance
09-14-21,Cash Roundup Transfer,-4.42,Miscellaneous Expenses
09-14-21,Check 2944,-700,Paid Checks
09-14-21,Check 3472,-500.77,Paid Checks
09-15-21,IB INTERNET TRANSFER FROM ACCOUNT *8069,20,Account Transfers
09-15-21,Debit Card NAPA SULPHUR SPR SULPHUR SPRI NT #4349,-5.98,COGS:Materials & Supplies
09-15-21,Debit Card WHATABURGER 773 SULPHUR SPRI NT #0759,-6.6,Meals
09-15-21,Debit Card MCDONALD'S F6509 SULPHUR SPGS T #0759,-10.13,Meals
09-15-21,Debit Card PAYPAL *APPLE.CO San Jose C #4349,-5.4,Financial Fees:Payment Processing
09-15-21,Cash Roundup Transfer,-1.89,Miscellaneous Expenses
09-15-21,Check 2332,-790,Paid Checks
09-15-21,Check 2945,-1000,Paid Checks
09-15-21,Check 3474,-250,Paid Checks
09-16-21,ACH AUTO RENTALS INC ACH PAYMNT IV001211 4079329 000000000552680000000000552680000000000000000,5526.8,Other Business Income
09-16-21,Debit Card BROOKSHIR 809 GI SULPHUR SPRI NT #4349,-42.36,Business Supplies
09-16-21,Debit Card MAC TOOLS - GILM GILMER T #4349,-50,COGS:Materials & Supplies
09-16-21,Debit Card MAC TOOLS - GILM GILMER T #4349,-100,COGS:Materials & Supplies
09-16-21,Debit Card NAPA SULPHUR SPR SULPHUR SPRI NT #4349,-5.4,COGS:Materials & Supplies
09-16-21,IB INTERNET TRANSFER TO ACCOUNT *0851,-350,Account Transfers
09-16-21,IB INTERNET TRANSFER TO ACCOUNT *9922,-450,Account Transfers
09-16-21,Cash Roundup Transfer,-1.24,Miscellaneous Expenses
09-17-21,Deposit,57.5,Business Income
09-17-21,Debit Card SUPER HANDY SULPHUR SPRI NT #4349,-20.02,Business Supplies
09-17-21,Debit Card USPS PO 48872504 SULPHUR SPRI NT #4349,-13.92,Office Expenses
09-17-21,Debit Card JOE BOBS SULPHUR SPRI NT #4349,-47.64,Vehicle Expenses:Fuel
09-17-21,Debit Card FAMILY MART SULPHUR SPRI NT #4349,-12.76,Business Supplies
09-17-21,Debit Card Prime Video*2G9S 888-802-3080 W #4349,-9.73,Owners Draw
09-17-21,Debit Card NAPA SULPHUR SPR SULPHUR SPRI NT #4349,-345.74,COGS:Materials & Supplies
09-17-21,Debit Card NAPA SULPHUR SPR SULPHUR SPRI NT #4349,-15.57,COGS:Materials & Supplies
09-17-21,Debit Card NAPA SULPHUR SPR SULPHUR SPRI NT #4349,-95.94,COGS:Materials & Supplies
09-17-21,Debit Card DOORDASH*MCDONAL SAN FRANCISC OC #4349,-13.11,Meals
09-17-21,Debit Card PAYPAL *APPLE.CO San Jose C #4349,-2.99,Financial Fees:Payment Processing
09-17-21,Debit Card MCDONALD'S F6509 SULPHUR SPGS T #0759,-6.26,Meals
09-17-21,Debit Card TST* CORNER GRUB SULPHUR SPRI NT #4349,-48.63,Meals
09-17-21,ACH LOANCARE SERV MTG PYMT,-524.73,Owners Draw
09-17-21,Cash Roundup Transfer,-4.69,Miscellaneous Expenses
09-20-21,Deposit,4756.25,Business Income
09-20-21,ATM Withdrawal 919 GILMER ST SULPHUR SPRI NT #0759,-120,Owners Draw
09-20-21,ATM Withdrawal US HWY 271 SOUTH GRANT O #4349,-1004.25,Owners Draw
09-20-21,ATM Withdrawal US HWY 271 SOUTH GRANT O #0759,-504.25,Owners Draw
09-20-21,ATM Withdrawal 711 HORSESHOE BLVD BOSSIER CITY L #4349,-507.99,Owners Draw
09-20-21,ATM Withdrawal 711 HORSESHOE BLVD BOSSIER CITY L #4349,-407.99,Owners Draw
09-20-21,ATM Withdrawal 711 HORSESHOE BLVD BOSSIER CITY L #4349,-107.99,Owners Draw
09-20-21,ATM Withdrawal 919 GILMER ST SULPHUR SPRI NT #0759,-100,Owners Draw
09-20-21,Debit Card CEFCO #1102 PARI PARIS T #4349,-17.52,Vehicle Expenses:Fuel
09-20-21,Debit Card EVI*CHOCTAW CASI GRANT O #4349,-1037.5,Owners Draw
09-20-21,Debit Card EVI*CHOCTAW CASI GRANT O #0759,-1037.5,Owners Draw
09-20-21,Debit Card CN TRAVEL PLAZA- GRANT O #4349,-45.56,Vehicle Expenses:Fuel
09-20-21,Debit Card SUPER HANDY SULPHUR SPRI NT #4349,-17.86,Business Supplies
09-20-21,Debit Card SUPER HANDY SULPHUR SPRI NT #4349,-16.57,Business Supplies
09-20-21,Debit Card LOVES TRAVEL ST MONROE L #4349,-38.19,Vehicle Expenses:Fuel
09-20-21,Debit Card SUPER HANDY SULPHUR SPRI NT #4349,-18.73,Business Supplies
09-20-21,Debit Card Frontier Communi Irving T #4349,-76.25,Utilities:Internet
09-20-21,Debit Card E-Z MART 4282 SULPHUR SPRI NT #4349,-17.07,Vehicle Expenses:Fuel
09-20-21,Debit Card SUPER HANDY SULPHUR SPRI NT #4349,-16.57,Business Supplies
09-20-21,Debit Card Guaranty Pay Gua Mount Pleasa nT #4349,-100,Owners Draw
09-20-21,Debit Card COLLEGE PAY AMARILLO T #4349,-1,Owners Draw
09-20-21,Debit Card COLLEGE PAY AMARILLO T #4349,-35,Owners Draw
09-20-21,Debit Card TACO BELL 009540 SULPHUR SPRI NT #0759,-9.04,Meals
09-20-21,Debit Card MCDONALD'S F6509 SULPHUR SPGS T #0759,-6.26,Meals
09-20-21,Debit Card NAPA SULPHUR SPR SULPHUR SPRI NT #4349,-28.35,COGS:Materials & Supplies
09-20-21,Debit Card NAPA SULPHUR SPR SULPHUR SPRI NT #4349,-6.62,COGS:Materials & Supplies
09-20-21,Debit Card NAPA SULPHUR SPR SULPHUR SPRI NT #4349,-218.91,COGS:Materials & Supplies
09-20-21,Debit Card NAPA SULPHUR SPR SULPHUR SPRI NT #4349,-28.74,COGS:Materials & Supplies
09-20-21,Debit Card NAPA SULPHUR SPR SULPHUR SPRI NT #4349,-14.99,COGS:Materials & Supplies
09-20-21,Debit Card ERIC JONES SNAP 903-717-0020 T #4349,-100,Owners Draw
09-20-21,Debit Card ERIC JONES SNAP 903-717-0020 T #4349,-200,Owners Draw
09-20-21,Debit Card FLAMINGO BINGO PARIS T #4349,-76,Owners Draw
09-20-21,Debit Card LOVE S TRAVE S00 MONROE L #4349,-7,Vehicle Expenses:Fuel
09-20-21,Debit Card Guaranty Pay Gua Mount Pleasa nT #4349,-60,Owners Draw
09-20-21,Debit Card SQ *GRANNY'S DON Sulphur Spri nT #0759,-8.93,Meals
09-20-21,Debit Card DOORDASH*MCDONAL SAN FRANCISC OC #4349,-13.11,Meals
09-20-21,Debit Card INSTACART SAN FRANCISC OC #4349,-304.58,Owners Draw
09-20-21,Debit Card DOORDASH*MCDONAL SAN FRANCISC OC #4349,-14.11,Meals
09-20-21,Debit Card MCDONALD'S F6509 SULPHUR SPGS T #0759,-6.26,Meals
09-20-21,Debit Card MCDONALD'S F6509 SULPHUR SPGS T #0759,-6.26,Meals
09-20-21,Debit RCR HLU*HULU 1339504 HULU.COM/BIL LC #4349,-96.31,Owners Draw
09-20-21,Debit RCR AT&T 1X 8003310500 T #4349,-308.27,Utilities:Phone
09-20-21,Debit RCR CARROLL TIRE 877-822-0009 F #4349,-1331.04,COGS:Materials & Supplies
09-20-21,Debit RCR NBC Peacock New Y oN #4349,-5.4,Owners Draw
09-20-21,Debit RCR Peacock 9E62C Pr New York N #4349,-5.41,Owners Draw
09-20-21,Cash Roundup Transfer,-16.09,Miscellaneous Expenses
09-21-21,ACH AUTO RENTALS INC ACH PAYMNT IV996929 4090665 000000000396994000000000396994000000000000000,5957.86,Other Business Income
09-21-21,ACH Square Inc 210921 P2,698.7,Business Income
09-21-21,Debit Card BROOKSHIR 809 GI SULPHUR SPRI NT #4349,-8.18,Business Supplies
09-21-21,Debit Card BROOKSHIR 809 GI SULPHUR SPRI NT #4349,-8.29,Business Supplies
09-21-21,Debit Card BROOKSHIR 809 GI SULPHUR SPRI NT #0759,-11.91,Business Supplies
09-21-21,Debit Card SUPER HANDY SULPHUR SPRI NT #4349,-16.57,Business Supplies
09-21-21,Debit Card PAYPAL *APPLE.CO San Jose C #4349,-10.81,Financial Fees:Payment Processing
09-21-21,Debit Card SUPER HANDY SULPHUR SPRI NT #0759,-21.2,Business Supplies
09-21-21,Debit Card NAPA SULPHUR SPR SULPHUR SPRI NT #4349,-13.93,COGS:Materials & Supplies
09-21-21,Debit Card NAPA SULPHUR SPR SULPHUR SPRI NT #4349,-32.34,COGS:Materials & Supplies
09-21-21,Debit Card NAPA SULPHUR SPR SULPHUR SPRI NT #4349,-61.68,COGS:Materials & Supplies
09-21-21,Debit Card Guaranty Pay Gua Mount Pleasa nT #4349,-40,Owners Draw
09-21-21,Debit Card SQ *NORTHCUTT DO PARIS T #0759,-17.36,Owners Draw
09-21-21,Debit Card DOORDASH*MCDONAL SAN FRANCISC OC #4349,-13.11,Meals
09-21-21,Debit Card AMAZON.COM*2C2KJ SEATTLE W #4349,-82.26,Business Supplies
09-21-21,Debit Card MCDONALD'S F6509 SULPHUR SPGS T #4349,-18.58,Meals
09-21-21,Debit Card AMAZON.COM*2G19M SEATTLE W #4349,-142.58,Business Supplies
09-21-21,ACH WEX INC FLEET DEBI,-148.13,Vehicle Expenses:Fuel
09-21-21,Cash Roundup Transfer,-7.2,Miscellaneous Expenses
09-21-21,Check 2946,-700,Paid Checks
09-21-21,Check 2948,-700,Paid Checks
09-21-21,Check 3444,-900,Paid Checks
09-22-21,ACH AUTO RENTALS INC ACH PAYMNT IV005522 4094425 000000000398084000000000398084000000000000000,3980.84,Other Business Income
09-22-21,Debit Card SUPER HANDY SULPHUR SPRI NT #4349,-32.83,Business Supplies
09-22-21,Debit Card BURKES OUT(800-6 Sulphur Spri nT #0759,-261.67,Owners Draw
09-22-21,Debit Card SUPER HANDY SULPHUR SPRI NT #0759,-8,Business Supplies
09-22-21,Debit Card NAPA SULPHUR SPR SULPHUR SPRI NT #4349,-44.78,COGS:Materials & Supplies
09-22-21,Debit Card DOORDASH*JACK IN SAN FRANCISC OC #4349,-24.51,Meals
09-22-21,Debit Card DOORDASH*MCDONAL SAN FRANCISC OC #4349,-13.11,Meals
09-22-21,Debit Card RED RIVER CU-SUL SULPHUR SPRI NT #4349,-261.45,Owners Draw
09-22-21,Debit Card AMAZON.COM*2C81Q SEATTLE W #4349,-11.9,Business Supplies
09-22-21,Debit Card MCDONALD'S F6509 SULPHUR SPGS T #0759,-6.26,Meals
09-22-21,ACH AMEX EPAYMENT ACH PMT ER AM,-100,Business Insurance
09-22-21,ACH CAPITAL ONE MOBILE PMT,-100,Owners Draw
09-22-21,ACH Synchrony Bank CC PYMT,-150,Owners Draw
09-22-21,Cash Roundup Transfer,-3.49,Miscellaneous Expenses
09-22-21,Check 2335,-125,Paid Checks
09-22-21,Check 2947,-250,Paid Checks
09-22-21,Check 3443,-1000,Paid Checks
09-23-21,Miscellaneous Fee Telephone Transfer Charge,-3,Financial Fees:Bank Charges
09-23-21,Debit Card BROOKSHIR 809 GI SULPHUR SPRI NT #4349,-48.7,Business Supplies
09-23-21,Debit Card BROOKSHIR 809 GI SULPHUR SPRI NT #0759,-14.16,Business Supplies
09-23-21,Debit Card CANHELP SULPHUR SPRI NT #0759,-42.24,Business Supplies
09-23-21,Debit Card SUPER HANDY SULPHUR SPRI NT #0759,-14.91,Business Supplies
09-23-21,Debit Card SHELL SERVICE S DALLAS T #4349,-20.75,Vehicle Expenses:Fuel
09-23-21,Debit Card EZ MART 4282 SULPHUR SPRI NT #0759,-48,Business Supplies
09-23-21,Debit Card EZ MART 4282 SULPHUR SPRI NT #0759,-20.11,Business Supplies
09-23-21,Debit Card LOS MOCHIS MEXIC SULPHUR SPRI NT #4349,-53,Meals
09-23-21,Debit Card MAC TOOLS - GILM GILMER T #4349,-150,COGS:Materials & Supplies
09-23-21,Debit Card MAC TOOLS - GILM GILMER T #4349,-50,COGS:Materials & Supplies
09-23-21,Debit Card NAPA SULPHUR SPR SULPHUR SPRI NT #4349,-167.39,COGS:Materials & Supplies
09-23-21,Debit Card WINDHAM PROS-FIC 800-969-0059 N #0759,-125,Legal & Professional Services
09-23-21,Debit Card WHATABURGER 773 SULPHUR SPRI NT #0759,-15.48,Meals
09-23-21,Debit Card NAPA SULPHUR SPR SULPHUR SPRI NT #4349,-70.12,COGS:Materials & Supplies
09-23-21,Debit Card NAPA SULPHUR SPR SULPHUR SPRI NT #4349,-146.85,COGS:Materials & Supplies
09-23-21,Debit Card NAPA SULPHUR SPR SULPHUR SPRI NT #4349,-4.22,COGS:Materials & Supplies
09-23-21,Debit Card MCDONALD'S F6509 SULPHUR SPGS T #0759,-11.01,Meals
09-23-21,Debit Card MCDONALD'S F6509 SULPHUR SPGS T #0759,-6.26,Meals
09-23-21,Debit Card PAYPAL *APPLE.CO San Jose C #4349,-15.13,Financial Fees:Payment Processing
09-23-21,Transfer Withdrawal ph transfer per Dusty to Johnny Harrington,-200,Owners Draw
09-23-21,Cash Roundup Transfer,-8.67,Miscellaneous Expenses
09-24-21,ACH AUTO RENTALS INC ACH PAYMNT IV041441 4102009 000000000186387000000000186387000000000000000,2148.23,Other Business Income
09-24-21,Debit Card Rev NAPA SULPHUR SPR SULPHUR SPRI NT #4349,15.41,COGS:Materials & Supplies
09-24-21,Debit Card BUC-EE'S #36 TERRELL T #4349,-62.01,Business Supplies
09-24-21,Debit Card SUPER HANDY SULPHUR SPRI NT #4349,-16.57,Business Supplies
09-24-21,Debit Card O'REILLY AUTO PA GREENVILLE T #0759,-156.95,COGS:Materials & Supplies
09-24-21,Debit Card GRAB AND GO GREENVILLE T #0759,-9.31,Meals
09-24-21,Debit Card CHICKEN EXPRESS- SULPHUR SPRI NT #0759,-72.24,Meals
09-24-21,Debit Card NAPA SULPHUR SPR SULPHUR SPRI NT #4349,-128.27,COGS:Materials & Supplies
09-24-21,Debit Card NAPA SULPHUR SPR SULPHUR SPRI NT #4349,-15.41,COGS:Materials & Supplies
09-24-21,Debit Card WHATABURGER 773 SULPHUR SPRI NT #4349,-12.3,Meals
09-24-21,Debit Card DAIRY QUEEN #146 SULPHUR SPRI NT #0759,-3.94,Meals
09-24-21,Debit Card DSI NTTA WEB MILWAUKEE W #0759,-68.03,Vehicle Expenses:Registration
09-24-21,Debit Card SQ *NORTHCUTT DO PARIS T #0759,-16.98,Owners Draw
09-24-21,Debit Card SQ *SS CENTRE FO Sulphur Spri nT #0759,-145,Uncategorized
09-24-21,Debit Card DOORDASH*MCDONAL SAN FRANCISC OC #4349,-13.11,Meals
09-24-21,Debit Card MCDONALD'S F6509 SULPHUR SPGS T #0759,-6.26,Meals
09-24-21,Debit Card MCDONALD'S F6425 GREENVILLE T #0759,-5.39,Meals
09-24-21,Debit RCR APPLE.COM/BILL 866-712-7753 C #4349,-5.4,Owners Draw
09-24-21,Debit RCR APPLE.COM/BILL 866-712-7753 C #4349,-32.45,Owners Draw
09-24-21,Cash Roundup Transfer,-9.38,Miscellaneous Expenses
09-24-21,Check 2244,-800,Paid Checks
09-24-21,3445,-1463.22,Owners Draw
09-27-21,Deposit,5691,Business Income
09-27-21,Deposit,700,Business Income
09-27-21,Debit Card Rev NAPA SULPHUR SPR SULPHUR SPRI NT #4349,13.93,COGS:Materials & Supplies
09-27-21,Debit Card Rev NAPA SULPHUR SPR SULPHUR SPRI NT #4349,333.52,COGS:Materials & Supplies
09-27-21,ATM Withdrawal 919 GILMER ST SULPHUR SPRI NT #0759,-60,Owners Draw
09-27-21,Debit Card BROOKSHIR 809 GI SULPHUR SPRI NT #4349,-257.62,Business Supplies
09-27-21,Debit Card SUPER HANDY SULPHUR SPRI NT #4349,-16.57,Business Supplies
09-27-21,Debit Card SHELL SERVICE S GREENVILLE T #4349,-58.02,Vehicle Expenses:Fuel
09-27-21,Debit Card SHELL SERVICE S GREENVILLE T #4349,-10.93,Vehicle Expenses:Fuel
09-27-21,Debit Card SUPER HANDY SULPHUR SPRI NT #4349,-18.73,Business Supplies
09-27-21,Debit Card BROOKSHIR 809 GI SULPHUR SPRI NT #4349,-37.26,Business Supplies
09-27-21,Debit Card BURKES OUT(800-6 Sulphur Spri nT #0759,-37.84,Owners Draw
09-27-21,Debit Card SUPER HANDY SULPHUR SPRI NT #4349,-24.76,Business Supplies
09-27-21,Debit Card JOE BOBS #2 SULPHUR SPRI NT #4349,-26.3,Vehicle Expenses:Fuel
09-27-21,Debit Card DOLLARTREE SULPHUR SPRI NT #0759,-3.25,Business Supplies
09-27-21,Debit Card PETSENSE #7005 SULPHUR SPRI NT #0759,-27.03,Owners Draw
09-27-21,Debit Card BROOKSHIR 809 GI SULPHUR SPRI NT #0759,-46.73,Business Supplies
09-27-21,Debit Card PAYPAL *CARTER S San Jose C #4349,-90.95,Financial Fees:Payment Processing
09-27-21,Debit Card DAIRY QUEEN #142 HUTCHINS T #4349,-21.18,Meals
09-27-21,Debit Card AMAZON.COM*2G4IX SEATTLE W #4349,-102.96,Business Supplies
09-27-21,Debit Card COLLEGE PAY AMARILLO T #4349,-35,Owners Draw
09-27-21,Debit Card COLLEGE PAY AMARILLO T #4349,-1,Owners Draw
09-27-21,Debit Card QT 993 TERRELL T #4349,-8.75,Vehicle Expenses:Fuel
09-27-21,Debit Card NAPA SULPHUR SPR SULPHUR SPRI NT #4349,-200.47,COGS:Materials & Supplies
09-27-21,Debit Card NAPA SULPHUR SPR SULPHUR SPRI NT #4349,-1043.41,COGS:Materials & Supplies
09-27-21,Debit Card NAPA SULPHUR SPR SULPHUR SPRI NT #4349,-4.89,COGS:Materials & Supplies
09-27-21,Debit Card MCDONALD'S F6509 SULPHUR SPGS T #0759,-9.71,Meals
09-27-21,Debit Card NAPA SULPHUR SPR SULPHUR SPRI NT #4349,-13.92,COGS:Materials & Supplies
09-27-21,Debit Card Guaranty Pay Gua Mount Pleasa nT #4349,-60,Owners Draw
09-27-21,Debit Card NAPA SULPHUR SPR SULPHUR SPRI NT #4349,-16.43,COGS:Materials & Supplies
09-27-21,Debit Card DOORDASH*MCDONAL SAN FRANCISC OC #4349,-13.11,Meals
09-27-21,Debit Card HARBOR FREIGHT T SULPHUR SPRI NT #4349,-378.53,COGS:Materials & Supplies
09-27-21,Debit Card Amazon Kids+*2C0 888-802-3080 W #4349,-7.45,Owners Draw
09-27-21,Debit Card CITY OF SULPHUR 903-8857541 T #4349,-80.38,Utilities:Water
09-27-21,Debit Card SQ *NORTHCUTT DO PARIS T #0759,-32.2,Owners Draw
09-27-21,Debit Card MCDONALD'S F6509 SULPHUR SPGS T #0759,-18.58,Meals
09-27-21,Debit Card AMAZON.COM*2G3KW SEATTLE W #4349,-185.08,Business Supplies
09-27-21,Debit Card Guaranty Pay Gua Mount Pleasa nT #4349,-100,Owners Draw
09-27-21,Debit Card MCDONALD'S F6425 GREENVILLE T #0759,-6.47,Meals
09-27-21,Debit Card MCDONALD'S F6509 SULPHUR SPGS T #4349,-6.26,Meals
09-27-21,Debit Card PAYPAL *APPLE.CO San Jose C #4349,-10.81,Financial Fees:Payment Processing
09-27-21,Debit RCR Disney PLUS Burbank C #4349,-8.63,Owners Draw
09-27-21,Cash Roundup Transfer,-15.79,Miscellaneous Expenses
09-27-21,Check 3447,-900,Paid Checks
09-28-21,ATM Withdrawal 919 GILMER ST SULPHUR SPRI NT #4349,-700,Owners Draw
09-28-21,Debit Card DOLLAR-GE DG 093 SULPHUR SPRI NT #0759,-45.65,Business Supplies
09-28-21,Debit Card JUAN PABLOS MEX SULPHUR SPRI NT #4349,-122.32,Meals
09-28-21,Debit Card PAYPAL *DOMINO'S 4029357733 N #4349,-15,Financial Fees:Payment Processing
09-28-21,Debit Card NAPA SULPHUR SPR SULPHUR SPRI NT #4349,-10.36,COGS:Materials & Supplies
09-28-21,Debit Card NAPA SULPHUR SPR SULPHUR SPRI NT #4349,-9.93,COGS:Materials & Supplies
09-28-21,Debit Card NAPA SULPHUR SPR SULPHUR SPRI NT #4349,-14.36,COGS:Materials & Supplies
09-28-21,Debit Card NAPA SULPHUR SPR SULPHUR SPRI NT #4349,-227.88,COGS:Materials & Supplies
09-28-21,Debit Card NAPA SULPHUR SPR SULPHUR SPRI NT #4349,-35.38,COGS:Materials & Supplies
09-28-21,Debit Card DOORDASH*MCDONAL SAN FRANCISC OC #4349,-13.11,Meals
09-28-21,ACH WEX INC FLEET DEBI,-148.13,Vehicle Expenses:Fuel
09-28-21,Cash Roundup Transfer,-4.01,Miscellaneous Expenses
09-28-21,Check 3448,-700,Paid Checks
09-29-21,Domestic Wire In PINNMANCO LLC Wires,13475.61,Business Income
09-29-21,IB INTERNET TRANSFER FROM ACCOUNT *8069,72,Account Transfers
09-29-21,ACH LTG TEXARKANA T PURCHASF TELECHK 800-697-926 CK 3446,-5106.48,Repairs & Maintenance:Equipment
09-29-21,Wire Fee PINNMANCO LLC Wires,-5,Financial Fees:Bank Charges
09-29-21,"Overdraft Charge 3446 5,106.48",-29,Financial Fees:Bank Charges
09-29-21,Check 3449,-1000,Paid Checks
09-29-21,Check 2245,-64,Paid Checks
09-30-21,ACH Square Inc 210930 P2,482.91,Business Income
09-30-21,ATM Withdrawal 113 GILMER ST SULPHUR SPRI NT #4349,-200,Owners Draw
09-30-21,Debit Card SUPER HANDY SULPHUR SPRI NT #4349,-26.49,Business Supplies
09-30-21,Debit Card JOE BOBS SULPHUR SPRI NT #4349,-45.77,Vehicle Expenses:Fuel
09-30-21,Debit Card JOE BOBS SULPHUR SPRI NT #4349,-24.95,Vehicle Expenses:Fuel
09-30-21,Debit Card NAPA SULPHUR SPR SULPHUR SPRI NT #4349,-50.18,COGS:Materials & Supplies
09-30-21,Debit Card JUAN PABLOS MEX SULPHUR SPRI NT #4349,-59.1,Meals
09-30-21,Debit Card ERIC JONES SNAP 903-717-0020 T #4349,-100,Owners Draw
09-30-21,Debit Card ERIC JONES SNAP 903-717-0020 T #4349,-250,Owners Draw
09-30-21,Debit Card Prime Video*2C73 888-802-3080 W #4349,-10.81,Owners Draw
09-30-21,Debit Card PAYPAL *APPLE.CO San Jose C #4349,-5.4,Financial Fees:Payment Processing
09-30-21,Debit Card MCDONALD'S F6509 SULPHUR SPGS T #0759,-6.26,Meals
09-30-21,Debit Card DOORDASH*MCDONAL SAN FRANCISC OC #4349,-21.7,Meals
09-30-21,Debit Card DOORDASH*MCDONAL SAN FRANCISC OC #4349,-26.97,Meals
09-30-21,Cash Roundup Transfer,-4.37,Miscellaneous Expenses
09-30-21,Check 2246,-3400,Paid Checks
09-30-21,Check 3442,-2650,Paid Checks
10-01-21,Deposit,6948.49,Business Income
10-01-21,Debit Card Rev NAPA SULPHUR SPR SULPHUR SPRI NT #4349,431.49,COGS:Materials & Supplies
10-01-21,Debit Card JAY HODGE CHEVRO SULPHUR SPRI T #4349,-149,Vehicle Expenses:Repairs
10-01-21,Debit Card CVS/PHARM 07439- Sulphur Spri nT #4349,-32,Business Supplies
10-01-21,Debit Card SUPER HANDY 7 SULPHUR SPRI NT #4349,-15.47,Business Supplies
10-01-21,Debit Card ALLERGY ENT CLIN GREENVILLE T #0759,-61.76,Owners Draw
10-01-21,Debit Card NAPA SULPHUR SPR SULPHUR SPRI NT #4349,-15.81,COGS:Materials & Supplies
10-01-21,Debit Card NAPA SULPHUR SPR SULPHUR SPRI NT #4349,-287.08,COGS:Materials & Supplies
10-01-21,Debit Card HOPKINS MINOR EM SULPHUR SPRI NT #0759,-20,COGS:Materials & Supplies
10-01-21,Debit Card SNUFFERS-GREENVI GREENVILLE T #4349,-42,Meals
10-01-21,Debit Card SQ *GRANNY'S DON Sulphur Spri nT #0759,-7.85,Meals
10-01-21,Debit Card STATE FARM INSU 8009566310 I #4349,-358.77,Business Insurance
10-01-21,Debit Card CITY OF SULPHUR SULPHUR SPRI NT #4349,-173.09,Utilities:Water
10-01-21,Debit Card DOORDASH*MCDONAL SAN FRANCISC OC #4349,-13.11,Meals
10-01-21,Debit Card MCDONALD'S F6509 SULPHUR SPGS T #0759,-9.39,Meals
10-01-21,IB INTERNET TRANSFER TO ACCOUNT *8069,-20,Account Transfers
10-01-21,Withdrawal,-1200,Owners Draw
10-01-21,Cash Roundup Transfer,-4.67,Miscellaneous Expenses
10-01-21,Check 2247,-775,Paid Checks
10-04-21,Deposit,900,Business Income
10-04-21,Deposit,624.75,Business Income
10-04-21,Transfer Deposit Loan proceeds,1960.42,Business Income
10-04-21,ACH Square Inc 211004 P2,250.35,Business Income
10-04-21,Debit Card FLAMINGO BINGO PARIS T #4349,-160,Owners Draw
10-04-21,Debit Card SUPER HANDY SULPHUR SPRI NT #4349,-17.96,Business Supplies
10-04-21,Debit Card SUPER HANDY SULPHUR SPRI NT #4349,-47.04,Business Supplies
10-04-21,Debit Card SUPER HANDY SULPHUR SPRI NT #4349,-16.3,Business Supplies
10-04-21,Debit Card O'REILLY AUTO P SULPHUR SPRI NT #4349,-42.89,COGS:Materials & Supplies
10-04-21,Debit Card CEFCO #1102 PARI PARIS T #4349,-19.85,Vehicle Expenses:Fuel
10-04-21,Debit Card DOLLARTRE 810 GI SULPHUR SPRI NT #0759,-9.74,Business Supplies
10-04-21,Debit Card NOYO INC SULPHUR SPRI NT #4349,-20.35,Business Supplies
10-04-21,Debit Card SUPER HANDY SULPHUR SPRI NT #4349,-18.66,Business Supplies
10-04-21,Debit Card BROOKSHIR 809 GI SULPHUR SPRI NT #4349,-8.14,Business Supplies
10-04-21,Debit Card SUPER HANDY SULPHUR SPRI NT #4349,-17.8,Business Supplies
10-04-21,Debit Card TOKYO EXPRESS IN PARIS T #4349,-43.73,Meals
10-04-21,Debit Card COLLEGE PAY AMARILLO T #4349,-1,Owners Draw
10-04-21,Debit Card COLLEGE PAY AMARILLO T #4349,-21,Owners Draw
10-04-21,Debit Card MCDONALD'S F6509 SULPHUR SPGS T #0759,-6.26,Meals
10-04-21,Debit Card Guaranty Pay Gua Mount Pleasa nT #4349,-100,Owners Draw
10-04-21,Debit Card NAPA SULPHUR SPR SULPHUR SPRI NT #4349,-4.84,COGS:Materials & Supplies
10-04-21,Debit Card NAPA SULPHUR SPR SULPHUR SPRI NT #4349,-10.29,COGS:Materials & Supplies
10-04-21,Debit Card WHATABURGER 773 SULPHUR SPRI NT #0759,-6.84,Meals
10-04-21,Debit Card NAPA SULPHUR SPR SULPHUR SPRI NT #4349,-44.04,COGS:Materials & Supplies
10-04-21,Debit Card NAPA SULPHUR SPR SULPHUR SPRI NT #4349,-12.99,COGS:Materials & Supplies
10-04-21,Debit Card DOORDASH*MCDONAL SAN FRANCISC OC #4349,-24.66,Meals
10-04-21,Debit Card WHATABURGER 773 SULPHUR SPRI NT #0759,-11.73,Meals
10-04-21,Debit Card ERIC JONES SNAP 903-717-0020 T #4349,-100,Owners Draw
10-04-21,Debit Card ERIC JONES SNAP 903-717-0020 T #4349,-275,Owners Draw
10-04-21,Debit Card DOORDASH*MCDONAL SAN FRANCISC OC #4349,-22.91,Meals
10-04-21,Debit Card Guaranty Pay Gua Mount Pleasa nT #4349,-100,Owners Draw
10-04-21,Debit Card SQ *GRANNY'S DON Sulphur Spri nT #0759,-26,Meals
10-04-21,Debit Card 159 BRAUMS STORE SULPHUR SPRI NT #4349,-18.48,Owners Draw
10-04-21,Debit Card DAIRY QUEEN - 44 SULPHUR SPRI NT #0759,-29.94,Meals
10-04-21,Debit Card MCDONALD'S F6509 SULPHUR SPGS T #0759,-9.39,Meals
10-04-21,Debit Card AMAZON.COM*2C3JP SEATTLE W #4349,-10.82,Business Supplies
10-04-21,Debit Card PAYPAL *APPLE.CO San Jose C #4349,-10.81,Financial Fees:Payment Processing
10-04-21,Debit Card DOORDASH*MCDONAL SAN FRANCISC OC #4349,-13.11,Meals
10-04-21,Debit Card MCDONALD'S F6509 SULPHUR SPGS T #0759,-6.26,Meals
10-04-21,Debit Card Guaranty Pay Gua Mount Pleasa nT #4349,-100,Owners Draw
10-04-21,Debit RCR VZWRLSS*BILL PAY 800-922-0204 F #4349,-160,Utilities:Phone
10-04-21,ACH ENGIE RESOURCES ACH,-328.56,Utilities:Gas
10-04-21,Cash Roundup Transfer,-11.17,Miscellaneous Expenses
10-04-21,Check 2950,-2305.89,Paid Checks
10-05-21,ACH AUTO RENTALS INC ACH PAYMNT IV1404-A 4129696 000000000005400000000000005400000000000000000,663.2,Other Business Income
10-05-21,ACH Square Inc 211005 P2,278.37,Business Income
10-05-21,Debit Card Rev NAPA SULPHUR SPR SULPHUR SPRI NT #4349,95,COGS:Materials & Supplies
10-05-21,Debit Card SUPER HANDY SULPHUR SPRI NT #4349,-20.38,Business Supplies
10-05-21,Debit Card WM SUPERCENTER # SULPHUR SPRI NT #0759,-119,Business Supplies
10-05-21,Debit Card SUPER HANDY SULPHUR SPRI NT #4349,-18.66,Business Supplies
10-05-21,Debit Card PAYPAL *DOMINO'S 4029357733 N #4349,-48,Financial Fees:Payment Processing
10-05-21,Debit Card NAPA SULPHUR SPR SULPHUR SPRI NT #4349,-164.99,COGS:Materials & Supplies
10-05-21,Debit Card NAPA SULPHUR SPR SULPHUR SPRI NT #4349,-6.99,COGS:Materials & Supplies
10-05-21,Debit Card DOORDASH*MCDONAL SAN FRANCISC OC #4349,-13.11,Meals
10-05-21,Debit Card NAPA SULPHUR SPR SULPHUR SPRI NT #4349,-79.79,COGS:Materials & Supplies
10-05-21,Debit Card NAPA SULPHUR SPR SULPHUR SPRI NT #4349,-162.89,COGS:Materials & Supplies
10-05-21,Debit Card NAPA SULPHUR SPR SULPHUR SPRI NT #4349,-102.68,COGS:Materials & Supplies
10-05-21,Debit Card CHILI'S SULPHUR SULPHUR SPRI NT #4349,-39.18,Meals
10-05-21,Debit Card CLASSIC LANES SULPHUR SPRI NT #4349,-100,Owners Draw
10-05-21,Debit Card SQ *GRANNY'S DON Sulphur Spri nT #0759,-6.06,Meals
10-05-21,Debit Card MCDONALD'S F6509 SULPHUR SPGS T #4349,-6.26,Meals
10-05-21,ACH 86301 CHESAPEAKE PAYMENT INSURANCE,-115,Business Insurance
10-05-21,ACH AMEX EPAYMENT ACH PMT ER AM,-100,Business Insurance
10-05-21,ACH WEX INC FLEET DEBI,-148.13,Vehicle Expenses:Fuel
10-05-21,Cash Roundup Transfer,-5.01,Miscellaneous Expenses
10-05-21,Check 2959,-800,Paid Checks
10-05-21,Check 2954,-400,Paid Checks
10-05-21,Check 2957,-700,Paid Checks
10-06-21,ACH Square Inc 211006 P2,1133,Business Income
10-06-21,Debit Card Rev NAPA SULPHUR SPR SULPHUR SPRI NT #4349,158.13,COGS:Materials & Supplies
10-06-21,Debit Card TACO BELL 009540 SULPHUR SPRI NT #0759,-10.78,Meals
10-06-21,Debit Card JUAN PABLOS MEX SULPHUR SPRI NT #4349,-54.88,Meals
10-06-21,ACH LTG TEXARKANA T PURCHASF TELECHK 800-697-926 CK 2952,-8045.97,Repairs & Maintenance:Equipment
10-06-21,ACH AM INCOME LIFE INS.PREM 800-433-3405,-22.98,Owners Draw
10-06-21,"Overdraft Charge 2952 8,045.97",-29,Financial Fees:Bank Charges
10-06-21,Check 2955,-250,Paid Checks
10-06-21,Check 2956,-50,Paid Checks
10-07-21,Deposit,2200,Business Income
10-07-21,Deposit,3405,Business Income
10-07-21,Debit Card Rev Guaranty Pay Gua Mount Pleasa nT #4349,60,Business Income
10-07-21,ACH AM INCOME LIFE INS.PREMF800-433-3405,-76.53,Owners Draw
10-07-21,Overdraft Charge 2956 50.00,-29,Financial Fees:Bank Charges
10-07-21,Overdraft Charge 2955 250.00,-29,Financial Fees:Bank Charges
10-07-21,"Overdraft Charge 2958 1,000.00",-29,Financial Fees:Bank Charges
10-07-21,Overdraft Charge 0 22.98,-29,Financial Fees:Bank Charges
10-07-21,Overdraft Charge 0 76.53,-29,Financial Fees:Bank Charges
10-07-21,2958,-1000,Owners Draw
10-08-21,Deposit,8764.75,Business Income
10-08-21,Debit Card BROOKSHIR 809 GI SULPHUR SPRI NT #4349,-36.74,Business Supplies
10-08-21,Debit Card Sulphur S Sulphu Sulphur Spri nT #4349,-85.17,Business Supplies
10-08-21,Debit Card BROOKSHIR 809 GI SULPHUR SPRI NT #4349,-8.12,Business Supplies
10-08-21,Debit Card SUPER HANDY SULPHUR SPRI NT #4349,-50.95,Business Supplies
10-08-21,Debit Card SUPER HANDY SULPHUR SPRI NT #4349,-18.54,Business Supplies
10-08-21,Debit Card PLAYSTATION NETW 800-345-7669 C #4349,-16.22,Owners Draw
10-08-21,Debit Card NAPA SULPHUR SPR SULPHUR SPRI NT #4349,-26.97,COGS:Materials & Supplies
10-08-21,Debit Card DOORDASH*MCDONAL SAN FRANCISC OC #4349,-24.66,Meals
10-08-21,Debit Card NAPA SULPHUR SPR SULPHUR SPRI NT #4349,-30.14,COGS:Materials & Supplies
10-08-21,Debit Card NAPA SULPHUR SPR SULPHUR SPRI NT #4349,-126.47,COGS:Materials & Supplies
10-08-21,Debit Card NAPA SULPHUR SPR SULPHUR SPRI NT #4349,-87.98,COGS:Materials & Supplies
10-08-21,Debit Card BURGERS & FRIES SULPHUR SPRI NT #0759,-29.5,Meals
10-08-21,Debit Card INSTACART SAN FRANCISC OC #4349,-288.49,Owners Draw
10-08-21,Debit Card Guaranty Pay Gua Mount Pleasa nT #4349,-100,Owners Draw
10-08-21,IB INTERNET TRANSFER TO ACCOUNT *1628,-1400,Account Transfers
10-08-21,IB INTERNET TRANSFER TO ACCOUNT *3929,-925,Account Transfers
10-08-21,ACH LTG TEXARKANA T PURCHASE TELECHK 800-697-926 CK 2960,-49.07,Repairs & Maintenance:Equipment
10-08-21,Cash Roundup Transfer,-6.05,Miscellaneous Expenses
10-12-21,Deposit,1800,Business Income
10-12-21,Deposit,701.3,Business Income
10-12-21,Deposit,750,Business Income
10-12-21,ACH Square Inc 211011 P2,183.55,Business Income
10-12-21,ATM Withdrawal 919 GILMER ST SULPHUR SPRI NT #0759,-100,Owners Draw
10-12-21,ATM Withdrawal US HWY 271 SOUTH GRANT O #4349,-1004.25,Owners Draw
10-12-21,ATM Withdrawal US HWY 271 SOUTH GRANT O #4349,-1004.25,Owners Draw
10-12-21,ATM Withdrawal 4418 SOUTH HIGHWAY DURANT O #4349,-1004.5,Owners Draw
10-12-21,ATM Withdrawal 919 GILMER ST SULPHUR SPRI NT #0759,-100,Owners Draw
10-12-21,Debit Card SUPER HANDY SULPHUR SPRI NT #4349,-47.98,Business Supplies
10-12-21,Debit Card SUPER HANDY SULPHUR SPRI NT #4349,-32.15,Business Supplies
10-12-21,Debit Card SUPER HANDY SULPHUR SPRI NT #4349,-8.57,Business Supplies
10-12-21,Debit Card BROOKSHIR 809 GI SULPHUR SPRI NT #4349,-90,Business Supplies
10-12-21,Debit Card SUPER HANDY SULPHUR SPRI NT #4349,-24.49,Business Supplies
10-12-21,Debit Card SUPER HANDY SULPHUR SPRI NT #4349,-32.15,Business Supplies
10-12-21,Debit Card JOE BOBS #2 SULPHUR SPRI NT #4349,-52.01,Vehicle Expenses:Fuel
10-12-21,Debit Card CIRCLE E WESTERN SULPHUR SPRI NT #4349,-16.23,Business Supplies
10-12-21,Debit Card BillMatrix Chicago I #4349,-180.46,Utilities:Phone
10-12-21,Debit Card SUPER HANDY 7 SULPHUR SPRI NT #4349,-8.57,Business Supplies
10-12-21,Debit Card MAC TOOLS - GILM GILMER T #4349,-150,COGS:Materials & Supplies
10-12-21,Debit Card COLLEGE PAY AMARILLO T #4349,-1,Owners Draw
10-12-21,Debit Card COLLEGE PAY AMARILLO T #4349,-21,Owners Draw
10-12-21,Debit Card MAC TOOLS - GILM GILMER T #4349,-50,COGS:Materials & Supplies
10-12-21,Debit Card NAPA SULPHUR SPR SULPHUR SPRI NT #4349,-134.6,COGS:Materials & Supplies
10-12-21,Debit Card PAYPAL *APPLE.CO San Jose C #4349,-10.81,Financial Fees:Payment Processing
10-12-21,Debit Card AMAZON.COM*273U5 SEATTLE W #4349,-125.56,Business Supplies
10-12-21,Debit Card NAPA SULPHUR SPR SULPHUR SPRI NT #4349,-15.59,COGS:Materials & Supplies
10-12-21,Debit Card NAPA SULPHUR SPR SULPHUR SPRI NT #4349,-41.99,COGS:Materials & Supplies
10-12-21,Debit Card NAPA SULPHUR SPR SULPHUR SPRI NT #4349,-131.59,COGS:Materials & Supplies
10-12-21,Debit Card DAIRY QUEEN - 44 SULPHUR SPRI NT #0759,-21.17,Meals
10-12-21,Debit Card DAT SOLUTIONS 80 800-3285302 O #4349,-106.55,Office Expenses:Software
10-12-21,Debit Card ERIC JONES SNAP 903-717-0020 T #4349,-100,Owners Draw
10-12-21,Debit Card ERIC JONES SNAP 903-717-0020 T #4349,-200,Owners Draw
10-12-21,Debit Card ERIC JONES SNAP 903-717-0020 T #4349,-75,Owners Draw
10-12-21,Debit Card MCDONALD'S F6509 SULPHUR SPGS T #0759,-6.26,Meals
10-12-21,Debit Card DOORDASH*MCDONAL SAN FRANCISC OC #4349,-13.11,Meals
10-12-21,Debit Card DOORDASH*MCDONAL SAN FRANCISC OC #4349,-13.11,Meals
10-12-21,Debit Card DOORDASH*MCDONAL SAN FRANCISC OC #4349,-13.11,Meals
10-12-21,Debit Card DOORDASH*MCDONAL SAN FRANCISC OC #4349,-13.11,Meals
10-12-21,Debit Card DOORDASH*MCDONAL SAN FRANCISC OC #4349,-14.11,Meals
10-12-21,Debit Card CN GRANT FOOD & GRANT O #4349,-30,Meals
10-12-21,Debit Card PAYPAL *APPLE.CO San Jose C #4349,-3.24,Financial Fees:Payment Processing
10-12-21,Debit Card PAYPAL *APPLE.CO San Jose C #4349,-5.4,Financial Fees:Payment Processing
10-12-21,Debit Card Kindle Unltd*271 866-321-8851 W #4349,-10.81,Dues and Subscription
10-12-21,Debit Card PAYPAL *ADAMEVEC 8007652326 N #4349,-77.9,Financial Fees:Payment Processing
10-12-21,Debit Card PAYPAL *APPLE.CO San Jose C #4349,-3.24,Financial Fees:Payment Processing
10-12-21,Debit Card Guaranty Pay Gua Mount Pleasa nT #4349,-160,Owners Draw
10-12-21,Debit Card MCDONALD'S F6509 SULPHUR SPGS T #0759,-9.39,Meals
10-12-21,Debit Card Guaranty Pay Gua Mount Pleasa nT #4349,-130,Owners Draw
10-12-21,Debit Card MCDONALD'S F6509 SULPHUR SPGS T #0759,-29.18,Meals
10-12-21,Debit RCR Amazon Prime*272 Amzn.com/bil lW #4349,-14.06,Owners Draw
10-12-21,Debit RCR NETFLIX COM LOS GATOS C #4349,-19.2,Owners Draw
10-12-21,ACH CAPITAL ONE MOBILE PMT,-150,Owners Draw
10-12-21,Cash Roundup Transfer,-19.3,Miscellaneous Expenses
10-12-21,Check 2961,-1950.05,Paid Checks
10-12-21,Check 2967,-963,Paid Checks
10-13-21,Deposit,498.49,Business Income
10-13-21,Deposit,405,Business Income
10-13-21,Deposit,352.5,Business Income
10-13-21,ACH AUTO RENTALS INC ACH PAYMNT IV854763 4151280 000000000034218000000000034218000000000000000,342.18,Other Business Income
10-13-21,ACH Square Inc 211013 P2,354.72,Business Income
10-13-21,IB INTERNET TRANSFER FROM ACCOUNT *8069,50,Account Transfers
10-13-21,ATM Withdrawal 22953 BROWN SPRINGS THACKERVILLE O #4349,-304.99,Owners Draw
10-13-21,Debit Card SUPER HANDY SULPHUR SPRI NT #4349,-18.93,Business Supplies
10-13-21,Debit Card CANHELP SULPHUR SPRI NT #0759,-39.51,Business Supplies
10-13-21,Debit Card TACO BELL 009540 SULPHUR SPRI NT #0759,-6.46,Meals
10-13-21,Debit Card NAPA SULPHUR SPR SULPHUR SPRI NT #4349,-27.81,COGS:Materials & Supplies
10-13-21,Debit Card NAPA SULPHUR SPR SULPHUR SPRI NT #4349,-112.78,COGS:Materials & Supplies
10-13-21,Debit Card NAPA SULPHUR SPR SULPHUR SPRI NT #4349,-59.88,COGS:Materials & Supplies
10-13-21,Debit Card NAPA SULPHUR SPR SULPHUR SPRI NT #4349,-33.45,COGS:Materials & Supplies
10-13-21,Debit Card WHATABURGER 773 SULPHUR SPRI NT #4349,-9.2,Meals
10-13-21,Debit Card DOORDASH*MCDONAL SAN FRANCISC OC #4349,-16.76,Meals
10-13-21,Debit Card MCDONALD'S F6509 SULPHUR SPGS T #0759,-6.26,Meals
10-13-21,Debit Card TST* CORNER GRUB SULPHUR SPRI NT #4349,-50,Meals
10-13-21,ACH ACUITY INS PREM,-1452.82,Business Insurance
10-13-21,ACH WEX INC FLEET DEBI,-148.13,Vehicle Expenses:Fuel
10-13-21,Cash Roundup Transfer,-3.96,Miscellaneous Expenses
10-13-21,Check 2962,-510,Paid Checks
10-13-21,Check 2963,-1000,Paid Checks
10-13-21,Check 2964,-700,Paid Checks
10-13-21,Check 2965,-300,Paid Checks
10-13-21,Check 2966,-1000,Paid Checks
10-14-21,Deposit,990,Business Income
10-14-21,Deposit,483.5,Business Income
10-14-21,Deposit,285,Business Income
10-14-21,Debit Card Rev NAPA SULPHUR SPR SULPHUR SPRI NT #4349,98.79,COGS:Materials & Supplies
10-14-21,Debit Card CTS 550 THACKERVILLE O #4349,-7.99,Business Supplies
10-14-21,Debit Card BROOKSHIR 809 GI SULPHUR SPRI NT #4349,-39.7,Business Supplies
10-14-21,Debit Card SUPER HANDY SULPHUR SPRI NT #4349,-16.78,Business Supplies
10-14-21,Debit Card QT 993 TERRELL T #4349,-12.95,Vehicle Expenses:Fuel
10-14-21,Debit Card MAC TOOLS - GILM GILMER T #4349,-150,COGS:Materials & Supplies
10-14-21,Debit Card MAC TOOLS - GILM GILMER T #4349,-50,COGS:Materials & Supplies
10-14-21,Debit Card NAPA SULPHUR SPR SULPHUR SPRI NT #4349,-20.48,COGS:Materials & Supplies
10-14-21,Debit Card NAPA SULPHUR SPR SULPHUR SPRI NT #4349,-167.88,COGS:Materials & Supplies
10-14-21,Debit Card SONIC DRIVE IN # BELLS T #0759,-8.87,Meals
10-14-21,Debit Card MCDONALD'S F6509 SULPHUR SPGS T #0759,-6.26,Meals
10-14-21,ACH CAPITAL ONE MOBILE PMT,-1000,Owners Draw
10-14-21,Cash Roundup Transfer,-2.09,Miscellaneous Expenses
10-15-21,ACH Square Inc 211015 P2,542.6,Business Income
10-15-21,Debit Card SUPER HANDY 7 SULPHUR SPRI NT #4349,-11.15,Business Supplies
10-15-21,Debit Card WM SUPERCENTER # SULPHUR SPRI NT #0759,-147.41,Business Supplies
10-15-21,Debit Card CN GRANT FOOD & GRANT O #4349,-16,Meals
10-15-21,Debit Card MCDONALD'S F6509 SULPHUR SPGS T #0759,-9.39,Meals
10-15-21,ACH AMEX EPAYMENT ACH PMT ER AM,-250,Business Insurance
10-15-21,Cash Roundup Transfer,-2.05,Miscellaneous Expenses
10-18-21,Deposit,12796,Business Income
10-18-21,ACH Square Inc 211018 P2,1648.35,Business Income
10-18-21,Debit Card STAR MART # 5 SULPHUR SPRI NT #4349,18.16,Business Income
10-18-21,ATM Withdrawal US HWY 271 SOUTH GRANT O #4349,-1004.25,Owners Draw
10-18-21,ATM Withdrawal US HWY 271 SOUTH GRANT O #4349,-1004.25,Owners Draw
10-18-21,ATM Withdrawal US HWY 271 SOUTH GRANT O #4349,-1004.25,Owners Draw
10-18-21,ATM Withdrawal US HWY 271 SOUTH GRANT O #4349,-1004.25,Owners Draw
10-18-21,Debit Card SUPER HANDY SULPHUR SPRI NT #4349,-16.78,Business Supplies
10-18-21,Debit Card CEFCO #1102 PARI PARIS T #4349,-31.47,Vehicle Expenses:Fuel
10-18-21,Debit Card EVI*CHOCTAW CASI GRANT O #4349,-1037.5,Owners Draw
10-18-21,Debit Card EVI*CHOCTAW CASI GRANT O #4349,-1037.5,Owners Draw
10-18-21,Debit Card NOYO INC SULPHUR SPRI NT #4349,-25.16,Business Supplies
10-18-21,Debit Card AUTOZONE 1187 B SULPHUR SPRI NT #4349,-169.93,COGS:Materials & Supplies
10-18-21,Debit Card JOES FAST LANE SULPHUR SPRI NT #4349,-48.42,Vehicle Expenses:Fuel
10-18-21,Debit Card STAR MART # 5 SULPHUR SPRI NT #4349,-18.16,Vehicle Expenses:Fuel
10-18-21,Debit Card STAR MART # 5 SULPHUR SPRI NT #4349,-18.16,Vehicle Expenses:Fuel
10-18-21,Debit Card JOE BOBS SULPHUR SPRI NT #4349,-8.57,Vehicle Expenses:Fuel
10-18-21,Debit Card COLLEGE PAY AMARILLO T #4349,-1,Owners Draw
10-18-21,Debit Card COLLEGE PAY AMARILLO T #4349,-21,Owners Draw
10-18-21,Debit Card DOMINO'S 6838 972-722-2073 T #4349,-53,Meals
10-18-21,Debit Card Prime Video*2Y2H 888-802-3080 W #4349,-9.73,Owners Draw
10-18-21,Debit Card TACO BELL 009540 SULPHUR SPRI NT #0759,-18.15,Meals
10-18-21,Debit Card NAPA SULPHUR SPR SULPHUR SPRI NT #4349,-212.55,COGS:Materials & Supplies
10-18-21,Debit Card WHATABURGER 773 SULPHUR SPRI NT #0759,-22.8,Meals
10-18-21,Debit Card JUAN PABLOS MEX SULPHUR SPRI NT #4349,-35.45,Meals
10-18-21,Debit Card CARNIVAL CRUISE MIAMI F #4349,-445.72,Owners Draw
10-18-21,Debit Card FLOWERLAND FLORI SULPHUR SPRI NT #4349,-83.89,Business Supplies
10-18-21,Debit Card JUAN PABLOS MEX SULPHUR SPRI NT #0759,-24.32,Meals
10-18-21,Debit Card MCDONALD'S F6509 SULPHUR SPGS T #0759,-6.26,Meals
10-18-21,Debit Card SQ *NORTHCUTT DO PARIS T #0759,-6,Owners Draw
10-18-21,Debit Card DOORDASH*MCDONAL SAN FRANCISC OC #4349,-13.11,Meals
10-18-21,Debit Card MCDONALD'S F6509 SULPHUR SPGS T #0759,-6.26,Meals
10-18-21,Debit Card PAYPAL *APPLE.CO San Jose C #4349,-21.62,Financial Fees:Payment Processing
10-18-21,Debit Card PAYPAL *APPLE.CO San Jose C #4349,-2.99,Financial Fees:Payment Processing
10-18-21,Debit Card MCDONALD'S F6509 SULPHUR SPGS T #0759,-6.26,Meals
10-18-21,Debit Card SQ *SULPHUR SPRI Sulphur Spri nT #0759,-113.66,Uncategorized
10-18-21,Debit RCR HLU*HULU 1339504 HULU.COM/BIL LC #4349,-96.31,Owners Draw
10-18-21,Debit RCR Peacock D83E1 Pr New York N #4349,-5.41,Owners Draw
10-18-21,Debit RCR Peacock 1B734 Pr New York N #4349,-5.4,Owners Draw
10-18-21,IB INTERNET TRANSFER TO ACCOUNT *0851,-350,Account Transfers
10-18-21,IB INTERNET TRANSFER TO ACCOUNT *9922,-450,Account Transfers
10-18-21,ACH AMEX EPAYMENT ACH PMT ER AM,-600,Business Insurance
10-18-21,ACH CAPITAL ONE MOBILE PMT,-250,Owners Draw
10-18-21,"Overdraft Charge 2968 1,847.55",-29,Financial Fees:Bank Charges
10-18-21,Cash Roundup Transfer,-14.46,Miscellaneous Expenses
10-18-21,Check 2968,-1847.55,Paid Checks
10-19-21,Deposit,17000,Business Income
10-19-21,ACH AUTO RENTALS INC ACH PAYMNT IV070895 4166678 000000000025279000000000025279000000000000000,607,Other Business Income
10-19-21,ACH Square Inc 211019 P2,1043.6,Business Income
10-19-21,Debit Card Rev NAPA SULPHUR SPR SULPHUR SPRI NT #4349,45.93,COGS:Materials & Supplies
10-19-21,Debit Card BROOKSHIR 809 GI SULPHUR SPRI NT #4349,-14.06,Business Supplies
10-19-21,Debit Card NAPA SULPHUR SPR SULPHUR SPRI NT #4349,-45.93,COGS:Materials & Supplies
10-19-21,Debit Card NAPA SULPHUR SPR SULPHUR SPRI NT #4349,-36.06,COGS:Materials & Supplies
10-19-21,Debit Card NAPA SULPHUR SPR SULPHUR SPRI NT #4349,-82.01,COGS:Materials & Supplies
10-19-21,Debit Card NAPA SULPHUR SPR SULPHUR SPRI NT #4349,-12.1,COGS:Materials & Supplies
10-19-21,Debit Card DOORDASH*MCDONAL SAN FRANCISC OC #4349,-13.11,Meals
10-19-21,Debit Card ERIC JONES SNAP 903-717-0020 T #4349,-100,Owners Draw
10-19-21,Debit Card ERIC JONES SNAP 903-717-0020 T #4349,-200,Owners Draw
10-19-21,Debit Card SQ *NORTHCUTT DO PARIS T #0759,-6.88,Owners Draw
10-19-21,Debit Card GT TOOLS - MATCO 903-272-5787 T #4349,-25,COGS:Materials & Supplies
10-19-21,Debit Card MCDONALD'S F6509 SULPHUR SPGS T #0759,-9.39,Meals
10-19-21,Debit RCR AT&T TEXT2PAY 8003310500 T #4349,-309.29,Utilities:Phone
10-19-21,ACH ATMOS ENERGY SGL UTIL PYMT,-56.62,Utilities:Gas
10-19-21,ACH OKLAHOMATAXPMTS OK TAX PMT,-380,Taxes and Licenses
10-19-21,ACH WEX INC FLEET DEBI,-148.13,Vehicle Expenses:Fuel
10-19-21,Cash Roundup Transfer,-6.17,Miscellaneous Expenses
10-19-21,Check 2248,-600,Paid Checks
10-19-21,Check 2969,-1140,Paid Checks
10-19-21,Check 2970,-3552,Paid Checks
10-19-21,Check 2971,-640,Paid Checks
10-19-21,Check 2972,-900,Paid Checks
10-20-21,ATM Withdrawal 1610 POSEY LANE SULPHUR SPRI NT #0759,-60,Owners Draw
10-20-21,Debit Card BROOKSHIR 809 GI SULPHUR SPRI NT #4349,-355.78,Business Supplies
10-20-21,Debit Card WAL-MART #0417 SULPHUR SPRI NT #0759,-284.68,Business Supplies
10-20-21,Debit Card AMAZON.COM*2Y1E4 SEATTLE W #4349,-31.38,Business Supplies
10-20-21,Debit Card AMAZON.COM*2Y81Q SEATTLE W #4349,-179.68,Business Supplies
10-20-21,Debit Card MCDONALD'S F6509 SULPHUR SPGS T #0759,-6.26,Meals
10-20-21,Debit RCR PAYPAL *SPLENDIE 4029357733 C #4349,-18.38,Financial Fees:Payment Processing
10-20-21,Debit RCR CARROLL TIRE 877-822-0009 F #4349,-1276.45,COGS:Materials & Supplies
10-20-21,ACH LOANCARE SERV MTG PYMT,-524.73,Owners Draw
10-20-21,Cash Roundup Transfer,-3.39,Miscellaneous Expenses
10-20-21,Check 2974,-500,Paid Checks
10-21-21,ATM Withdrawal 919 GILMER ST SULPHUR SPRI NT #0759,-80,Owners Draw
10-21-21,Debit Card MHC-KW-TEXARKANA TEXARKANA T #4349,-185.9,Business Supplies
10-21-21,Debit Card TEXARKANA SUPER TEXARKANA T #4349,-114.96,Business Supplies
10-21-21,Debit Card BROOKSHIR 809 GI SULPHUR SPRI NT #0759,-27,Business Supplies
10-21-21,Debit Card JOES FAST LANE SULPHUR SPRI NT #4349,-8.84,Vehicle Expenses:Fuel
10-21-21,Debit Card MAC TOOLS - GILM GILMER T #4349,-150,COGS:Materials & Supplies
10-21-21,Debit Card MAC TOOLS - GILM GILMER T #4349,-100,COGS:Materials & Supplies
10-21-21,Debit Card PAWN SHOP SULPHUR SPRI NT #4349,-121.67,Owners Draw
10-21-21,Debit Card NAPA SULPHUR SPR SULPHUR SPRI NT #4349,-173.24,COGS:Materials & Supplies
10-21-21,Debit Card NAPA SULPHUR SPR SULPHUR SPRI NT #4349,-122.17,COGS:Materials & Supplies
10-21-21,Debit Card JUAN PABLOS MEX SULPHUR SPRI NT #4349,-74.8,Meals
10-21-21,Debit Card HARBOR FREIGHT T SULPHUR SPRI NT #4349,-64.87,COGS:Materials & Supplies
10-21-21,Debit Card CITY OF SULPHUR SULPHUR SPRI NT #4349,-246.57,Utilities:Water
10-21-21,Debit Card MCDONALD'S F6509 SULPHUR SPGS T #0759,-6.26,Meals
10-21-21,Debit RCR VZWRLSS*BILL PAY 800-922-0204 F #4349,-159.57,Utilities:Phone
10-21-21,Withdrawal,-300,Owners Draw
10-21-21,ACH AMEX EPAYMENT ACH PMT ER AM,-635.71,Business Insurance
10-21-21,ACH AMEX EPAYMENT ACH PMT ER AM,-150,Business Insurance
10-21-21,ACH Synchrony Bank CC PYMT,-150,Owners Draw
10-21-21,ACH WEBFILE TAX PYMT DD,-296.5,Taxes and Licenses
10-21-21,Cash Roundup Transfer,-4.15,Miscellaneous Expenses
10-21-21,Check 2249,-300,Paid Checks
10-21-21,Check 2250,-910,Paid Checks
10-21-21,Check 2973,-80,Paid Checks
10-22-21,ACH AUTO RENTALS INC ACH PAYMNT IV175091 4177813 000000000031017000000000031017000000000000000,516.52,Other Business Income
10-22-21,ACH Square Inc 211022 P2,851.4,Business Income
10-22-21,Debit Card Rev NAPA SULPHUR SPR SULPHUR SPRI NT #4349,43.52,COGS:Materials & Supplies
10-22-21,Debit RCR Rev PAYPAL *WALMART 4029357733 C #4349,4.9,Uncategorized
10-22-21,Debit RCR Rev PAYPAL *WALMART 4029357733 C #4349,5.08,Uncategorized
10-22-21,Debit Card WM SUPERCENTER # SULPHUR SPRI NT #4349,-68.69,Business Supplies
10-22-21,Debit Card SUPER HANDY SULPHUR SPRI NT #4349,-16.78,Business Supplies
10-22-21,Debit Card CARNIVAL- THE FU MIAMI F #4349,-195.84,Owners Draw
10-22-21,Debit Card TACO BELL 009540 SULPHUR SPRI NT #0759,-24.19,Meals
10-22-21,Debit Card NAPA SULPHUR SPR SULPHUR SPRI NT #4349,-18.4,COGS:Materials & Supplies
10-22-21,Debit Card NAPA SULPHUR SPR SULPHUR SPRI NT #4349,-47.58,COGS:Materials & Supplies
10-22-21,Debit Card NAPA SULPHUR SPR SULPHUR SPRI NT #4349,-146.62,COGS:Materials & Supplies
10-22-21,Debit Card 159 BRAUMS STORE SULPHUR SPRI NT #4349,-5.93,Owners Draw
10-22-21,Debit Card WHATABURGER 773 SULPHUR SPRI NT #4349,-25.16,Meals
10-22-21,Debit Card PANDA EXPRESS #2 SULPHUR SPRI NT #4349,-10.55,Meals
10-22-21,Debit Card DOORDASH*CHILIS SAN FRANCISC OC #4349,-85.11,Meals
10-22-21,Debit RCR PAYPAL *WALMART 4029357733 C #4349,-9.98,Financial Fees:Payment Processing
10-22-21,Cash Roundup Transfer,-5.17,Miscellaneous Expenses
10-25-21,Deposit,1559.24,Business Income
10-25-21,Deposit,4000,Business Income
10-25-21,Deposit,1183.7,Business Income
10-25-21,ACH Square Inc 211025 P2,171.98,Business Income
10-25-21,Debit Card Rev NAPA SULPHUR SPR SULPHUR SPRI NT #4349,56.1,COGS:Materials & Supplies
10-25-21,Debit Card Rev NAPA SULPHUR SPR SULPHUR SPRI NT #4349,283.62,COGS:Materials & Supplies
10-25-21,ATM Withdrawal 4418 SOUTH HIGHWAY DURANT O #4349,-1004.5,Owners Draw
10-25-21,ATM Withdrawal 4418 SOUTH HIGHWAY DURANT O #4349,-1004.5,Owners Draw
10-25-21,ATM Withdrawal 4418 SOUTH HIGHWAY DURANT O #4349,-1004.5,Owners Draw
10-25-21,ATM Withdrawal 919 GILMER ST SULPHUR SPRI NT #0759,-200,Owners Draw
10-25-21,Debit Card Sulphur S Sulphu Sulphur Spri nT #4349,-22.67,Business Supplies
10-25-21,Debit Card JOE BOB #3 SULPHUR SPRI NT #4349,-41.32,Owners Draw
10-25-21,Debit Card JOE BOB #3 SULPHUR SPRI NT #4349,-33.91,Owners Draw
10-25-21,Debit Card BROOKSHIR 809 GI SULPHUR SPRI NT #4349,-128.05,Business Supplies
10-25-21,Debit Card EZ MART 4282 SULPHUR SPRI NT #4349,-24.82,Business Supplies
10-25-21,Debit Card REHKOPF FAMILY F SULPHUR SPRI NT #4349,-16.41,Owners Draw
10-25-21,Debit Card SUPER HANDY SULPHUR SPRI NT #4349,-16.78,Business Supplies
10-25-21,Debit Card CATO #631 SULPHUR SPGS T #0759,-90.87,Owners Draw
10-25-21,Debit Card SUPER HANDY SULPHUR SPRI NT #0759,-10.58,Business Supplies
10-25-21,Debit Card COLLEGE PAY AMARILLO T #4349,-1,Owners Draw
10-25-21,Debit Card COLLEGE PAY AMARILLO T #4349,-21,Owners Draw
10-25-21,Debit Card OPTIMUM OUTCOMES 877-7959819 A #4349,-127.37,Owners Draw
10-25-21,Debit Card MAC TOOLS - GILM GILMER T #4349,-150,COGS:Materials & Supplies
10-25-21,Debit Card WHATABURGER 773 SULPHUR SPRI NT #0759,-19.42,Meals
10-25-21,Debit Card NAPA SULPHUR SPR SULPHUR SPRI NT #4349,-48.36,COGS:Materials & Supplies
10-25-21,Debit Card WINDHAM PROS-FIC 800-969-0059 N #0759,-125,Legal & Professional Services
10-25-21,Debit Card NAPA SULPHUR SPR SULPHUR SPRI NT #4349,-34.4,COGS:Materials & Supplies
10-25-21,Debit Card JUAN PABLOS MEX SULPHUR SPRI NT #0759,-26.9,Meals
10-25-21,Debit Card NAPA SULPHUR SPR SULPHUR SPRI NT #4349,-283.62,COGS:Materials & Supplies
10-25-21,Debit Card DOORDASH*MCDONAL SAN FRANCISC OC #4349,-13.11,Meals
10-25-21,Debit Card CHILI'S SULPHUR SULPHUR SPRI NT #4349,-73.09,Meals
10-25-21,Debit Card RUSH TRK CTR TYL 9035250500 T #4349,-1293.29,COGS:Materials & Supplies
10-25-21,Debit Card SQ *GRANNY'S DON Sulphur Spri nT #0759,-11.1,Meals
10-25-21,Debit Card DOORDASH*MCDONAL SAN FRANCISC OC #4349,-17.76,Meals
10-25-21,Debit Card PAYPAL *jalaynem San Jose C #4349,-11.42,Financial Fees:Payment Processing
10-25-21,Debit Card MCDONALD'S F1064 COMMERCE T #0759,-14.12,Meals
10-25-21,Debit Card DOORDASH*MCDONAL SAN FRANCISC OC #4349,-13.11,Meals
10-25-21,Debit Card DOORDASH*MCDONAL SAN FRANCISC OC #4349,-30.57,Meals
10-25-21,Debit Card SQ *PATRICIA REE Sulphur Spri nT #0759,-135.7,Owners Draw
10-25-21,Debit Card MCDONALD'S F6509 SULPHUR SPGS T #0759,-17.81,Meals
10-25-21,Debit RCR Disney PLUS Burbank C #4349,-8.63,Owners Draw
10-25-21,Cash Roundup Transfer,-13.81,Miscellaneous Expenses
10-25-21,Check 2251,-120.62,Paid Checks
10-25-21,Check 2256,-960,Paid Checks
10-26-21,ACH AUTO RENTALS INC ACH PAYMNT IV595911 4185553 000000000101370000000000101370000000000000000,1013.7,Other Business Income
10-26-21,ACH Square Inc 211026 P2,383.24,Business Income
10-26-21,Debit Card BROOKSHIR 809 GI SULPHUR SPRI NT #4349,-37.95,Business Supplies
10-26-21,Debit Card NAPA SULPHUR SPR SULPHUR SPRI NT #4349,-15.21,COGS:Materials & Supplies
10-26-21,Debit Card Amazon Kids+*LI8 888-802-3080 W #4349,-7.45,Owners Draw
10-26-21,Debit Card GT TOOLS - MATCO 903-272-5787 T #4349,-75,COGS:Materials & Supplies
10-26-21,Debit Card MCDONALD'S F6509 SULPHUR SPGS T #4349,-6.26,Meals
10-26-21,ACH WEX INC FLEET DEBI,-148.13,Vehicle Expenses:Fuel
10-26-21,Cash Roundup Transfer,-2.13,Miscellaneous Expenses
10-26-21,Check 2253,-1103,Paid Checks
10-26-21,Check 2259,-800,Paid Checks
10-27-21,ACH AUTO RENTALS INC ACH PAYMNT IV229515 4189497 000000000224928000000000224928000000000000000,2249.28,Other Business Income
10-27-21,ATM Withdrawal 919 GILMER ST SULPHUR SPRI NT #4349,-500,Owners Draw
10-27-21,Debit Card BROOKSHIR 809 GI SULPHUR SPRI NT #4349,-41.87,Business Supplies
10-27-21,Debit Card BROOKSHIR 809 GI SULPHUR SPRI NT #4349,-8.29,Business Supplies
10-27-21,Debit Card SUPER HANDY SULPHUR SPRI NT #4349,-49.48,Business Supplies
10-27-21,Debit Card SUPER HANDY SULPHUR SPRI NT #4349,-16.51,Business Supplies
10-27-21,Debit Card NAPA SULPHUR SPR SULPHUR SPRI NT #4349,-10.52,COGS:Materials & Supplies
10-27-21,Debit Card NAPA SULPHUR SPR SULPHUR SPRI NT #4349,-44.04,COGS:Materials & Supplies
10-27-21,Debit Card NAPA SULPHUR SPR SULPHUR SPRI NT #4349,-19.23,COGS:Materials & Supplies
10-27-21,Debit Card ERIC JONES SNAP 903-717-0020 T #4349,-100,Owners Draw
10-27-21,Debit Card ERIC JONES SNAP 903-717-0020 T #4349,-200,Owners Draw
10-27-21,Debit Card MCDONALD'S F6509 SULPHUR SPGS T #4349,-6.26,Meals
10-27-21,Debit RCR APPLE.COM/BILL 866-712-7753 C #4349,-3.24,Owners Draw
10-27-21,Cash Roundup Transfer,-5.56,Miscellaneous Expenses
10-27-21,Check 2255,-3300,Paid Checks
10-27-21,Check 2257,-2222.88,Paid Checks
10-27-21,Check 2258,-420,Paid Checks
10-27-21,Check 2260,-1000,Paid Checks
10-27-21,Check 2336,-125,Paid Checks
10-28-21,IB INTERNET TRANSFER FROM ACCOUNT *8069,65,Account Transfers
10-28-21,Debit Card QT 993 OUTSIDE 1 TERRELL T #4349,-39.27,Vehicle Expenses:Fuel
10-28-21,Debit Card MAC TOOLS - GILM GILMER T #4349,-150,COGS:Materials & Supplies
10-28-21,Debit Card NAPA SULPHUR SPR SULPHUR SPRI NT #4349,-33.15,COGS:Materials & Supplies
10-28-21,Debit Card NAPA SULPHUR SPR SULPHUR SPRI NT #4349,-15.72,COGS:Materials & Supplies
10-28-21,Debit Card DOORDASH*MCDONAL SAN FRANCISC OC #4349,-13.11,Meals
10-28-21,Debit Card KFC G135402 MT PLEASANT T #4349,-13.28,Meals
10-28-21,Debit Card Guaranty Pay Gua Mount Pleasa nT #4349,-60,Owners Draw
10-28-21,Debit Card APPLE.COM/BILL C #4349,-3.24,Owners Draw
10-28-21,Debit Card MCDONALD'S F6509 SULPHUR SPGS T #0759,-6.26,Meals
10-28-21,Debit RCR CARROLL TIRE 877-822-0009 F #4349,-539.28,COGS:Materials & Supplies
10-28-21,Cash Roundup Transfer,-5.69,Miscellaneous Expenses
10-29-21,ACH AUTO RENTALS INC ACH PAYMNT IV098175 4197226 000000000040028000000000040028000000000000000,400.28,Other Business Income
10-29-21,Debit Card Wal-Mart Super C SULPHUR SPRI NT #0759,-144,Business Supplies
10-29-21,Debit Card NAPA SULPHUR SPR SULPHUR SPRI NT #4349,-21.17,COGS:Materials & Supplies
10-29-21,Debit Card SQ *NORTHCUTT DO PARIS T #0759,-11.43,Owners Draw
10-29-21,Cash Roundup Transfer,-1.4,Miscellaneous Expenses
10-29-21,Check 2337,-151.54,Paid Checks
11-01-21,Deposit,1200,Business Income
11-01-21,Deposit,505.93,Business Income
11-01-21,Deposit,3000,Business Income
11-01-21,ACH Square Inc 211101 P2,198.7,Business Income
11-01-21,ATM Withdrawal US HWY 271 SOUTH GRANT O #4349,-1004.25,Owners Draw
11-01-21,ATM Withdrawal US HWY 271 SOUTH GRANT O #4349,-204.25,Owners Draw
11-01-21,Debit Card SUPER HANDY SULPHUR SPRI NT #4349,-16.78,Business Supplies
11-01-21,Debit Card JOE BOBS SULPHUR SPRI NT #0759,-8.06,Vehicle Expenses:Fuel
11-01-21,Debit Card SUPER HANDY 7 SULPHUR SPRI NT #4349,-30,Business Supplies
11-01-21,Debit Card COLLEGE PAY AMARILLO T #4349,-1,Owners Draw
11-01-21,Debit Card COLLEGE PAY AMARILLO T #4349,-21,Owners Draw
11-01-21,Debit Card EMORY EYECARE EMORY T #4349,-8,Owners Draw
11-01-21,Debit Card CN GRANT FOOD & GRANT O #4349,-22.5,Meals
11-01-21,Debit Card TACO BELL 009540 SULPHUR SPRI NT #0759,-26.88,Meals
11-01-21,Debit Card DOORDASH*MCDONAL SAN FRANCISC OC #4349,-15.29,Meals
11-01-21,Debit Card MCDONALD'S F6509 SULPHUR SPGS T #0759,-25.71,Meals
11-01-21,Debit Card Prime Video*QG37 888-802-3080 W #4349,-10.81,Owners Draw
11-01-21,Debit Card PAYPAL *4EBOUTIQ San Jose C #4349,-27.81,Financial Fees:Payment Processing
11-01-21,Debit Card MCDONALD'S F6509 SULPHUR SPGS T #0759,-9.39,Meals
11-01-21,Debit Card DOORDASH*MCDONAL SAN FRANCISC OC #4349,-15.05,Meals
11-01-21,Debit Card STRAIGHTTALK*AIR 877-430-2355 F #4349,-60.3,Utilities:Phone
11-01-21,Debit Card MCDONALD'S F6509 SULPHUR SPGS T #0759,-6.26,Meals
11-01-21,Debit Card Guaranty Pay Gua Mount Pleasa nT #4349,-100,Owners Draw
11-01-21,ACH AMEX EPAYMENT ACH PMT ER AM,-1000,Business Insurance
11-01-21,Cash Roundup Transfer,-6.16,Miscellaneous Expenses
11-01-21,Check 2254,-776,Paid Checks
11-01-21,Check 2875,-80,Paid Checks
11-02-21,ACH AUTO RENTALS INC ACH PAYMNT IV690715 4205330 000000000033096000000000033096000000000000000,330.96,Other Business Income
11-02-21,ACH Square Inc 211102 P2,2023.01,Business Income
11-02-21,Debit Card SUPER HANDY SULPHUR SPRI NT #4349,-20.76,Business Supplies
11-02-21,Debit Card SUPER HANDY 7 SULPHUR SPRI NT #4349,-13.75,Business Supplies
11-02-21,Debit Card NAPA SULPHUR SPR SULPHUR SPRI NT #4349,-85.67,COGS:Materials & Supplies
11-02-21,Debit Card NAPA SULPHUR SPR SULPHUR SPRI NT #4349,-103.74,COGS:Materials & Supplies
11-02-21,Debit Card Guaranty Pay Gua Mount Pleasa nT #4349,-60,Owners Draw
11-02-21,Debit Card MCDONALD'S F6509 SULPHUR SPGS T #0759,-6.26,Meals
11-02-21,ACH CAPITAL ONE MOBILE PMT,-1000,Owners Draw
11-02-21,ACH WEX INC FLEET DEBI,-148.13,Vehicle Expenses:Fuel
11-02-21,Cash Roundup Transfer,-1.82,Miscellaneous Expenses
11-02-21,Check 2338,-75,Paid Checks
11-02-21,Check 2340,-800,Paid Checks
11-03-21,Deposit,2850,Business Income
11-03-21,ACH AUTO RENTALS INC ACH PAYMNT IV91594 4209009 000000000153000000000000153000000000000000000,5707.57,Other Business Income
11-03-21,ATM Withdrawal 919 GILMER ST SULPHUR SPRI NT #0759,-200,Owners Draw
11-03-21,ATM Withdrawal 919 GILMER ST SULPHUR SPRI NT #0759,-60,Owners Draw
11-03-21,Debit Card SUPER HANDY SULPHUR SPRI NT #4349,-10.94,Business Supplies
11-03-21,Debit Card BROOKSHIR 809 GI SULPHUR SPRI NT #4349,-48.17,Business Supplies
11-03-21,Debit Card BROOKSHIR 809 GI SULPHUR SPRI NT #4349,-48.78,Business Supplies
11-03-21,Debit Card BROOKSHIR 809 GI SULPHUR SPRI NT #4349,-16.22,Business Supplies
11-03-21,Debit Card SUPER HANDY 7 SULPHUR SPRI NT #4349,-12.99,Business Supplies
11-03-21,Debit Card Sulphur S Sulphu Sulphur Spri nT #4349,-23.8,Business Supplies
11-03-21,Debit Card JOE BOB #3 SULPHUR SPRI NT #4349,-3.33,Owners Draw
11-03-21,Debit Card BROOKSHIR 809 GI SULPHUR SPRI NT #4349,-40,Business Supplies
11-03-21,Debit Card A 1 AUTO SUPPLY SULPHUR SPRI NT #4349,-122.92,COGS:Materials & Supplies
11-03-21,Debit Card NAPA SULPHUR SPR SULPHUR SPRI NT #4349,-199.98,COGS:Materials & Supplies
11-03-21,Debit Card ERIC JONES SNAP 903-717-0020 T #4349,-100,Owners Draw
11-03-21,Debit Card ERIC JONES SNAP 903-717-0020 T #4349,-200,Owners Draw
11-03-21,Debit Card MCDONALD'S F6509 SULPHUR SPGS T #0759,-6.26,Meals
11-03-21,ACH 86301 CHESAPEAKE PAYMENT INSURANCE,-115,Business Insurance
11-03-21,Cash Roundup Transfer,-3.61,Miscellaneous Expenses
11-03-21,Check 2339,-1000,Paid Checks
11-03-21,Check 2341,-700,Paid Checks
11-03-21,Check 2342,-700,Paid Checks
11-04-21,Debit Card BROOKSHIR 809 GI SULPHUR SPRI NT #4349,-3.9,Business Supplies
11-04-21,Debit Card WAL-MART #0417 SULPHUR SPRI NT #4349,-52.33,Business Supplies
11-04-21,Debit Card SUPER HANDY SULPHUR SPRI NT #4349,-16.51,Business Supplies
11-04-21,Debit Card SUPER HANDY 7 SULPHUR SPRI NT #4349,-40.01,Business Supplies
11-04-21,Debit Card SUPER HANDY 7 SULPHUR SPRI NT #4349,-23.61,Business Supplies
11-04-21,Debit Card NAPA SULPHUR SPR SULPHUR SPRI NT #4349,-19.34,COGS:Materials & Supplies
11-04-21,Debit Card AMAZON.COM*TA0T7 SEATTLE W #4349,-14.6,Business Supplies
11-04-21,Debit Card MCDONALD'S F6509 SULPHUR SPGS T #0759,-6.26,Meals
11-04-21,Debit Card Guaranty Pay Gua Mount Pleasa nT #4349,-60,Owners Draw
11-04-21,Debit RCR APPLE.COM/BILL 866-712-7753 C #4349,-5.4,Owners Draw
11-04-21,Cash Roundup Transfer,-5.04,Miscellaneous Expenses
11-04-21,Check 2262,-300,Paid Checks
11-05-21,ACH Square Inc 211105 P2,1412.88,Business Income
11-05-21,Debit Card BROOKSHIR 809 GI SULPHUR SPRI NT #4349,-44.98,Business Supplies
11-05-21,Debit Card NAPA SULPHUR SPR SULPHUR SPRI NT #4349,-25.85,COGS:Materials & Supplies
11-05-21,Debit Card NAPA SULPHUR SPR SULPHUR SPRI NT #4349,-31.94,COGS:Materials & Supplies
11-05-21,Debit Card STATE FARM INSU 8009566310 I #4349,-358.77,Business Insurance
11-05-21,Debit Card MCDONALD'S F6509 SULPHUR SPGS T #0759,-12.72,Meals
11-05-21,Withdrawal,-3200,Owners Draw
11-05-21,Cash Roundup Transfer,-0.74,Miscellaneous Expenses
11-05-21,Check 2263,-350,Paid Checks
11-08-21,Deposit,12072.74,Business Income
11-08-21,Deposit,2115.95,Business Income
11-08-21,ACH AUTO RENTALS INC ACH PAYMNT IV78887 4220430 000000000020784000000000020784000000000000000,207.84,Other Business Income
11-08-21,Debit Card Rev NAPA SULPHUR SPR SULPHUR SPRI NT #4349,311.22,COGS:Materials & Supplies
11-08-21,Debit Card JOE BOBS #2 SULPHUR SPRI NT #4349,-40.66,Vehicle Expenses:Fuel
11-08-21,Debit Card COLLEGE PAY AMARILLO T #4349,-1,Owners Draw
11-08-21,Debit Card COLLEGE PAY AMARILLO T #4349,-26.25,Owners Draw
11-08-21,Debit Card MAC TOOLS - GILM GILMER T #4349,-150,COGS:Materials & Supplies
11-08-21,Debit Card WHATABURGER 773 SULPHUR SPRI NT #0759,-10.74,Meals
11-08-21,Debit Card NAPA SULPHUR SPR SULPHUR SPRI NT #4349,-48.45,COGS:Materials & Supplies
11-08-21,Debit Card NAPA SULPHUR SPR SULPHUR SPRI NT #4349,-39.48,COGS:Materials & Supplies
11-08-21,Debit Card NAPA SULPHUR SPR SULPHUR SPRI NT #4349,-311.22,COGS:Materials & Supplies
11-08-21,Debit Card ERIC JONES SNAP 903-717-0020 T #4349,-60,Owners Draw
11-08-21,Debit Card ERIC JONES SNAP 903-717-0020 T #4349,-100,Owners Draw
11-08-21,Debit Card ERIC JONES SNAP 903-717-0020 T #4349,-250,Owners Draw
11-08-21,Debit Card SQ *GRANNY'S DON Sulphur Spri nT #0759,-28.8,Meals
11-08-21,Debit Card DD DOORDASH JACK 8559731040 C #4349,-30.87,Meals
11-08-21,Debit Card Prime Video*IL3O 888-802-3080 W #4349,-4.32,Owners Draw
11-08-21,Debit Card MCDONALD'S F6509 SULPHUR SPGS T #0759,-6.26,Meals
11-08-21,Debit Card MCDONALD'S F6509 SULPHUR SPGS T #0759,-6.26,Meals
11-08-21,Debit Card Prime Video*M173 888-802-3080 W #4349,-4.32,Owners Draw
11-08-21,Debit Card MCDONALD'S F6509 SULPHUR SPGS T #0759,-6.26,Meals
11-08-21,Debit Card Prime Video*VV0L 888-802-3080 W #4349,-21.64,Owners Draw
11-08-21,Debit Card Guaranty Pay Gua Mount Pleasa nT #4349,-25,Owners Draw
11-08-21,Debit Card MCDONALD'S F6509 SULPHUR SPGS T #0759,-30.56,Meals
11-08-21,Debit Card Guaranty Pay Gua Mount Pleasa nT #4349,-60,Owners Draw
11-08-21,ACH AM INCOME LIFE INS.PREM 800-433-3405,-76.53,Owners Draw
11-08-21,ACH AM INCOME LIFE INS.PREM 800-433-3405,-22.98,Owners Draw
11-08-21,ACH CAPITAL ONE MOBILE PMT,-125,Owners Draw
11-08-21,"Overdraft Charge 2261 14,374.42",-29,Financial Fees:Bank Charges
11-08-21,Cash Roundup Transfer,-7.91,Miscellaneous Expenses
11-08-21,Check 2261,-14374.42,Paid Checks
11-08-21,Check 2264,-900,Paid Checks
11-08-21,Check 2347,-240,Paid Checks
11-09-21,Deposit,2058,Business Income
11-09-21,Deposit,5600,Business Income
11-09-21,Deposit,985,Business Income
11-09-21,ACH Square Inc 211109 P2,208.6,Business Income
11-09-21,IB INTERNET TRANSFER FROM ACCOUNT *8069,35,Account Transfers
11-09-21,ATM Withdrawal 919 GILMER ST SULPHUR SPRI NT #0759,-60,Owners Draw
11-09-21,Debit Card SUPER HANDY SULPHUR SPRI NT #4349,-18.23,Business Supplies
11-09-21,Debit Card SUPER HANDY SULPHUR SPRI NT #4349,-12.23,Business Supplies
11-09-21,Debit Card SUPER HANDY SULPHUR SPRI NT #4349,-50.19,Business Supplies
11-09-21,Debit Card SUPER HANDY SULPHUR SPRI NT #4349,-16.51,Business Supplies
11-09-21,Debit Card NAPA SULPHUR SPR SULPHUR SPRI NT #4349,-28.49,COGS:Materials & Supplies
11-09-21,Debit Card NAPA SULPHUR SPR SULPHUR SPRI NT #4349,-42.39,COGS:Materials & Supplies
11-09-21,Debit Card BURGERS & FRIES SULPHUR SPRI NT #0759,-23.82,Meals
11-09-21,Debit Card MCDONALD'S F6509 SULPHUR SPGS T #0759,-6.26,Meals
11-09-21,Debit Card GT TOOLS - MATCO 903-272-5787 T #4349,-75,COGS:Materials & Supplies
11-09-21,Debit Card MCDONALD'S F6509 SULPHUR SPGS T #0759,-6.26,Meals
11-09-21,ACH WEX INC FLEET DEBI,-148.13,Vehicle Expenses:Fuel
11-09-21,Cash Roundup Transfer,-5.62,Miscellaneous Expenses
11-09-21,Check 2266,-700,Paid Checks
11-09-21,Check 2267,-100,Paid Checks
11-10-21,Deposit,6500,Business Income
11-10-21,Deposit,9591.77,Business Income
11-10-21,Deposit,1307.5,Business Income
11-10-21,ATM Withdrawal US HWY 271 SOUTH GRANT O #4349,-1004.25,Owners Draw
11-10-21,ATM Withdrawal US HWY 271 SOUTH GRANT O #4349,-1004.25,Owners Draw
11-10-21,Debit Card EVI*CHOCTAW CASI GRANT O #4349,-1037.5,Owners Draw
11-10-21,Debit Card CEFCO #1102 PARI PARIS T #4349,-17.69,Vehicle Expenses:Fuel
11-10-21,Debit Card BROOKSHIR 809 GI SULPHUR SPRI NT #4349,-50.61,Business Supplies
11-10-21,Debit Card SUPER HANDY SULPHUR SPRI NT #4349,-16.51,Business Supplies
11-10-21,Debit Card DONUT SUPREME SULPHUR SPRI NT #0759,-7.45,Owners Draw
11-10-21,Debit Card PIZZA INN - SULP SULPHUR SPRI NT #4349,-28.58,Meals
11-10-21,Debit Card DD DOORDASH SIMP 8559731040 C #4349,-23.95,Meals
11-10-21,Debit Card RRV MANAGEMENT I 903-7844473 T #0759,-54.97,Rent and Lease
11-10-21,Debit Card ALLERGY ENT CLIN ROCKWALL T #0759,-623.32,Owners Draw
11-10-21,Debit Card FIV*AUTOLUBE- BR SULPHUR SPRI NT #4349,-170.88,Vehicle Expenses:Repairs
11-10-21,Debit Card PANDA EXPRESS #2 SULPHUR SPRI NT #0759,-12,Meals
11-10-21,Debit Card DAT SOLUTIONS 80 800-3285302 O #4349,-133.25,Office Expenses:Software
11-10-21,Debit Card AMAZON.COM*FV8DW SEATTLE W #4349,-28.13,Business Supplies
11-10-21,Debit Card MCDONALD'S F6509 SULPHUR SPGS T #0759,-6.26,Meals
11-10-21,Debit Card MCDONALD'S F6509 SULPHUR SPGS T #0759,-9.92,Meals
11-10-21,Debit Card Kindle Unltd*YL9 866-321-8851 W #4349,-10.81,Dues and Subscription
11-10-21,IB INTERNET TRANSFER TO ACCOUNT *1628,-1400,Account Transfers
11-10-21,IB INTERNET TRANSFER TO ACCOUNT *3929,-950,Account Transfers
11-10-21,Cash Roundup Transfer,-6.17,Miscellaneous Expenses
11-10-21,Check 2265,-1000,Paid Checks
11-10-21,Check 2268,-300,Paid Checks
11-10-21,Check 2876,-640,Paid Checks
11-12-21,Debit Card SUPER HANDY SULPHUR SPRI NT #4349,-11.3,Business Supplies
11-12-21,Debit Card JOE BOBS SULPHUR SPRI NT #4349,-10.23,Vehicle Expenses:Fuel
11-12-21,Debit Card DOLLAR-GE DG 017 SULPHUR SPRI NT #4349,-19.9,Business Supplies
11-12-21,Debit Card BROOKSHIR 809 GI SULPHUR SPRI NT #4349,-8.56,Business Supplies
11-12-21,Debit Card SUPER HANDY SULPHUR SPRI NT #4349,-46.17,Business Supplies
11-12-21,Debit Card SUPER HANDY SULPHUR SPRI NT #4349,-24.49,Business Supplies
11-12-21,Debit Card Frontier Communi Irving T #4349,-195.12,Utilities:Internet
11-12-21,Debit Card SUPER HANDY SULPHUR SPRI NT #4349,-21.9,Business Supplies
11-12-21,Debit Card BURKES OUT(800-6 Sulphur Spri nT #0759,-108.54,Owners Draw
11-12-21,Debit Card JOE BOB'S #5 COMO T #4349,-25.03,Owners Draw
11-12-21,Debit Card JOE BOB'S #5 COMO T #4349,-50.15,Owners Draw
11-12-21,Debit Card WALGREENS 1130 S SULPHUR SPRI NT #0759,-25.97,Business Supplies
11-12-21,Debit Card JOE BOBS SULPHUR SPRI NT #4349,-19.36,Vehicle Expenses:Fuel
11-12-21,Debit Card CHICK-FIL-A #041 SULPHUR SPRI NT #4349,-11.45,Meals
11-12-21,Debit Card QT 993 TERRELL T #4349,-7.55,Vehicle Expenses:Fuel
11-12-21,Debit Card MAC TOOLS - GILM GILMER T #4349,-50,COGS:Materials & Supplies
11-12-21,Debit Card MAC TOOLS - GILM GILMER T #4349,-150,COGS:Materials & Supplies
11-12-21,Debit Card DD DOORDASH MCDO 8559731040 C #4349,-13.11,Meals
11-12-21,Debit Card SQ *SS CENTRE FO Sulphur Spri nT #0759,-367,Uncategorized
11-12-21,Debit Card LIBERTY POWER HO 866-7693799 F #4349,-338.86,Utilities:Electricity
11-12-21,Debit Card NAPA SULPHUR SPR SULPHUR SPRI NT #4349,-77.83,COGS:Materials & Supplies
11-12-21,Debit Card NAPA SULPHUR SPR SULPHUR SPRI NT #4349,-6.72,COGS:Materials & Supplies
11-12-21,Debit Card JUAN PABLOS MEX SULPHUR SPRI NT #4349,-85.46,Meals
11-12-21,Debit Card IFOCUS VISION CA SULPHUR SPRI NT #0759,-140,Owners Draw
11-12-21,Debit Card DAIRY QUEEN - 44 SULPHUR SPRI NT #0759,-12.21,Meals
11-12-21,Debit Card NAPA SULPHUR SPR SULPHUR SPRI NT #4349,-12.56,COGS:Materials & Supplies
11-12-21,Debit Card NAPA SULPHUR SPR SULPHUR SPRI NT #4349,-39.48,COGS:Materials & Supplies
11-12-21,Debit Card NAPA SULPHUR SPR SULPHUR SPRI NT #4349,-5.25,COGS:Materials & Supplies
11-12-21,Debit Card NAPA SULPHUR SPR SULPHUR SPRI NT #4349,-4.69,COGS:Materials & Supplies
11-12-21,Debit Card NAPA SULPHUR SPR SULPHUR SPRI NT #4349,-1.26,COGS:Materials & Supplies
11-12-21,Debit Card WHATABURGER 773 SULPHUR SPRI NT #0759,-9.2,Meals
11-12-21,Debit Card MCDONALD'S F6509 SULPHUR SPGS T #0759,-7.56,Meals
11-12-21,Debit Card DD DOORDASH MCDO 8559731040 C #4349,-46.33,Meals
11-12-21,Debit Card DD DOORDASH MCDO 8559731040 C #4349,-15.07,Meals
11-12-21,Debit Card CN GRANT FOOD & GRANT O #4349,-25.6,Meals
11-12-21,Debit Card SQ *NORTHCUTT DO PARIS T #0759,-7.1,Owners Draw
11-12-21,Debit Card CITY OF SULPHUR SULPHUR SPRI NT #4349,-356.45,Utilities:Water
11-12-21,Debit Card MCDONALD'S F6509 SULPHUR SPGS T #0759,-25.15,Meals
11-12-21,Debit Card DD DOORDASH CHIC 8559731040 C #4349,-40.72,Meals
11-12-21,Debit Card AMAZON.COM*2Q7YF SEATTLE W #4349,-7.57,Business Supplies
11-12-21,Debit Card PAYPAL *APPLE.CO San Jose C #4349,-5.4,Financial Fees:Payment Processing
11-12-21,Debit Card AMAZON.COM*ME2NH SEATTLE W #4349,-16.23,Business Supplies
11-12-21,Debit RCR PAYPAL *SPLENDIE 4029357733 C #4349,-18.38,Financial Fees:Payment Processing
11-12-21,Debit RCR CARROLL TIRE 877-822-0009 F #4349,-203.96,COGS:Materials & Supplies
11-12-21,Debit RCR Amazon Prime*WA2 Amzn.com/bil lW #4349,-14.06,Owners Draw
11-12-21,Debit RCR AT&T 1X 8003310500 T #4349,-309.07,Utilities:Phone
11-12-21,Debit RCR PAYPAL *EXPEDIA. 4029357733 W #4349,-147.2,Financial Fees:Payment Processing
11-12-21,Debit RCR NETFLIX COM LOS GATOS C #4349,-19.2,Owners Draw
11-12-21,Debit RCR VZWRLSS*BILL PAY 800-922-0204 F #4349,-154.63,Utilities:Phone
11-12-21,ACH ACUITY INS PREM,-1452.82,Business Insurance
11-12-21,Cash Roundup Transfer,-25.97,Miscellaneous Expenses
11-12-21,Check 2877,-4279.52,Paid Checks
11-12-21,Check 2269,-248.95,Paid Checks
11-15-21,Deposit,5529,Business Income
11-15-21,Deposit,1000,Business Income
11-15-21,ACH Square Inc 211115 P2,83.35,Business Income
11-15-21,IB INTERNET TRANSFER FROM ACCOUNT *8069,35,Account Transfers
11-15-21,ATM Withdrawal US HWY 271 SOUTH GRANT O #4349,-1004.25,Owners Draw
11-15-21,ATM Withdrawal US HWY 271 SOUTH GRANT O #4349,-1004.25,Owners Draw
11-15-21,ATM Withdrawal US HWY 271 SOUTH GRANT O #4349,-1004.25,Owners Draw
11-15-21,ATM Withdrawal US HWY 271 SOUTH GRANT O #4349,-1004.25,Owners Draw
11-15-21,Debit Card WAL-MART #0417 SULPHUR SPRI NT #4349,-112.5,Business Supplies
11-15-21,Debit Card BROOKSHIR 809 GI SULPHUR SPRI NT #4349,-5.98,Business Supplies
11-15-21,Debit Card EVI*CHOCTAW CASI GRANT O #4349,-1037.5,Owners Draw
11-15-21,Debit Card BROOKSHIR 809 GI SULPHUR SPRI NT #4349,-40.3,Business Supplies
11-15-21,Debit Card QT 935 OUTSIDE 2 ROCKWALL T #4349,-50.72,Vehicle Expenses:Fuel
11-15-21,Debit Card QT 935 INSIDE 20 ROCKWALL T #4349,-24.13,Vehicle Expenses:Fuel
11-15-21,Debit Card SUPER HANDY SULPHUR SPRI NT #4349,-20,Business Supplies
11-15-21,Debit Card COLLEGE PAY AMARILLO T #4349,-1,Owners Draw
11-15-21,Debit Card COLLEGE PAY AMARILLO T #4349,-26.25,Owners Draw
11-15-21,Debit Card WENDY'S 11637 SULPHUR SPRI NT #4349,-16.21,Meals
11-15-21,Debit Card SAFETY KLEEN SYS 800-669-5740 M #4349,-102.5,COGS:Materials & Supplies
11-15-21,Debit Card DAIRY QUEEN - 44 SULPHUR SPRI NT #0759,-33.83,Meals
11-15-21,Debit Card NAPA SULPHUR SPR SULPHUR SPRI NT #4349,-15.34,COGS:Materials & Supplies
11-15-21,Debit Card DOMINO'S 6838 972-722-2073 T #4349,-45.66,Meals
11-15-21,Debit Card ERIC JONES SNAP 903-717-0020 T #4349,-100,Owners Draw
11-15-21,Debit Card ERIC JONES SNAP 903-717-0020 T #4349,-310,Owners Draw
11-15-21,Debit Card AMAZON.COM*YY2EN SEATTLE W #4349,-7.07,Business Supplies
11-15-21,Debit Card SQ *NORTHCUTT DO PARIS T #0759,-6.35,Owners Draw
11-15-21,Debit Card DD DOORDASH MCDO 8559731040 C #4349,-16.07,Meals
11-15-21,Debit Card STATE FARM INSU 8009566310 I #4349,-358.77,Business Insurance
11-15-21,Debit Card MCDONALD'S F6509 SULPHUR SPGS T #0759,-9.39,Meals
11-15-21,Debit Card DD DOORDASH MCDO 8559731040 C #4349,-15.07,Meals
11-15-21,Debit Card MCDONALD'S F6509 SULPHUR SPGS T #0759,-6.26,Meals
11-15-21,Debit Card Guaranty Pay Gua Mount Pleasa nT #4349,-80,Owners Draw
11-15-21,Debit RCR CARROLL TIRE 877-822-0009 F #4349,-166.6,COGS:Materials & Supplies
11-15-21,ACH ATMOS ENERGY SGL UTIL PYMT,-70.95,Utilities:Gas
11-15-21,ACH ENGIE RESOURCES 9033486408,-684.58,Utilities:Gas
11-15-21,Cash Roundup Transfer,-11.5,Miscellaneous Expenses
11-15-21,Check 2879,-2500,Paid Checks
11-16-21,Deposit,1650,Business Income
11-16-21,Deposit,200,Business Income
11-16-21,Debit Card SUPER HANDY SULPHUR SPRI NT #4349,-18.93,Business Supplies
11-16-21,Debit Card DOLLAR-GE DG 093 SULPHUR SPRI NT #4349,-7.33,Business Supplies
11-16-21,Debit Card NOYO INC SULPHUR SPRI NT #4349,-8.57,Business Supplies
11-16-21,Debit Card BAHAMA BUCKS ROCKWALL T #4349,-14.81,Owners Draw
11-16-21,Debit Card DD DOORDASH MCDO 8559731040 C #4349,-30.22,Meals
11-16-21,Debit Card GT TOOLS - MATCO 903-272-5787 T #4349,-68.07,COGS:Materials & Supplies
11-16-21,ACH LOANCARE SERV MTG PYMT,-524.73,Owners Draw
11-16-21,ACH WEX INC FLEET DEBI,-148.13,Vehicle Expenses:Fuel
11-16-21,Cash Roundup Transfer,-3.07,Miscellaneous Expenses
11-16-21,Check 2882,-860,Paid Checks
11-16-21,Check 2884,-700,Paid Checks
11-16-21,Check 2886,-400,Paid Checks
11-16-21,Check 2887,-700,Paid Checks
11-17-21,Deposit,2000,Business Income
11-17-21,Debit Card CVS/PHARMACY #07 Sulphur Spri nT #4349,-48.26,Business Supplies
11-17-21,Debit Card SUPER HANDY SULPHUR SPRI NT #4349,-15.1,Business Supplies
11-17-21,Debit Card BROOKSHIR 809 GI SULPHUR SPRI NT #4349,-21.69,Business Supplies
11-17-21,Debit Card SUPER HANDY SULPHUR SPRI NT #4349,-16.78,Business Supplies
11-17-21,Debit Card MURPHY7739ATWALM SULPHUR SPRI NT #4349,-144.41,Vehicle Expenses:Fuel
11-17-21,Debit Card WAL-MART #0417 SULPHUR SPRI NT #4349,-243.98,Business Supplies
11-17-21,Debit Card OLIVE GARDEN 002 ROCKWALL T #4349,-45.9,Meals
11-17-21,Debit Card Prime Video*JP7Y 888-802-3080 W #4349,-9.73,Owners Draw
11-17-21,Debit Card NAPA SULPHUR SPR SULPHUR SPRI NT #4349,-27.54,COGS:Materials & Supplies
11-17-21,Debit Card NAPA SULPHUR SPR SULPHUR SPRI NT #4349,-21.79,COGS:Materials & Supplies
11-17-21,Debit Card PAYPAL *APPLE.CO San Jose C #4349,-2.99,Financial Fees:Payment Processing
11-17-21,Debit Card MCDONALD'S F6509 SULPHUR SPGS T #4349,-6.26,Meals
11-17-21,Debit Card DD DOORDASH MCDO 8559731040 C #4349,-16.07,Meals
11-17-21,Cash Roundup Transfer,-5.5,Miscellaneous Expenses
11-17-21,Check 2881,-1000,Paid Checks
11-17-21,Check 2883,-450,Paid Checks
11-17-21,Check 2885,-300,Paid Checks
11-17-21,Check 2888,-745,Paid Checks
11-18-21,Debit Card KIM'S #4 PALESTINE T #4349,-34.52,Meals
11-18-21,Debit Card KIM'S #4 PALESTINE T #4349,-4.96,Meals
11-18-21,Debit Card MAC TOOLS - GILM GILMER T #4349,-150,COGS:Materials & Supplies
11-18-21,Debit Card CHICKEN EXPRESS- SULPHUR SPRI NT #0759,-11.24,Meals
11-18-21,Debit Card NAPA SULPHUR SPR SULPHUR SPRI NT #4349,-201.34,COGS:Materials & Supplies
11-18-21,Debit Card Guaranty Pay Gua Mount Pleasa nT #4349,-120,Owners Draw
11-18-21,Debit RCR HLU*HULU 1339504 HULU.COM/BIL LC #4349,-96.31,Owners Draw
11-18-21,Debit RCR Peacock E36D2 Pr New York N #4349,-5.4,Owners Draw
11-18-21,Debit RCR Peacock 39C78 Pr New York N #4349,-5.41,Owners Draw
11-18-21,Automatic Loan Pmt LN PyXXXXXX5565 1,-262.87,Loan Payments
11-18-21,Cash Roundup Transfer,-3.82,Miscellaneous Expenses
11-18-21,Check 2880,-100,Paid Checks
11-19-21,Deposit,8470,Business Income
11-19-21,ACH Square Inc 211119 P2,1467.36,Business Income
11-19-21,ATM Withdrawal 3655 NW 87 AVE MIAMI F #4349,-406.5,Owners Draw
11-19-21,ATM Withdrawal 3655 NW 87 AVE MIAMI F #4349,-406.5,Owners Draw
11-19-21,Debit Card HOPKINS COUNTY C CARROLLTON T #4349,-48,Business Supplies
11-19-21,Debit Card HOPKINS CTY CLER CARROLLTON T #4349,-1.2,Business Supplies
11-19-21,Debit Card OLIVE GARDEN 00 SPRING T #4349,-60,Meals
11-19-21,Debit Card NAPA SULPHUR SPR SULPHUR SPRI NT #4349,-16.16,COGS:Materials & Supplies
11-19-21,Debit Card NAPA SULPHUR SPR SULPHUR SPRI NT #4349,-85.32,COGS:Materials & Supplies
11-19-21,Debit Card NAPA SULPHUR SPR SULPHUR SPRI NT #4349,-153.16,COGS:Materials & Supplies
11-19-21,Debit Card GALVESTON WHARVE GALVESTON T #0759,-65,Owners Draw
11-19-21,Cash Roundup Transfer,-3.16,Miscellaneous Expenses
11-19-21,Check 2889,-4007.23,Paid Checks
11-19-21,Check 2343,-50,Paid Checks
11-19-21,Check 2344,-775,Paid Checks
11-19-21,2899,-120,Owners Draw
11-22-21,IB INTERNET TRANSFER FROM ACCOUNT *8069,30,Account Transfers
11-22-21,ATM Withdrawal 3655 NW 87 AVE MIAMI F #4349,-506.5,Owners Draw
11-22-21,ATM Withdrawal 3655 NW 87 AVE MIAMI F #4349,-406.5,Owners Draw
11-22-21,ATM Withdrawal 3655 NW 87 AVE MIAMI F #4349,-406.5,Owners Draw
11-22-21,ATM Withdrawal PANCHOS BACKYARD COZUMEL QROO M #4349,-0.28,Owners Draw
11-22-21,ATM Withdrawal DUFRY MEXICO MYA COZUMEL QROO M #4349,-0.09,Owners Draw
11-22-21,ATM Withdrawal DUFRY MEXICO MYA COZUMEL QROO M #4349,-2.36,Owners Draw
11-22-21,ATM Withdrawal CLIP MX*JOYBAY CIUDAD DE ME XM #4349,-0.44,Owners Draw
11-22-21,ATM Withdrawal CLIP MX*JOYBAY CIUDAD DE ME XM #4349,-0.1,Owners Draw
11-22-21,ATM Withdrawal CLIP MX*JOYBAY CIUDAD DE ME XM #4349,-0.08,Owners Draw
11-22-21,ATM Withdrawal CLIP MX*JOYBAY CIUDAD DE ME XM #4349,-0.02,Owners Draw
11-22-21,ATM Withdrawal THREE AMIGOS COZUMEL SIN M #4349,-0.47,Owners Draw
11-22-21,Debit Card COLLEGE PAY AMARILLO T #4349,-26.25,Owners Draw
11-22-21,Debit Card COLLEGE PAY AMARILLO T #4349,-1,Owners Draw
11-22-21,Debit Card HOTEL GALVEZ AND GALVESTON T #4349,-72.06,Business Travel:Lodging
11-22-21,Debit Card PANCHOS BACKYARD COZUMEL QROO M #4349,-31,Meals
11-22-21,Debit Card DUFRY MEXICO MYA COZUMEL QROO M #4349,-10,Owners Draw
11-22-21,Debit Card DUFRY MEXICO MYA COZUMEL QROO M #4349,-262,Owners Draw
11-22-21,Debit Card CLIP MX*JOYBAY CIUDAD DE ME XM #4349,-48.76,Business Supplies
11-22-21,Debit Card CLIP MX*JOYBAY CIUDAD DE ME XM #4349,-9.14,Business Supplies
11-22-21,Debit Card NAPA SULPHUR SPR SULPHUR SPRI NT #4349,-12.18,COGS:Materials & Supplies
11-22-21,Debit Card NAPA SULPHUR SPR SULPHUR SPRI NT #4349,-28.83,COGS:Materials & Supplies
11-22-21,Debit Card THREE AMIGOS COZUMEL SIN M #4349,-52,Owners Draw
11-22-21,ACH AMEX EPAYMENT ACH PMT ER AM,-2400.74,Business Insurance
11-22-21,Cash Roundup Transfer,-3.78,Miscellaneous Expenses
11-22-21,Check 2893,-900,Paid Checks
11-23-21,Debit Card OPTIMUM OUTCOMES 877-7959819 A #4349,-127.37,Owners Draw
11-23-21,Debit Card CARNIVAL BREEZE MIAMI F #4349,-511.67,Owners Draw
11-23-21,ACH CAPITAL ONE MOBILE PMT F,-1900.2,Owners Draw
11-23-21,"Overdraft Charge 0 1,900.20",-29,Financial Fees:Bank Charges
11-24-21,Deposit,6700,Business Income
11-24-21,ACH WEX INC FLEET FEBI,-148.13,Vehicle Expenses:Fuel
11-24-21,Overdraft Charge 0 127.37,-29,Financial Fees:Bank Charges
11-24-21,Overdraft Charge 0 511.67,-29,Financial Fees:Bank Charges
11-24-21,Overdraft Charge 2895 500.00,-29,Financial Fees:Bank Charges
11-24-21,Overdraft Charge 2892 640.00,-29,Financial Fees:Bank Charges
11-24-21,Overdraft Charge 2891 700.00,-29,Financial Fees:Bank Charges
11-24-21,"Overdraft Charge 2894 1,000.00",-29,Financial Fees:Bank Charges
11-24-21,"Overdraft Charge 2890 3,300.00",-29,Financial Fees:Bank Charges
11-24-21,Overdraft Charge 0 148.13,-29,Financial Fees:Bank Charges
11-24-21,Check 2890,-3300,Paid Checks
11-24-21,Check 2891,-700,Paid Checks
11-24-21,Check 2892,-640,Paid Checks
11-24-21,Check 2894,-1000,Paid Checks
11-24-21,Check 2895,-500,Paid Checks
11-26-21,Deposit,2446.25,Business Income
11-26-21,Overdraft Charge 2878 111.28,-29,Financial Fees:Bank Charges
11-26-21,Overdraft Charge 2896 300.00,-29,Financial Fees:Bank Charges
11-26-21,Overdraft Charge 2897 300.00,-29,Financial Fees:Bank Charges
11-26-21,Check 2878,-111.28,Paid Checks
11-26-21,Check 2896,-300,Paid Checks
11-26-21,Check 2897,-300,Paid Checks
11-29-21,ACH Square Inc 211129 P2,834.85,Business Income
11-29-21,Debit Card REHKOPF FAMILY F SULPHUR SPRI NT #4349,-6.93,Owners Draw
11-29-21,Debit Card SUPER HANDY SULPHUR SPRI NT #4349,-8.18,Business Supplies
11-29-21,Overdraft Charge 2898 103.56,-29,Financial Fees:Bank Charges
11-29-21,Cash Roundup Transfer,-0.89,Miscellaneous Expenses
11-29-21,Check 2898,-103.56,Paid Checks
11-30-21,ACH Square Inc 211130 P2,2364.29,Business Income
11-30-21,Debit Card NAPA SULPHUR SPR SULPHUR SPRI NT #4349,-21,COGS:Materials & Supplies
11-30-21,Debit Card NAPA SULPHUR SPR SULPHUR SPRI NT #4349,-19.62,COGS:Materials & Supplies
11-30-21,Debit Card NAPA SULPHUR SPR SULPHUR SPRI NT #4349,-20.06,COGS:Materials & Supplies
11-30-21,ACH WEX INC FLEET DEBI,-148.13,Vehicle Expenses:Fuel
11-30-21,Cash Roundup Transfer,-1.32,Miscellaneous Expenses
11-30-21,Check 3105,-500,Paid Checks
11-30-21,Check 3107,-200,Paid Checks
12-01-21,ACH Square Inc 211201 P2,1079.88,Business Income
12-01-21,ATM Withdrawal 919 GILMER ST SULPHUR SPRI NT #4349,-600,Owners Draw
12-01-21,Debit Card NAPA SULPHUR SPR SULPHUR SPRI NT #4349,-105.07,COGS:Materials & Supplies
12-01-21,Debit Card NAPA SULPHUR SPR SULPHUR SPRI NT #4349,-12.59,COGS:Materials & Supplies
12-01-21,Debit Card WHATABURGER 773 SULPHUR SPRI NT #4349,-30.1,Meals
12-01-21,Debit Card NAPA SULPHUR SPR SULPHUR SPRI NT #4349,-33.25,COGS:Materials & Supplies
12-01-21,Debit Card NAPA SULPHUR SPR SULPHUR SPRI NT #4349,-4.76,COGS:Materials & Supplies
12-01-21,Debit Card ERIC JONES SNAP 903-717-0020 T #4349,-160,Owners Draw
12-01-21,Debit Card ERIC JONES SNAP 903-717-0020 T #4349,-100,Owners Draw
12-01-21,Debit Card DD DOORDASH SIMP 8559731040 C #0759,-41.51,Meals
12-01-21,Cash Roundup Transfer,-3.72,Miscellaneous Expenses
12-01-21,Check 3104,-450,Paid Checks
12-01-21,Check 3106,-1000,Paid Checks
12-02-21,Deposit,3045.69,Business Income
12-02-21,ACH Square Inc 211202 P2,354.57,Business Income
12-02-21,Debit Card MAC TOOLS - GILM GILMER T #4349,-200,COGS:Materials & Supplies
12-02-21,Debit Card NAPA SULPHUR SPR SULPHUR SPRI NT #4349,-251.62,COGS:Materials & Supplies
12-02-21,IB INTERNET TRANSFER TO ACCOUNT *0851,-400,Account Transfers
12-02-21,IB INTERNET TRANSFER TO ACCOUNT *9922,-450,Account Transfers
12-02-21,Overdraft Charge 3108 700.00,-29,Financial Fees:Bank Charges
12-02-21,Cash Roundup Transfer,-0.38,Miscellaneous Expenses
12-02-21,Check 3108,-700,Paid Checks
12-03-21,Deposit,2000,Business Income
12-03-21,Deposit,4858.75,Business Income
12-03-21,ACH Square Inc 211203 P2,517.67,Business Income
12-03-21,Debit Card Rev NAPA SULPHUR SPR SULPHUR SPRI NT #4349,31.05,COGS:Materials & Supplies
12-03-21,Debit Card JOE BOB'S #5 COMO T #4349,-56.78,Owners Draw
12-03-21,Debit Card BROOKSHIR 809 GI SULPHUR SPRI NT #0759,-42.74,Business Supplies
12-03-21,Debit Card COLLEGE PAY AMARILLO T #4349,-26.25,Owners Draw
12-03-21,Debit Card COLLEGE PAY AMARILLO T #4349,-1,Owners Draw
12-03-21,Debit Card NAPA SULPHUR SPR SULPHUR SPRI NT #4349,-4.32,COGS:Materials & Supplies
12-03-21,Debit Card NAPA SULPHUR SPR SULPHUR SPRI NT #4349,-309.94,COGS:Materials & Supplies
12-03-21,Debit Card NAPA SULPHUR SPR SULPHUR SPRI NT #4349,-18.23,COGS:Materials & Supplies
12-03-21,Debit Card MCDONALD'S F6509 SULPHUR SPGS T #0759,-14.9,Meals
12-03-21,ACH 86301 CHESAPEAKE PAYMENT INSURANCE,-115,Business Insurance
12-03-21,ACH AMEX EPAYMENT ACH PMT ER AM,-150,Business Insurance
12-03-21,ACH Synchrony Bank CC PYMT,-286,Owners Draw
12-03-21,Cash Roundup Transfer,-2.84,Miscellaneous Expenses
12-03-21,Check 3110,-4126.54,Paid Checks
12-03-21,Check 3111,-3400,Paid Checks
12-06-21,Deposit,4020.79,Business Income
12-06-21,IB INTERNET TRANSFER FROM ACCOUNT *8069,13,Account Transfers
12-06-21,ATM Withdrawal US HWY 271 SOUTH GRANT O #4349,-1004.25,Owners Draw
12-06-21,ATM Withdrawal US HWY 271 SOUTH GRANT O #4349,-1004.25,Owners Draw
12-06-21,ATM Withdrawal US HWY 271 SOUTH GRANT O #4349,-1004.25,Owners Draw
12-06-21,Debit Card SHELL SERVICE S SULPHUR SPRI NT #4349,-45.58,Vehicle Expenses:Fuel
12-06-21,Debit Card QT 7223 INSIDE BOSSIER CITY L #4349,-5.21,Vehicle Expenses:Fuel
12-06-21,Debit Card WHATABURGER 773 SULPHUR SPRI NT #0759,-25.33,Meals
12-06-21,Debit Card SAND HILLS GOLF CAMPBELL T #0759,-5.25,Owners Draw
12-06-21,Debit Card WINDHAM PROS-FIC 800-969-0059 N #4349,-125,Legal & Professional Services
12-06-21,Debit Card AMAZON.COM*CA2CX SEATTLE W #4349,-14.88,Business Supplies
12-06-21,Debit Card ERIC JONES SNAP 903-717-0020 T #4349,-150,Owners Draw
12-06-21,Debit Card ERIC JONES SNAP 903-717-0020 T #4349,-100,Owners Draw
12-06-21,Debit Card SQ *NORTHCUTT DO PARIS T #0759,-14.19,Owners Draw
12-06-21,Debit Card AMAZON.COM*PF3S5 SEATTLE W #4349,-625.66,Business Supplies
12-06-21,Debit Card DD DOORDASH MAAK 8559731040 C #0759,-33.66,Meals
12-06-21,Debit Card DD DOORDASH SONI 8559731040 C #0759,-47.17,Meals
12-06-21,Debit Card DD DOORDASH MCDO 8559731040 C #4349,-49.52,Meals
12-06-21,Debit Card MCDONALD'S F6509 SULPHUR SPGS T #0759,-6.26,Meals
12-06-21,Debit Card Guaranty Pay Gua Mount Pleasa nT #4349,-20,Owners Draw
12-06-21,Debit RCR Disney PLUS Burbank C #4349,-8.63,Owners Draw
12-06-21,Debit RCR APPLE.COM/BILL 866-712-7753 C #4349,-5.4,Owners Draw
12-06-21,Cash Roundup Transfer,-7.26,Miscellaneous Expenses
12-07-21,Deposit,1786,Business Income
12-07-21,ACH AMEX EPAYMENT ACH PMT EF AM,-750,Business Insurance
12-07-21,ACH AM INCOME LIFE INS.PREM 800-433-3405,-22.98,Owners Draw
12-07-21,ACH AM INCOME LIFE INS.PREM 800-433-3405,-76.53,Owners Draw
12-07-21,ACH WEX INC FLEET DEBI,-148.13,Vehicle Expenses:Fuel
12-07-21,Overdraft Charge 3112 880.00,-29,Financial Fees:Bank Charges
12-07-21,Overdraft Charge 0 750.00,-29,Financial Fees:Bank Charges
12-07-21,Check 3112,-880,Paid Checks
12-08-21,Deposit,2000,Business Income
12-08-21,Overdraft Charge 3115 700.00,-29,Financial Fees:Bank Charges
12-08-21,Overdraft Charge 0 148.13,-29,Financial Fees:Bank Charges
12-08-21,Check 3113,-500,Paid Checks
12-08-21,Check 3114,-250,Paid Checks
12-08-21,Check 3115,-700,Paid Checks
12-08-21,Check 3117,-300,Paid Checks
12-09-21,"Overdraft Charge 3116 1,000.00",-29,Financial Fees:Bank Charges
12-09-21,Check 3116,-1000,Paid Checks
12-10-21,Deposit,9859.5,Business Income
12-10-21,Withdrawal,-1530,Owners Draw
12-10-21,Check 3118,-5506.01,Paid Checks
12-13-21,ACH AUTO RENTALS INC ACH PAYMNT IV15452 4307824 000000000026757000000000026757000000000000000,450.49,Other Business Income
12-13-21,ACH Square Inc 211213 P2,953.45,Business Income
12-13-21,Debit Card SUPER HANDY SULPHUR SPRI NT #4349,-9.76,Business Supplies
12-13-21,Debit Card JOE BOB'S #4 SULPHUR SPRI NT #4349,-10.79,Owners Draw
12-13-21,Debit Card SUPER HANDY SULPHUR SPRI NT #4349,-18.66,Business Supplies
12-13-21,Debit Card SUPER HANDY SULPHUR SPRI NT #4349,-11.38,Business Supplies
12-13-21,Debit Card NOYO INC SULPHUR SPRI NT #4349,-17.05,Business Supplies
12-13-21,Debit Card SUPER HANDY SULPHUR SPRI NT #4349,-10.36,Business Supplies
12-13-21,Debit Card BROOKSHIR 809 GI SULPHUR SPRI NT #4349,-97.02,Business Supplies
12-13-21,Debit Card BODACIOUS BBQ SULPHUR SPRI NT #4349,-11.31,Meals
12-13-21,Debit Card WHATABURGER 773 SULPHUR SPRI NT #0759,-6.82,Meals
12-13-21,Debit Card WHATABURGER 773 SULPHUR SPRI NT #0759,-20.44,Meals
12-13-21,Debit Card AMAZON.COM*H825P SEATTLE W #4349,-70.34,Business Supplies
12-13-21,Debit Card CHILI'S SULPHUR SULPHUR SPRI NT #4349,-52.05,Meals
12-13-21,Debit Card AMAZON.COM*8H0NV SEATTLE W #4349,-7.99,Business Supplies
12-13-21,Debit Card MCDONALD'S F6509 SULPHUR SPRI NT #0759,-18.58,Meals
12-13-21,Debit Card DD DOORDASH MCDO 8559731040 C #4349,-79.32,Meals
12-13-21,Debit Card PAYPAL *APPLE.CO San Jose C #4349,-5.4,Financial Fees:Payment Processing
12-13-21,Debit Card Prime Video*D20K 888-802-3080 W #4349,-4.32,Owners Draw
12-13-21,Debit Card MCDONALD'S F6509 SULPHUR SPRI NT #0759,-3.13,Meals
12-13-21,Debit RCR CARROLL TIRE 877-822-0009 F #4349,-1005.74,COGS:Materials & Supplies
12-13-21,Debit RCR Amazon Prime*B64 Amzn.com/bil lW #4349,-14.06,Owners Draw
12-13-21,Debit RCR NETFLIX COM LOS GATOS C #4349,-19.2,Owners Draw
12-13-21,ACH CAPITAL ONE MOBILE PMT,-125,Owners Draw
12-13-21,Cash Roundup Transfer,-12.28,Miscellaneous Expenses
12-14-21,Deposit,500,Business Income
12-14-21,Debit Card SUPER HANDY SULPHUR SPRI NT #4349,-18.23,Business Supplies
12-14-21,Debit Card TACO BELL 009540 SULPHUR SPRI NT #4349,-32,Meals
12-14-21,Debit Card IFOCUS VISION CA SULPHUR SPRI NT #0759,-44.16,Owners Draw
12-14-21,Debit Card MCDONALD'S F6509 SULPHUR SPRI NT #4349,-6.26,Meals
12-14-21,Debit Card DD DOORDASH MCDO 8559731040 C #4349,-17.75,Meals
12-14-21,Debit Card DD DOORDASH MCDO 8559731040 C #4349,-32.37,Meals
12-14-21,ACH AMEX EPAYMENT ACH PMT ER AM,-450,Business Insurance
12-14-21,ACH AMEX EPAYMENT ACH PMT ER AM,-450,Business Insurance
12-14-21,ACH WEX INC FLEET DEBI,-148.13,Vehicle Expenses:Fuel
12-14-21,Check 3122,-600,Paid Checks
12-14-21,Check 3120,-700,Paid Checks
12-15-21,Deposit,1500,Business Income
12-15-21,Deposit,3500,Business Income
12-15-21,ACH Square Inc 211215 P2,1566.78,Business Income
12-15-21,Debit Card SQ *NORTHCUTT DO PARIS T #4349,-10.9,Owners Draw
12-15-21,Overdraft Charge 0 148.13,-29,Financial Fees:Bank Charges
12-15-21,Overdraft Charge 0 450.00,-29,Financial Fees:Bank Charges
12-15-21,Cash Roundup Transfer,-0.1,Miscellaneous Expenses
12-15-21,Check 3119,-450,Paid Checks
12-15-21,3121,-1000,Paid Checks
12-16-21,Deposit,400.21,Business Income
12-16-21,ACH Square Inc 211216 P2,516.78,Business Income
12-16-21,Debit Card HALL OIL COMPANY SULPHUR SPRI NT #4349,-105,Vehicle Expenses:Fuel
12-16-21,Debit Card LIBERTY POWER HO 866-7693799 F #4349,-180.9,Utilities:Electricity
12-16-21,Debit Card AMAZON.COM*WE1T8 SEATTLE W #4349,-659.78,Business Supplies
12-16-21,Debit Card MCDONALD'S F6509 SULPHUR SPRI NT #4349,-6.26,Meals
12-16-21,Debit Card AMAZON.COM*SN163 SEATTLE W #4349,-34.63,Business Supplies
12-16-21,Cash Roundup Transfer,-1.43,Miscellaneous Expenses
12-16-21,Check 3123,-300,Paid Checks
12-17-21,Deposit,4943.5,Business Income
12-17-21,Debit Card JOE BOB'S #5 COMO T #4349,-11,Owners Draw
12-17-21,Debit Card ATWOOD SULPHUR S SULPHUR SPRI NT #4349,-38.44,COGS:Materials & Supplies
12-17-21,Debit Card ATWOOD SULPHUR S SULPHUR SPRI NT #4349,-76.76,COGS:Materials & Supplies
12-17-21,Debit Card Prime Video*HD4Q 888-802-3080 W #4349,-9.73,Owners Draw
12-17-21,Debit Card SQ *SS CENTRE FO Sulphur Spri nT #0759,-220,Uncategorized
12-17-21,Debit Card SONIC DRIVE IN # BELLS T #4349,-10.47,Meals
12-17-21,Debit Card ERIC JONES SNAP 903-717-0020 T #4349,-150,Owners Draw
12-17-21,Debit Card ERIC JONES SNAP 903-717-0020 T #4349,-100,Owners Draw
12-17-21,Debit Card Prime Video*KK9F 888-802-3080 W #4349,-4.32,Owners Draw
12-17-21,Debit Card PAYPAL *APPLE.CO San Jose C #4349,-2.99,Financial Fees:Payment Processing
12-17-21,Debit Card Guaranty Pay Gua Mount Pleasa nT #4349,-100,Owners Draw
12-17-21,IB INTERNET TRANSFER TO ACCOUNT *1628,-1400,Account Transfers
12-17-21,IB INTERNET TRANSFER TO ACCOUNT *3929,-950,Account Transfers
12-17-21,Withdrawal,-400,Owners Draw
12-17-21,ACH ACUITY INS PREM,-1452.82,Business Insurance
12-17-21,Cash Roundup Transfer,-2.29,Miscellaneous Expenses
12-17-21,Check 2345,-775,Paid Checks
12-20-21,Deposit,1700,Business Income
12-20-21,Deposit,367.73,Business Income
12-20-21,Debit Card BROOKSHIR 809 GI SULPHUR SPRI NT #4349,-73.8,Business Supplies
12-20-21,Debit Card SUPER HANDY SULPHUR SPRI NT #4349,-24.33,Business Supplies
12-20-21,Debit Card SUPER HANDY SULPHUR SPRI NT #4349,-50.01,Business Supplies
12-20-21,Debit Card SUPER HANDY SULPHUR SPRI NT #4349,-15.1,Business Supplies
12-20-21,Debit Card FIVE BELO 1047 E ROCKWALL T #4349,-94.23,Owners Draw
12-20-21,Debit Card SUPER HANDY 7 SULPHUR SPRI NT #4349,-23.51,Business Supplies
12-20-21,Debit Card THE ESCAPE GAME GRAPEVINE T #4349,-73.59,Owners Draw
12-20-21,Debit Card HALL OIL COMPANY SULPHUR SPRI NT #4349,-262.51,Vehicle Expenses:Fuel
12-20-21,Debit Card TOKYO EXPRESS COMMERCE T #0759,-60,Meals
12-20-21,Debit Card DAIRY QUEEN #146 SULPHUR SPRI NT #4349,-32.01,Meals
12-20-21,Debit Card OLIVE GARDEN 00 ROCKWALL T #4349,-70,Meals
12-20-21,Debit Card DAIRY QUEEN - 44 SULPHUR SPRI NT #0759,-4.54,Meals
12-20-21,Debit Card BIG SMITH BAR-B- SULPHUR SPRI NT #4349,-145,Meals
12-20-21,Debit Card BAHAMA BUCKS ROCKWALL T #0759,-13.62,Owners Draw
12-20-21,Debit Card MCDONALD'S F6509 SULPHUR SPRI NT #0759,-6.26,Meals
12-20-21,Debit Card PANIQ ROOM DALLA 3109472847 T #4349,-62.04,Owners Draw
12-20-21,Debit Card SQ *NORTHCUTT DO PARIS T #0759,-12.15,Owners Draw
12-20-21,Debit Card MCDONALD'S F6509 SULPHUR SPRI NT #0759,-6.26,Meals
12-20-21,Debit Card AMAZON.COM*PH9SF SEATTLE W #4349,-50,Business Supplies
12-20-21,Debit RCR HLU*HULU 1339504 HULU.COM/BIL LC #4349,-96.31,Owners Draw
12-20-21,Debit RCR NBC Peacock New Y oN #4349,-5.4,Owners Draw
12-20-21,Debit RCR Peacock 1FA05 Pr New York N #4349,-5.41,Owners Draw
12-20-21,Automatic Loan Pmt LN PyXXXXXX5565 1,-262.87,Loan Payments
12-20-21,ACH AMEX EPAYMENT ACH PMT ER AM,-300,Business Insurance
12-20-21,Cash Roundup Transfer,-11.92,Miscellaneous Expenses
12-21-21,ACH Square Inc 211221 P2,402.72,Business Income
12-21-21,Debit Card BROOKSHIR 809 GI SULPHUR SPRI NT #4349,-14.17,Business Supplies
12-21-21,Debit Card SUPER HANDY SULPHUR SPRI NT #4349,-16.78,Business Supplies
12-21-21,Debit Card MCDONALD'S F6509 SULPHUR SPRI NT #0759,-6.26,Meals
12-21-21,Debit Card GT TOOLS - MATCO 903-272-5787 T #4349,-50,COGS:Materials & Supplies
12-21-21,Debit Card DD DOORDASH MCDO 8559731040 C #4349,-12.56,Meals
12-21-21,ACH DELUXE CHECK CHECK/ACC,-51,Paid Checks
12-21-21,ACH WEX INC FLEET DEBI,-148.13,Vehicle Expenses:Fuel
12-21-21,Cash Roundup Transfer,-2.23,Miscellaneous Expenses
12-21-21,Check 3124,-932.94,Paid Checks
12-21-21,Check 3225,-240,Paid Checks
12-21-21,Check 3227,-700,Paid Checks
12-21-21,Check 3228,-900,Paid Checks
12-22-21,Deposit,1800,Business Income
12-22-21,Deposit,500,Business Income
12-22-21,ATM Withdrawal 919 GILMER ST SULPHUR SPRI NT #0759,-300,Owners Draw
12-22-21,Debit Card PIZZA HUT 027529 8178738220 T #4349,-99.94,Meals
12-22-21,Debit Card DD DOORDASH MCDO 8559731040 C #4349,-12.56,Meals
12-22-21,Debit Card DAIRY QUEEN - 44 SULPHUR SPRI NT #4349,-25.94,Meals
12-22-21,Debit Card ERIC JONES SNAP 903-717-0020 T #4349,-100,Owners Draw
12-22-21,Debit RCR AT&T 1X 8003310500 T #4349,-350.41,Utilities:Phone
12-22-21,Cash Roundup Transfer,-1.15,Miscellaneous Expenses
12-22-21,Check 3226,-1000,Paid Checks
12-22-21,Check 3230,-300,Paid Checks
12-22-21,Check 3231,-150,Paid Checks
12-23-21,Deposit,1250,Business Income
12-23-21,Debit Card SUPER HANDY SULPHUR SPRI NT #4349,-21.41,Business Supplies
12-23-21,Debit Card SUPER HANDY 7 SULPHUR SPRI NT #4349,-10.19,Business Supplies
12-23-21,Debit Card OPTIMUM OUTCOMES 877-7959819 A #4349,-127.37,Owners Draw
12-23-21,Debit Card MAC TOOLS - GILM GILMER T #4349,-150,COGS:Materials & Supplies
12-23-21,Debit Card RED RIVER CU-SUL SULPHUR SPRI NT #4349,-274,Owners Draw
12-23-21,Cash Roundup Transfer,-2.03,Miscellaneous Expenses
12-23-21,Check 3229,-600,Paid Checks
12-24-21,Deposit,2821,Business Income
12-24-21,ACH Square Inc 211224 P2,314.91,Business Income
12-24-21,Debit Card BROOKSHIR 809 GI SULPHUR SPRI NT #4349,-19.65,Business Supplies
12-24-21,Debit Card SHELL SERVICE S SULPHUR SPRI NT #4349,-19.76,Vehicle Expenses:Fuel
12-24-21,Debit Card SUPER HANDY SULPHUR SPRI NT #4349,-35,Business Supplies
12-24-21,Debit Card DD DOORDASH MCDO 8559731040 C #4349,-19.54,Meals
12-24-21,ACH AMEX EPAYMENT ACH PMT ER AM,-250,Business Insurance
12-24-21,ACH CAPITAL ONE MOBILE PMT,-150,Owners Draw
12-24-21,Cash Roundup Transfer,-1.05,Miscellaneous Expenses
12-27-21,Debit Card BROOKSHIR 809 GI SULPHUR SPRI NT #0759,-46.46,Business Supplies
12-27-21,Debit Card BROOKSHIR 809 GI SULPHUR SPRI NT #0759,-46.01,Business Supplies
12-27-21,Debit Card SUPER HANDY SULPHUR SPRI NT #4349,-50.13,Business Supplies
12-27-21,Debit Card SUPER HANDY SULPHUR SPRI NT #4349,-21.09,Business Supplies
12-27-21,Debit Card DD DOORDASH MCDO 8559731040 C #4349,-12.56,Meals
12-27-21,Debit Card Amazon Kids+*SU8 888-802-3080 W #4349,-7.45,Owners Draw
12-27-21,Debit Card ATT STADIUM CONC ARLINGTON T #4349,-14.79,Owners Draw
12-27-21,Debit Card ATT STADIUM CONC ARLINGTON T #4349,-25.45,Owners Draw
12-27-21,Debit Card ATT STADIUM CONC ARLINGTON T #4349,-36.98,Owners Draw
12-27-21,Debit Card MCDONALD'S F6509 SULPHUR SPRI NT #0759,-30.46,Meals
12-27-21,Debit RCR CARROLL TIRE 877-822-0009 F #4349,-585.8,COGS:Materials & Supplies
12-27-21,Debit RCR Disney PLUS Burbank C #4349,-8.63,Owners Draw
12-27-21,IB INTERNET TRANSFER TO ACCOUNT *0851,-375,Account Transfers
12-27-21,ACH AMEX EPAYMENT ACH PMT ER AM,-300,Business Insurance
12-27-21,Cash Roundup Transfer,-6.19,Miscellaneous Expenses
12-27-21,Check 2348,-288.92,Paid Checks
12-27-21,Check 3234,-1000,Paid Checks
12-28-21,Deposit,1000,Business Income
12-28-21,Deposit,535.31,Business Income
12-28-21,IB INTERNET TRANSFER FROM ACCOUNT *8069,48,Account Transfers
12-28-21,Debit Card SUPER HANDY SULPHUR SPRI NT #4349,-18.5,Business Supplies
12-28-21,Debit Card SUPER HANDY SULPHUR SPRI NT #4349,-16.78,Business Supplies
12-28-21,Debit Card RANGERS BASEBALL ARLINGTON T #0759,-50,Owners Draw
12-28-21,Debit Card MCDONALD'S F6509 SULPHUR SPRI NT #4349,-6.26,Meals
12-28-21,ACH WEX INC FLEET DEBI,-148.13,Vehicle Expenses:Fuel
12-28-21,Cash Roundup Transfer,-1.46,Miscellaneous Expenses
12-28-21,Check 3233,-300,Paid Checks
12-28-21,Check 3235,-1000,Paid Checks
12-28-21,Check 3237,-700,Paid Checks
12-29-21,Deposit,603.12,Business Income
12-29-21,Debit Card BROOKSHIR 809 GI SULPHUR SPRI NT #4349,-63.81,Business Supplies
12-29-21,Debit Card JOE BOBS #2 SULPHUR SPRI NT #4349,-8.57,Vehicle Expenses:Fuel
12-29-21,Debit Card SUPER HANDY SULPHUR SPRI NT #4349,-20.44,Business Supplies
12-29-21,Debit Card BODACIOUS BBQ SULPHUR SPRI NT #4349,-10,Meals
12-29-21,Debit Card PIZZA INN - SULP SULPHUR SPRI NT #4349,-21.63,Meals
12-29-21,Debit Card ERIC JONES SNAP 903-717-0020 T #4349,-100,Owners Draw
12-29-21,Debit Card DD DOORDASH MCDO 8559731040 C #4349,-19.54,Meals
12-29-21,Check 3232,-282.79,Paid Checks
12-29-21,Check 3236,-600,Paid Checks
12-30-21,Deposit,541.25,Business Income
12-30-21,Debit Card DD DOORDASH MCDO 8559731040 C #4349,-12.56,Meals
12-30-21,ACH AMEX EPAYMENT ACH PMT ER AM,-300,Business Insurance
12-30-21,Overdraft Charge 3236 600.00,-29,Financial Fees:Bank Charges
12-30-21,Cash Roundup Transfer,-0.44,Miscellaneous Expenses